id_departamento,departamento,id_municipio,municipio,id_localidad,localidad,año_servicio,mes_servicio,energia_activa,energia_reactiva,potencia_maxima,dia_demanda_maxima,fecha_demanda_maxima,promedio_diario_horas
91,AMAZONAS,91001,LETICIA,91001000,LETICIA (LETICIA - AMAZONAS),2020,1,10.326,8.475,60.0,lunes,2020 Jan 27 02:15:00 PM,24.0
91,AMAZONAS,91540,PUERTO NARIÑO,91540000,PUERTO NARIÑO (PUERTO NARIÑO - AMAZONAS),2020,1,103.897,36.304,60.0,miércoles,2020 Jan 22 07:15:00 PM,24.0
91,AMAZONAS,91798,TARAPACÁ (ANM),91798000,TARAPACÁ (TARAPACÁ (ANM) - AMAZONAS),2020,1,22.864,9.277,60.0,jueves,2020 Jan 30 07:30:00 PM,24.0
5,ANTIOQUIA,5873,VIGÍA DEL FUERTE,5873001,SAN ANTONIO DE PADUA (VIGÍA DEL FUERTE - ANTIOQUIA),2020,1,5.617,1.381,60.0,jueves,2020 Jan 23 07:45:00 PM,24.0
5,ANTIOQUIA,5873,VIGÍA DEL FUERTE,5873002,VEGÁEZ (VIGÍA DEL FUERTE - ANTIOQUIA),2020,1,2.217,539.0,60.0,miércoles,2020 Jan 29 07:45:00 PM,24.0
5,ANTIOQUIA,5873,VIGÍA DEL FUERTE,5873000,VIGÍA DEL FUERTE (VIGÍA DEL FUERTE - ANTIOQUIA),2020,1,64.137,28.058,60.0,jueves,2020 Jan 23 09:45:00 PM,24.0
88,"ARCHIPIÉLAGO DE SAN ANDRÉS, PROVIDENCIA Y SANTA CATALINA",88564,PROVIDENCIA,88564000,PROVIDENCIA (PROVIDENCIA - ARCHIPIÉLAGO DE SAN ANDRÉS Y PROVIDENCIA),2020,1,982.117,337.077,60.0,viernes,2020 Jan 03 07:30:00 PM,24.0
88,"ARCHIPIÉLAGO DE SAN ANDRÉS, PROVIDENCIA Y SANTA CATALINA",88001,SAN ANDRÉS,88001000,SAN ANDRÉS (SAN ANDRÉS - ARCHIPIÉLAGO DE SAN ANDRÉS Y PROVIDENCIA),2020,1,10.326,8.475,60.0,viernes,2020 Jan 03 03:45:00 PM,24.0
13,BOLÍVAR,13001,CARTAGENA DE INDIAS,13001007,ISLA FUERTE (CARTAGENA DE INDIAS - BOLÍVAR),2020,1,16.797,8.887,60.0,sábado,2020 Jan 04 03:30:00 PM,24.0
13,BOLÍVAR,13001,CARTAGENA DE INDIAS,13001037,ISLA MÚCURA (CARTAGENA DE INDIAS - BOLÍVAR),2020,1,10.188,4.396,60.0,sábado,2020 Jan 04 09:45:00 PM,24.0
13,BOLÍVAR,13001,CARTAGENA DE INDIAS,13001017,SANTA CRUZ DEL ISLOTE (CARTAGENA DE INDIAS - BOLÍVAR),2020,1,13.187,4.523,60.0,sábado,2020 Jan 11 10:15:00 PM,24.0
18,CAQUETÁ,18150,CARTAGENA DEL CHAIRÁ,18150001,REMOLINO DEL CAGUÁN (CARTAGENA DEL CHAIRA - CAQUETÁ),2020,1,15.966,7.544,60.0,sábado,2020 Jan 25 06:45:00 PM,24.0
18,CAQUETÁ,18753,SAN VICENTE DEL CAGUÁN,18753002,GUACAMAYAS (SAN VICENTE DEL CAGUÁN - CAQUETÁ),2020,1,12.554,6.147,60.0,viernes,2020 Jan 03 07:30:00 PM,24.0
85,CASANARE,85430,TRINIDAD,85430001,BOCAS DEL PAUTO (TRINIDAD - CASANARE),2020,1,13.1,7.33,60.0,jueves,2020 Jan 30 07:00:00 PM,24.0
19,CAUCA,19418,LÓPEZ DE MICAY,19418011,DOS QUEBRADAS RÍO NAYA (LÓPEZ DE MICAY - CAUCA),2020,1,2.09,537.0,60.0,sábado,2020 Jan 04 06:45:00 PM,24.0
19,CAUCA,19418,LÓPEZ DE MICAY,19418038,ISLA DE GALLO (LÓPEZ DE MICAY - CAUCA),2020,1,2.545,788.0,60.0,viernes,2020 Jan 10 06:45:00 PM,24.0
19,CAUCA,19418,LÓPEZ DE MICAY,19418009,NOANAMITO (LÓPEZ DE MICAY - CAUCA),2020,1,4.271,2.127,32.0,viernes,2020 Jan 31 08:45:00 PM,24.0
19,CAUCA,19418,LÓPEZ DE MICAY,19418012,SAN ANTONIO DE CHUARÉ (LÓPEZ DE MICAY - CAUCA),2020,1,6.552,1.861,60.0,lunes,2020 Jan 27 07:15:00 PM,24.0
19,CAUCA,19418,LÓPEZ DE MICAY,19418019,ZARAGOZA (LOPEZ DE MICAY - CAUCA),2020,1,5.843,2.375,60.0,martes,2020 Jan 21 07:15:00 PM,24.0
19,CAUCA,19809,TIMBIQUÍ,19809014,CHACÓN (TIMBIQUÍ - CAUCA),2020,1,3.53,625.0,60.0,miércoles,2020 Jan 15 06:45:00 PM,24.0
19,CAUCA,19809,TIMBIQUÍ,19809010,COMUNIDAD DE CHETE (TIMBIQUÍ - CAUCA),2020,1,2.093,617.0,60.0,domingo,2020 Jan 19 07:30:00 PM,24.0
19,CAUCA,19809,TIMBIQUÍ,19809003,COTEJE (TIMBIQUÍ - CAUCA),2020,1,5.137,3.129,60.0,sábado,2020 Jan 18 07:45:00 PM,24.0
19,CAUCA,19809,TIMBIQUÍ,19809026,LOS BRAZOS (TIMBIQUÍ - CAUCA),2020,1,9.464,1.581,60.0,miércoles,2020 Jan 29 07:45:00 PM,24.0
19,CAUCA,19809,TIMBIQUÍ,19809023,PUERTO SAIJA (TIMBIQUÍ - CAUCA),2020,1,30.165,10.63,60.0,domingo,2020 Jan 19 07:15:00 PM,24.0
19,CAUCA,19809,TIMBIQUÍ,19809007,SAN JOSÉ (TIMBIQUÍ - CAUCA),2020,1,6.346,3.46,60.0,sábado,2020 Jan 25 08:30:00 PM,24.0
19,CAUCA,19809,TIMBIQUÍ,19809008,SANTA MARÍA (TIMBIQUÍ - CAUCA),2020,1,12.368,4.382,60.0,martes,2020 Jan 28 07:30:00 PM,24.0
19,CAUCA,19809,TIMBIQUÍ,19809009,SANTA ROSA DE SAIJA (TIMBIQUÍ - CAUCA),2020,1,2.41,671.0,60.0,martes,2020 Jan 28 07:30:00 PM,24.0
27,CHOCÓ,27006,ACANDÍ,27006000,ACANDÍ (ACANDÍ - CHOCÓ),2020,1,418.615,191.068,60.0,viernes,2020 Jan 17 08:45:00 PM,24.0
27,CHOCÓ,27006,ACANDÍ,27006003,CAPURGANÁ (ACANDÍ - CHOCO),2020,1,296.137,107.67,60.0,viernes,2020 Jan 03 06:30:00 PM,24.0
27,CHOCÓ,27025,ALTO BAUDÓ (PIE DE PATO),27025000,CIUDAD BAUDÓ - PIE DE PATO (ALTO BAUDÓ - CHOCÓ),2020,1,32.654,8.739,60.0,martes,2020 Jan 21 07:15:00 PM,24.0
27,CHOCÓ,27075,BAHÍA SOLANO (MUTIS),27075000,CIUDAD MUTIS (BAHÍA SOLANO - CHOCÓ),2020,1,611.938,224.941,60.0,viernes,2020 Jan 17 08:15:00 PM,24.0
27,CHOCÓ,27075,BAHÍA SOLANO (MUTIS),27075002,EL VALLE (BAHÍA SOLANO - CHOCÓ),2020,1,150.66,70.006,60.0,viernes,2020 Jan 31 07:15:00 PM,24.0
27,CHOCÓ,27075,BAHÍA SOLANO (MUTIS),27075001,CUPICA (BAHÍA SOLANO - CHOCÓ),2020,1,57.963,25.684,60.0,sábado,2020 Jan 04 07:15:00 PM,24.0
27,CHOCÓ,27077,BAJO BAUDÓ (PIZARRO),27077000,PIZARRO (BAJO BAUDÓ (PIZARRO) - CHOCÓ),2020,1,186.716,83.63,60.0,viernes,2020 Jan 17 07:30:00 PM,24.0
27,CHOCÓ,27099,BOJAYÁ (BELLAVISTA),27099000,BELLAVISTA (BOJAYÁ (BELLAVISTA) - CHOCÓ),2020,1,79.288,28.402,60.0,sábado,2020 Jan 18 07:45:00 PM,24.0
27,CHOCÓ,27099,BOJAYÁ (BELLAVISTA),27099002,LA LOMA DE BOJAYÁ (BOJAYÁ (BELLAVISTA) - CHOCÓ),2020,1,13.519,5.124,60.0,domingo,2020 Jan 19 07:15:00 PM,24.0
27,CHOCÓ,27099,BOJAYÁ (BELLAVISTA),27099008,PUERTO CONTO (BOJAYÁ (BELLAVISTA) - CHOCO),2020,1,4.355,1.136,60.0,viernes,2020 Jan 31 08:45:00 PM,24.0
27,CHOCÓ,27250,EL LITORAL DEL SAN JUAN,27250000,SANTA GENOVEVA DE DOCORDÓ (EL LITORAL DEL SAN JUAN - CHOCÓ),2020,1,70.549,36.589,60.0,lunes,2020 Jan 27 07:45:00 PM,24.0
27,CHOCÓ,27425,MEDIO ATRATO (BETÉ),27425000,BETÉ (MEDIO ATRATO (BETÉ) - CHOCÓ),2020,1,7.336,2.747,84.0,viernes,2020 Jan 31 07:45:00 PM,24.0
27,CHOCÓ,27495,NUQUÍ,27495001,ARUSÍ (NUQUÍ - CHOCO),2020,1,10.287,4.875,60.0,lunes,2020 Jan 20 06:30:00 PM,24.0
27,CHOCÓ,27495,NUQUÍ,27495912,COMUNIDAD INDÍGENA DE PANGUÍ - EL YUCAL (NUQUÍ - CHOCÓ),2020,1,5.875,1.484,60.0,lunes,2020 Jan 20 12:00:00 AM,24.0
27,CHOCÓ,27495,NUQUÍ,27495000,NUQUÍ (NUQUÍ - CHOCÓ),2020,1,198.811,62.901,60.0,lunes,2020 Jan 13 07:15:00 PM,24.0
27,CHOCÓ,27001,QUIBDÓ,27001029,TAGACHI (QUIBDÓ - CHOCÓ),2020,1,4.956,1.1,60.0,miércoles,2020 Jan 22 07:45:00 PM,24.0
27,CHOCÓ,27745,SIPÍ,27745000,SIPÍ (SIPÍ - CHOCO),2020,1,10.872,3.028,60.0,miércoles,2020 Jan 29 08:15:00 PM,24.0
27,CHOCÓ,27800,UNGUÍA,27800001,BALBOA (UNGUÍA - CHOCÓ),2020,1,16.481,6.458,60.0,sábado,2020 Jan 11 07:30:00 PM,24.0
27,CHOCÓ,27800,UNGUÍA,27800005,TITUMATE (UNGUÍA - CHOCÓ),2020,1,9.739,4.014,60.0,miércoles,2020 Jan 08 07:15:00 PM,24.0
27,CHOCÓ,27800,UNGUÍA,27800000,UNGUÍA (UNGUÍA - CHOCÓ),2020,1,257.893,93.064,60.0,sábado,2020 Jan 18 07:00:00 PM,24.0
94,GUAINÍA,94343,BARRANCOMINAS,94343000,BARRANCOMINAS (BARRANCOMINAS - GUAINÍA),2020,1,39.131,13.849,60.0,miércoles,2020 Jan 22 07:00:00 PM,24.0
94,GUAINÍA,94001,INÍRIDA,94001000,INÍRIDA (INÍRIDA - GUAINÍA),2020,1,10.326,551.952,60.0,martes,2020 Jan 28 02:30:00 PM,24.0
95,GUAVIARE,95200,MIRAFLORES,95200000,MIRAFLORES (MIRAFLORES - GUAVIARE),2020,1,78.171,27.605,60.0,miércoles,2020 Jan 29 07:15:00 PM,24.0
44,LA GUAJIRA,44847,URIBIA,44847012,NAZARETH (URIBIA - LA GUAJIRA),2020,1,15.66,7.303,60.0,miércoles,2020 Jan 08 06:30:00 PM,24.0
47,MAGDALENA,47189,CIÉNAGA,47189018,PALMOR (CIÉNAGA - MAGDALENA),2020,1,95.888,36.336,60.0,sábado,2020 Jan 18 07:15:00 PM,24.0
50,META,50325,MAPIRIPÁN,50325000,MAPIRIPÁN (MAPIRIPÁN - META),2020,1,133.744,56.337,60.0,viernes,2020 Jan 31 06:45:00 PM,24.0
52,NARIÑO,52250,EL CHARCO,52250023,BAZÁN (EL CHARCO - NARIÑO),2020,1,16.316,7.561,60.0,viernes,2020 Jan 24 08:30:00 PM,24.0
52,NARIÑO,52250,EL CHARCO,52250022,EL CUIL PUEBLO NUEVO (EL CHARCO - NARIÑO),2020,1,5.358,1.798,60.0,sábado,2020 Jan 04 08:15:00 PM,24.0
52,NARIÑO,52250,EL CHARCO,52250007,SAN JOSÉ DEL TAPAJE (EL CHARCO - NARIÑO),2020,1,13.262,3.324,96.0,jueves,2020 Jan 30 08:00:00 PM,24.0
52,NARIÑO,52390,LA TOLA,52390013,AMÁRALES (LA TOLA - NARIÑO),2020,1,5.064,1.18,60.0,martes,2020 Jan 21 08:15:00 PM,24.0
52,NARIÑO,52390,LA TOLA,52390003,LA VIGÍA DE LA MAR (LA TOLA - NARIÑO),2020,1,4.676,1.44,60.0,lunes,2020 Jan 06 06:45:00 PM,24.0
52,NARIÑO,52390,LA TOLA,52390009,MULATOS (LA TOLA - NARIÑO),2020,1,4.243,2.448,60.0,martes,2020 Jan 14 07:30:00 PM,24.0
52,NARIÑO,52390,LA TOLA,52390016,SAN PABLO DEL MAR (LA TOLA - NARIÑO),2020,1,4.497,805.0,60.0,domingo,2020 Jan 19 07:00:00 PM,24.0
52,NARIÑO,52490,OLAYA HERRERA,52490913,BOCA DE PRIETA (OLAYA HERRERA - NARIÑO),2020,1,3.143,624.0,60.0,miércoles,2020 Jan 29 06:00:00 PM,24.0
52,NARIÑO,52490,OLAYA HERRERA,52490008,SAN JOSÉ CALABAZAL (OLAYA HERRERA - NARIÑO),2020,1,5.32,1.723,60.0,sábado,2020 Jan 11 07:00:00 PM,24.0
52,NARIÑO,52835,SAN ANDRÉS DE TUMACO,52835055,BOCAS DE CURAY (TUMACO - NARIÑO),2020,1,6.548,1.273,60.0,viernes,2020 Jan 24 07:00:00 PM,24.0
52,NARIÑO,52835,SAN ANDRÉS DE TUMACO,52835012,CHAJAL (TUMACO - NARIÑO),2020,1,3.35,902.0,60.0,lunes,2020 Jan 13 07:15:00 PM,24.0
52,NARIÑO,52835,SAN ANDRÉS DE TUMACO,52835016,PITAL DE LA COSTA (TUMACO - NARIÑO),2020,1,16.992,9.518,88.0,sábado,2020 Jan 18 07:30:00 PM,24.0
52,NARIÑO,52835,SAN ANDRÉS DE TUMACO,52835212,PUEBLO NUEVO (TABLÓN SALADO) (TUMACO - NARIÑO),2020,1,2.339,798.0,60.0,martes,2020 Jan 07 07:45:00 PM,24.0
52,NARIÑO,52835,SAN ANDRÉS DE TUMACO,52835217,SAN JUAN DE LA COSTA (SAN ANDRÉS DE TUMACO - NARIÑO),2020,1,19.09,9.321,60.0,martes,2020 Jan 14 07:15:00 PM,24.0
52,NARIÑO,52835,SAN ANDRÉS DE TUMACO,52835091,SANTA ROSA (TUMACO - NARIÑO),2020,1,1.25,328.0,60.0,martes,2020 Jan 14 07:30:00 PM,24.0
52,NARIÑO,52835,SAN ANDRÉS DE TUMACO,52835148,TABLÓN DULCE LA PAMPA (TUMACO - NARIÑO),2020,1,1.487,388.0,60.0,lunes,2020 Jan 20 08:15:00 PM,24.0
52,NARIÑO,52696,SANTA BÁRBARA (ISCUANDÉ),52696014,LA ENSENADA (SANTA BÁRBARA (ISCUANDÉ) - NARIÑO),2020,1,4.466,5.06,60.0,martes,2020 Jan 21 06:30:00 PM,24.0
52,NARIÑO,52696,SANTA BÁRBARA (ISCUANDÉ),52696017,SANTA RITA (SANTA BARBARA (ISCUANDÉ) - NARIÑO),2020,1,2.126,1.005,60.0,jueves,2020 Jan 02 07:30:00 PM,24.0
86,PUTUMAYO,86573,PUERTO LEGUÍZAMO,86573009,PIÑUÑA NEGRO (PUERTO LEGUÍZAMO - PUTUMAYO),2020,1,3.942,1.771,60.0,domingo,2020 Jan 26 08:30:00 PM,24.0
86,PUTUMAYO,86573,PUERTO LEGUÍZAMO,86573000,PUERTO LEGUÍZAMO (PUERTO LEGUÍZAMO - PUTUMAYO),2020,1,934.496,349.113,60.0,martes,2020 Jan 28 07:30:00 PM,24.0
76,VALLE DEL CAUCA,76109,BUENAVENTURA,76109028,PUERTO MERIZALDE (BUENAVENTURA - VALLE DEL CAUCA),2020,1,43.466,13.886,60.0,sábado,2020 Jan 18 07:30:00 PM,24.0
76,VALLE DEL CAUCA,76109,BUENAVENTURA,76109032,SAN FRANCISCO NAYA (BUENAVENTURA - VALLE DEL CAUCA),2020,1,6.56,2.113,60.0,viernes,2020 Jan 10 09:15:00 PM,7.0
97,VAUPÉS,97161,CARURÚ,97161000,CARURÚ (CARURÚ - VAUPÉS),2020,1,26.507,9.259,60.0,viernes,2020 Jan 24 06:45:00 PM,24.0
97,VAUPÉS,97001,MITÚ,97001000,MITÚ (MITÚ - VAUPÉS),2020,1,10.326,394.71,60.0,viernes,2020 Jan 31 11:45:00 PM,24.0
97,VAUPÉS,97666,TARAIRA,97666000,TARAIRA (TARAIRA - VAUPÉS),2020,1,26.536,9.37,60.0,miércoles,2020 Jan 29 06:15:00 PM,24.0
99,VICHADA,99773,CUMARIBO,99773000,CUMARIBO (CUMARIBO - VICHADA),2020,1,269.226,118.7,60.0,martes,2020 Jan 28 06:15:00 PM,24.0
99,VICHADA,99524,LA PRIMAVERA,99524000,LA PRIMAVERA (LA PRIMAVERA - VICHADA),2020,1,351.44,182.493,60.0,jueves,2020 Jan 30 07:45:00 PM,24.0
99,VICHADA,99001,PUERTO CARREÑO,99001002,CASUARITO (PUERTO CARREÑO - VICHADA),2020,1,26.425,11.216,60.0,lunes,2020 Jan 20 06:30:00 PM,24.0
99,VICHADA,99001,PUERTO CARREÑO,99001000,PUERTO CARREÑO (PUERTO CARREÑO - VICHADA),2020,1,10.326,785.884,60.0,martes,2020 Jan 28 02:15:00 PM,24.0
99,VICHADA,99624,SANTA ROSALÍA,99624000,SANTA ROSALÍA (SANTA ROSALÍA - VICHADA),2020,1,130.724,68.54,60.0,jueves,2020 Jan 23 07:15:00 PM,18.0
91,AMAZONAS,91001,LETICIA,91001000,LETICIA (LETICIA - AMAZONAS),2020,2,10.326,8.475,60.0,miércoles,2020 Feb 05 02:30:00 PM,24.0
91,AMAZONAS,91540,PUERTO NARIÑO,91540000,PUERTO NARIÑO (PUERTO NARIÑO - AMAZONAS),2020,2,99.758,35.858,60.0,martes,2020 Feb 04 07:00:00 PM,24.0
91,AMAZONAS,91798,TARAPACÁ (ANM),91798000,TARAPACÁ (TARAPACÁ (ANM) - AMAZONAS),2020,2,22.87,8.922,60.0,domingo,2020 Feb 23 07:00:00 PM,24.0
5,ANTIOQUIA,5873,VIGÍA DEL FUERTE,5873001,SAN ANTONIO DE PADUA (VIGÍA DEL FUERTE - ANTIOQUIA),2020,2,5.609,1.448,60.0,viernes,2020 Feb 28 07:45:00 PM,24.0
5,ANTIOQUIA,5873,VIGÍA DEL FUERTE,5873002,VEGÁEZ (VIGÍA DEL FUERTE - ANTIOQUIA),2020,2,5.178,717.0,60.0,viernes,2020 Feb 07 06:45:00 PM,24.0
5,ANTIOQUIA,5873,VIGÍA DEL FUERTE,5873000,VIGÍA DEL FUERTE (VIGÍA DEL FUERTE - ANTIOQUIA),2020,2,93.76,39.361,60.0,viernes,2020 Feb 28 07:00:00 PM,24.0
88,"ARCHIPIÉLAGO DE SAN ANDRÉS, PROVIDENCIA Y SANTA CATALINA",88564,PROVIDENCIA,88564000,PROVIDENCIA (PROVIDENCIA - ARCHIPIÉLAGO DE SAN ANDRÉS Y PROVIDENCIA),2020,2,938.09,321.284,60.0,martes,2020 Feb 18 09:30:00 PM,24.0
88,"ARCHIPIÉLAGO DE SAN ANDRÉS, PROVIDENCIA Y SANTA CATALINA",88001,SAN ANDRÉS,88001000,SAN ANDRÉS (SAN ANDRÉS - ARCHIPIÉLAGO DE SAN ANDRÉS Y PROVIDENCIA),2020,2,10.326,8.475,60.0,miércoles,2020 Feb 12 04:00:00 PM,24.0
13,BOLÍVAR,13001,CARTAGENA DE INDIAS,13001007,ISLA FUERTE (CARTAGENA DE INDIAS - BOLÍVAR),2020,2,15.514,8.486,60.0,domingo,2020 Feb 16 02:15:00 PM,24.0
13,BOLÍVAR,13001,CARTAGENA DE INDIAS,13001037,ISLA MÚCURA (CARTAGENA DE INDIAS - BOLÍVAR),2020,2,6.477,2.892,60.0,viernes,2020 Feb 14 10:00:00 PM,24.0
13,BOLÍVAR,13001,CARTAGENA DE INDIAS,13001017,SANTA CRUZ DEL ISLOTE (CARTAGENA DE INDIAS - BOLÍVAR),2020,2,12.675,4.372,60.0,viernes,2020 Feb 07 08:15:00 PM,24.0
18,CAQUETÁ,18150,CARTAGENA DEL CHAIRÁ,18150001,REMOLINO DEL CAGUÁN (CARTAGENA DEL CHAIRA - CAQUETÁ),2020,2,15.525,7.062,60.0,sábado,2020 Feb 01 06:45:00 PM,24.0
18,CAQUETÁ,18753,SAN VICENTE DEL CAGUÁN,18753002,GUACAMAYAS (SAN VICENTE DEL CAGUÁN - CAQUETÁ),2020,2,12.257,5.917,60.0,sábado,2020 Feb 15 07:15:00 PM,24.0
18,CAQUETÁ,18753,SAN VICENTE DEL CAGUÁN,18753009,PUERTO BETANIA (SAN VICENTE DEL CAGUÁN - CAQUETÁ),2020,2,1.604,633.0,60.0,viernes,2020 Feb 21 07:15:00 PM,24.0
85,CASANARE,85430,TRINIDAD,85430001,BOCAS DEL PAUTO (TRINIDAD - CASANARE),2020,2,13.909,7.296,60.0,jueves,2020 Feb 27 07:00:00 PM,24.0
19,CAUCA,19418,LÓPEZ DE MICAY,19418011,DOS QUEBRADAS RÍO NAYA (LÓPEZ DE MICAY - CAUCA),2020,2,6.035,1.889,60.0,martes,2020 Feb 04 07:30:00 PM,24.0
19,CAUCA,19418,LÓPEZ DE MICAY,19418038,ISLA DE GALLO (LÓPEZ DE MICAY - CAUCA),2020,2,2.834,905.0,60.0,viernes,2020 Feb 14 06:30:00 PM,24.0
19,CAUCA,19418,LÓPEZ DE MICAY,19418009,NOANAMITO (LÓPEZ DE MICAY - CAUCA),2020,2,3.995,2.058,44.0,miércoles,2020 Feb 12 07:15:00 PM,24.0
19,CAUCA,19418,LÓPEZ DE MICAY,19418012,SAN ANTONIO DE CHUARÉ (LÓPEZ DE MICAY - CAUCA),2020,2,6.033,1.79,60.0,sábado,2020 Feb 15 06:45:00 PM,24.0
19,CAUCA,19418,LÓPEZ DE MICAY,19418019,ZARAGOZA (LOPEZ DE MICAY - CAUCA),2020,2,7.099,2.93,60.0,domingo,2020 Feb 09 07:45:00 PM,24.0
19,CAUCA,19809,TIMBIQUÍ,19809014,CHACÓN (TIMBIQUÍ - CAUCA),2020,2,2.019,364.0,60.0,sábado,2020 Feb 01 07:15:00 PM,24.0
19,CAUCA,19809,TIMBIQUÍ,19809010,COMUNIDAD DE CHETE (TIMBIQUÍ - CAUCA),2020,2,2.489,695.0,60.0,viernes,2020 Feb 21 07:30:00 PM,24.0
19,CAUCA,19809,TIMBIQUÍ,19809003,COTEJE (TIMBIQUÍ - CAUCA),2020,2,4.501,2.754,60.0,sábado,2020 Feb 01 07:30:00 PM,24.0
19,CAUCA,19809,TIMBIQUÍ,19809026,LOS BRAZOS (TIMBIQUÍ - CAUCA),2020,2,7.857,1.301,60.0,martes,2020 Feb 11 07:30:00 PM,24.0
19,CAUCA,19809,TIMBIQUÍ,19809023,PUERTO SAIJA (TIMBIQUÍ - CAUCA),2020,2,25.416,8.46,60.0,viernes,2020 Feb 14 07:45:00 PM,24.0
19,CAUCA,19809,TIMBIQUÍ,19809007,SAN JOSÉ (TIMBIQUÍ - CAUCA),2020,2,1.747,1.028,60.0,jueves,2020 Feb 13 07:15:00 PM,24.0
19,CAUCA,19809,TIMBIQUÍ,19809008,SANTA MARÍA (TIMBIQUÍ - CAUCA),2020,2,2.42,955.0,60.0,miércoles,2020 Feb 12 08:15:00 PM,24.0
19,CAUCA,19809,TIMBIQUÍ,19809009,SANTA ROSA DE SAIJA (TIMBIQUÍ - CAUCA),2020,2,1.737,424.0,60.0,jueves,2020 Feb 27 07:15:00 PM,24.0
27,CHOCÓ,27006,ACANDÍ,27006000,ACANDÍ (ACANDÍ - CHOCÓ),2020,2,388.026,175.431,60.0,miércoles,2020 Feb 19 08:30:00 PM,24.0
27,CHOCÓ,27006,ACANDÍ,27006003,CAPURGANÁ (ACANDÍ - CHOCO),2020,2,234.42,96.512,60.0,martes,2020 Feb 04 09:45:00 PM,24.0
27,CHOCÓ,27025,ALTO BAUDÓ (PIE DE PATO),27025000,CIUDAD BAUDÓ - PIE DE PATO (ALTO BAUDÓ - CHOCÓ),2020,2,36.727,9.888,60.0,domingo,2020 Feb 23 07:30:00 PM,24.0
27,CHOCÓ,27075,BAHÍA SOLANO (MUTIS),27075000,CIUDAD MUTIS (BAHÍA SOLANO - CHOCÓ),2020,2,605.709,189.638,60.0,miércoles,2020 Feb 19 07:30:00 PM,24.0
27,CHOCÓ,27075,BAHÍA SOLANO (MUTIS),27075001,CUPICA (BAHÍA SOLANO - CHOCÓ),2020,2,57.082,24.304,60.0,viernes,2020 Feb 14 07:30:00 PM,24.0
27,CHOCÓ,27075,BAHÍA SOLANO (MUTIS),27075002,EL VALLE (BAHÍA SOLANO - CHOCÓ),2020,2,140.237,65.924,60.0,miércoles,2020 Feb 19 07:15:00 PM,24.0
27,CHOCÓ,27077,BAJO BAUDÓ (PIZARRO),27077000,PIZARRO (BAJO BAUDÓ (PIZARRO) - CHOCÓ),2020,2,160.302,71.59,60.0,viernes,2020 Feb 07 07:30:00 PM,24.0
27,CHOCÓ,27099,BOJAYÁ (BELLAVISTA),27099000,BELLAVISTA (BOJAYÁ (BELLAVISTA) - CHOCÓ),2020,2,89.554,33.314,60.0,jueves,2020 Feb 13 08:30:00 PM,24.0
27,CHOCÓ,27099,BOJAYÁ (BELLAVISTA),27099002,LA LOMA DE BOJAYÁ (BOJAYÁ (BELLAVISTA) - CHOCÓ),2020,2,13.764,5.166,60.0,domingo,2020 Feb 16 07:30:00 PM,24.0
27,CHOCÓ,27099,BOJAYÁ (BELLAVISTA),27099005,NAPIPÍ (BOJAYÁ (BELLAVISTA) - CHOCÓ),2020,2,8.794,4.993,60.0,sábado,2020 Feb 29 09:15:00 PM,24.0
27,CHOCÓ,27099,BOJAYÁ (BELLAVISTA),27099008,PUERTO CONTO (BOJAYÁ (BELLAVISTA) - CHOCO),2020,2,5.456,1.481,60.0,viernes,2020 Feb 21 08:00:00 PM,24.0
27,CHOCÓ,27250,EL LITORAL DEL SAN JUAN,27250000,SANTA GENOVEVA DE DOCORDÓ (EL LITORAL DEL SAN JUAN - CHOCÓ),2020,2,63.323,31.591,60.0,jueves,2020 Feb 06 08:00:00 PM,24.0
27,CHOCÓ,27425,MEDIO ATRATO (BETÉ),27425000,BETÉ (MEDIO ATRATO (BETÉ) - CHOCÓ),2020,2,5.435,1.94,68.0,miércoles,2020 Feb 19 10:00:00 PM,24.0
91,AMAZONAS,91001,LETICIA,91001000,LETICIA,2025,12,10.326,984.377,60.0,miércoles,2025 Dec 10 02:30:00 PM,2.4
27,CHOCÓ,27495,NUQUÍ,27495912,COMUNIDAD INDÍGENA DE PANGUÍ - EL YUCAL (NUQUÍ - CHOCÓ),2020,2,2.394,800.0,60.0,jueves,2020 Feb 27 06:30:00 PM,24.0
27,CHOCÓ,27495,NUQUÍ,27495000,NUQUÍ (NUQUÍ - CHOCÓ),2020,2,186.164,60.988,60.0,martes,2020 Feb 18 08:15:00 PM,19.0
27,CHOCÓ,27745,SIPÍ,27745000,SIPÍ (SIPÍ - CHOCO),2020,2,11.522,3.225,60.0,martes,2020 Feb 18 08:00:00 PM,24.0
27,CHOCÓ,27800,UNGUÍA,27800001,BALBOA (UNGUÍA - CHOCÓ),2020,2,16.006,6.578,60.0,domingo,2020 Feb 16 08:00:00 PM,24.0
27,CHOCÓ,27001,QUIBDÓ,27001029,TAGACHI (QUIBDÓ - CHOCÓ),2020,2,5.694,1.292,60.0,sábado,2020 Feb 01 09:30:00 PM,24.0
27,CHOCÓ,27800,UNGUÍA,27800005,TITUMATE (UNGUÍA - CHOCÓ),2020,2,8.792,3.817,60.0,jueves,2020 Feb 20 08:00:00 PM,24.0
27,CHOCÓ,27800,UNGUÍA,27800000,UNGUÍA (UNGUÍA - CHOCÓ),2020,2,254.854,93.09,60.0,sábado,2020 Feb 15 07:15:00 PM,24.0
94,GUAINÍA,94343,BARRANCOMINAS,94343000,BARRANCOMINAS (BARRANCOMINAS - GUAINÍA),2020,2,35.493,12.294,60.0,sábado,2020 Feb 22 06:45:00 PM,24.0
94,GUAINÍA,94001,INÍRIDA,94001000,INÍRIDA (INÍRIDA - GUAINÍA),2020,2,10.326,565.034,60.0,lunes,2020 Feb 17 02:45:00 PM,24.0
95,GUAVIARE,95200,MIRAFLORES,95200000,MIRAFLORES (MIRAFLORES - GUAVIARE),2020,2,78.132,28.048,60.0,viernes,2020 Feb 28 06:30:00 PM,24.0
44,LA GUAJIRA,44847,URIBIA,44847012,NAZARETH (URIBIA - LA GUAJIRA),2020,2,28.11,12.702,60.0,martes,2020 Feb 25 06:45:00 PM,24.0
47,MAGDALENA,47189,CIÉNAGA,47189018,PALMOR (CIÉNAGA - MAGDALENA),2020,2,88.621,32.499,60.0,domingo,2020 Feb 09 06:30:00 PM,24.0
50,META,50325,MAPIRIPÁN,50325000,MAPIRIPÁN (MAPIRIPÁN - META),2020,2,135.154,54.443,60.0,viernes,2020 Feb 28 06:45:00 PM,24.0
52,NARIÑO,52250,EL CHARCO,52250023,BAZÁN (EL CHARCO - NARIÑO),2020,2,19.205,8.765,60.0,sábado,2020 Feb 29 09:00:00 PM,24.0
52,NARIÑO,52250,EL CHARCO,52250022,EL CUIL PUEBLO NUEVO (EL CHARCO - NARIÑO),2020,2,5.736,1.889,60.0,sábado,2020 Feb 15 06:45:00 PM,24.0
52,NARIÑO,52250,EL CHARCO,52250007,SAN JOSÉ DEL TAPAJE (EL CHARCO - NARIÑO),2020,2,16.18,4.004,96.0,sábado,2020 Feb 29 09:00:00 PM,24.0
52,NARIÑO,52390,LA TOLA,52390013,AMÁRALES (LA TOLA - NARIÑO),2020,2,7.313,1.758,60.0,martes,2020 Feb 18 06:30:00 PM,24.0
52,NARIÑO,52390,LA TOLA,52390003,LA VIGÍA DE LA MAR (LA TOLA - NARIÑO),2020,2,5.76,1.917,60.0,martes,2020 Feb 25 12:30:00 AM,24.0
52,NARIÑO,52390,LA TOLA,52390009,MULATOS (LA TOLA - NARIÑO),2020,2,3.772,2.32,60.0,jueves,2020 Feb 06 06:30:00 PM,24.0
52,NARIÑO,52390,LA TOLA,52390016,SAN PABLO DEL MAR (LA TOLA - NARIÑO),2020,2,5.903,1.146,60.0,sábado,2020 Feb 29 07:00:00 PM,24.0
52,NARIÑO,52490,OLAYA HERRERA,52490913,BOCA DE PRIETA (OLAYA HERRERA - NARIÑO),2020,2,3.266,634.0,60.0,lunes,2020 Feb 10 07:45:00 PM,24.0
52,NARIÑO,52490,OLAYA HERRERA,52490008,SAN JOSÉ CALABAZAL (OLAYA HERRERA - NARIÑO),2020,2,5.3,1.698,60.0,viernes,2020 Feb 28 07:00:00 PM,24.0
52,NARIÑO,52835,SAN ANDRÉS DE TUMACO,52835055,BOCAS DE CURAY (TUMACO - NARIÑO),2020,2,8.95,1.417,60.0,domingo,2020 Feb 23 11:45:00 PM,24.0
52,NARIÑO,52835,SAN ANDRÉS DE TUMACO,52835012,CHAJAL (TUMACO - NARIÑO),2020,2,4.599,1.354,60.0,lunes,2020 Feb 24 07:30:00 PM,24.0
52,NARIÑO,52835,SAN ANDRÉS DE TUMACO,52835016,PITAL DE LA COSTA (TUMACO - NARIÑO),2020,2,19.206,11.315,84.0,sábado,2020 Feb 15 07:00:00 PM,24.0
52,NARIÑO,52835,SAN ANDRÉS DE TUMACO,52835212,PUEBLO NUEVO (TABLÓN SALADO) (TUMACO - NARIÑO),2020,2,3.721,1.332,60.0,sábado,2020 Feb 01 07:15:00 PM,24.0
52,NARIÑO,52835,SAN ANDRÉS DE TUMACO,52835217,SAN JUAN DE LA COSTA (SAN ANDRÉS DE TUMACO - NARIÑO),2020,2,18.939,14.21,60.0,lunes,2020 Feb 17 07:15:00 PM,24.0
52,NARIÑO,52835,SAN ANDRÉS DE TUMACO,52835091,SANTA ROSA (TUMACO - NARIÑO),2020,2,1.082,278.0,60.0,miércoles,2020 Feb 05 07:30:00 PM,24.0
52,NARIÑO,52696,SANTA BÁRBARA (ISCUANDÉ),52696014,LA ENSENADA (SANTA BÁRBARA (ISCUANDÉ) - NARIÑO),2020,2,4.071,4.702,60.0,domingo,2020 Feb 16 07:30:00 PM,24.0
52,NARIÑO,52696,SANTA BÁRBARA (ISCUANDÉ),52696017,SANTA RITA (SANTA BARBARA (ISCUANDÉ) - NARIÑO),2020,2,5.168,2.452,60.0,sábado,2020 Feb 29 07:15:00 PM,24.0
86,PUTUMAYO,86573,PUERTO LEGUÍZAMO,86573009,PIÑUÑA NEGRO (PUERTO LEGUÍZAMO - PUTUMAYO),2020,2,3.342,1.62,60.0,sábado,2020 Feb 22 08:45:00 PM,24.0
86,PUTUMAYO,86573,PUERTO LEGUÍZAMO,86573000,PUERTO LEGUÍZAMO (PUERTO LEGUÍZAMO - PUTUMAYO),2020,2,779.919,282.489,60.0,martes,2020 Feb 04 02:45:00 PM,24.0
76,VALLE DEL CAUCA,76109,BUENAVENTURA,76109028,PUERTO MERIZALDE (BUENAVENTURA - VALLE DEL CAUCA),2020,2,44.375,14.156,60.0,miércoles,2020 Feb 19 07:30:00 PM,24.0
76,VALLE DEL CAUCA,76109,BUENAVENTURA,76109032,SAN FRANCISCO NAYA (BUENAVENTURA - VALLE DEL CAUCA),2020,2,7.245,3.758,60.0,viernes,2020 Feb 28 07:30:00 PM,24.0
97,VAUPÉS,97161,CARURÚ,97161000,CARURÚ (CARURÚ - VAUPÉS),2020,2,25.277,9.295,60.0,lunes,2020 Feb 17 07:15:00 PM,24.0
97,VAUPÉS,97001,MITÚ,97001000,MITÚ (MITÚ - VAUPÉS),2020,2,10.326,370.019,60.0,viernes,2020 Feb 21 11:45:00 PM,24.0
97,VAUPÉS,97666,TARAIRA,97666000,TARAIRA (TARAIRA - VAUPÉS),2020,2,19.748,6.563,60.0,martes,2020 Feb 11 07:30:00 PM,24.0
99,VICHADA,99773,CUMARIBO,99773000,CUMARIBO (CUMARIBO - VICHADA),2020,2,268.753,113.806,60.0,martes,2020 Feb 25 06:15:00 PM,24.0
99,VICHADA,99524,LA PRIMAVERA,99524000,LA PRIMAVERA (LA PRIMAVERA - VICHADA),2020,2,357.737,181.789,60.0,miércoles,2020 Feb 26 06:45:00 PM,24.0
99,VICHADA,99001,PUERTO CARREÑO,99001002,CASUARITO (PUERTO CARREÑO - VICHADA),2020,2,13.438,5.547,60.0,lunes,2020 Feb 24 07:45:00 PM,24.0
99,VICHADA,99001,PUERTO CARREÑO,99001000,PUERTO CARREÑO (PUERTO CARREÑO - VICHADA),2020,2,10.326,791.28,60.0,martes,2020 Feb 18 02:15:00 PM,24.0
99,VICHADA,99624,SANTA ROSALÍA,99624000,SANTA ROSALÍA (SANTA ROSALÍA - VICHADA),2020,2,125.53,60.239,60.0,martes,2020 Feb 25 07:00:00 PM,24.0
91,AMAZONAS,91001,LETICIA,91001000,LETICIA (LETICIA - AMAZONAS),2020,3,10.326,8.475,60.0,jueves,2020 Mar 12 03:15:00 PM,24.0
91,AMAZONAS,91540,PUERTO NARIÑO,91540000,PUERTO NARIÑO (PUERTO NARIÑO - AMAZONAS),2020,3,106.517,37.768,60.0,jueves,2020 Mar 12 07:30:00 PM,24.0
91,AMAZONAS,91798,TARAPACÁ (ANM),91798000,TARAPACÁ (TARAPACÁ (ANM) - AMAZONAS),2020,3,24.212,9.387,60.0,martes,2020 Mar 03 07:15:00 PM,24.0
5,ANTIOQUIA,5873,VIGÍA DEL FUERTE,5873001,SAN ANTONIO DE PADUA (VIGÍA DEL FUERTE - ANTIOQUIA),2020,3,6.09,1.714,60.0,jueves,2020 Mar 12 12:15:00 AM,24.0
5,ANTIOQUIA,5873,VIGÍA DEL FUERTE,5873002,VEGÁEZ (VIGÍA DEL FUERTE - ANTIOQUIA),2020,3,4.553,629.0,60.0,jueves,2020 Mar 05 09:45:00 PM,24.0
5,ANTIOQUIA,5873,VIGÍA DEL FUERTE,5873000,VIGÍA DEL FUERTE (VIGÍA DEL FUERTE - ANTIOQUIA),2020,3,58.679,20.082,60.0,jueves,2020 Mar 05 07:00:00 PM,24.0
88,"ARCHIPIÉLAGO DE SAN ANDRÉS, PROVIDENCIA Y SANTA CATALINA",88564,PROVIDENCIA,88564000,PROVIDENCIA (PROVIDENCIA - ARCHIPIÉLAGO DE SAN ANDRÉS Y PROVIDENCIA),2020,3,961.008,333.479,60.0,lunes,2020 Mar 09 02:15:00 PM,24.0
88,"ARCHIPIÉLAGO DE SAN ANDRÉS, PROVIDENCIA Y SANTA CATALINA",88001,SAN ANDRÉS,88001000,SAN ANDRÉS (SAN ANDRÉS - ARCHIPIÉLAGO DE SAN ANDRÉS Y PROVIDENCIA),2020,3,10.326,8.475,60.0,viernes,2020 Mar 06 03:45:00 PM,24.0
13,BOLÍVAR,13001,CARTAGENA DE INDIAS,13001007,ISLA FUERTE (CARTAGENA DE INDIAS - BOLÍVAR),2020,3,14.733,8.124,60.0,jueves,2020 Mar 05 03:30:00 PM,24.0
13,BOLÍVAR,13001,CARTAGENA DE INDIAS,13001037,ISLA MÚCURA (CARTAGENA DE INDIAS - BOLÍVAR),2020,3,6.799,3.093,60.0,jueves,2020 Mar 05 10:00:00 PM,24.0
13,BOLÍVAR,13001,CARTAGENA DE INDIAS,13001017,SANTA CRUZ DEL ISLOTE (CARTAGENA DE INDIAS - BOLÍVAR),2020,3,13.572,4.807,60.0,lunes,2020 Mar 30 08:45:00 PM,24.0
18,CAQUETÁ,18150,CARTAGENA DEL CHAIRÁ,18150001,REMOLINO DEL CAGUÁN (CARTAGENA DEL CHAIRA - CAQUETÁ),2020,3,14.852,6.836,60.0,domingo,2020 Mar 22 07:00:00 PM,24.0
18,CAQUETÁ,18753,SAN VICENTE DEL CAGUÁN,18753002,GUACAMAYAS (SAN VICENTE DEL CAGUÁN - CAQUETÁ),2020,3,12.44,5.686,60.0,sábado,2020 Mar 14 07:30:00 PM,24.0
85,CASANARE,85430,TRINIDAD,85430001,BOCAS DEL PAUTO (TRINIDAD - CASANARE),2020,3,13.266,7.187,60.0,martes,2020 Mar 03 06:30:00 PM,24.0
19,CAUCA,19418,LÓPEZ DE MICAY,19418038,ISLA DE GALLO (LÓPEZ DE MICAY - CAUCA),2020,3,2.942,987.0,60.0,miércoles,2020 Mar 04 07:30:00 PM,24.0
19,CAUCA,19418,LÓPEZ DE MICAY,19418019,ZARAGOZA (LOPEZ DE MICAY - CAUCA),2020,3,8.776,3.744,60.0,domingo,2020 Mar 08 08:15:00 PM,7.0
19,CAUCA,19809,TIMBIQUÍ,19809014,CHACÓN (TIMBIQUÍ - CAUCA),2020,3,2.806,453.0,60.0,viernes,2020 Mar 20 08:45:00 PM,24.0
19,CAUCA,19809,TIMBIQUÍ,19809010,COMUNIDAD DE CHETE (TIMBIQUÍ - CAUCA),2020,3,4.94,1.463,60.0,sábado,2020 Mar 28 06:45:00 PM,24.0
19,CAUCA,19809,TIMBIQUÍ,19809003,COTEJE (TIMBIQUÍ - CAUCA),2020,3,4.852,2.804,60.0,sábado,2020 Mar 28 07:45:00 PM,24.0
19,CAUCA,19809,TIMBIQUÍ,19809007,SAN JOSÉ (TIMBIQUÍ - CAUCA),2020,3,6.597,4.069,60.0,miércoles,2020 Mar 18 08:15:00 PM,24.0
19,CAUCA,19809,TIMBIQUÍ,19809008,SANTA MARÍA (TIMBIQUÍ - CAUCA),2020,3,5.044,1.744,60.0,martes,2020 Mar 03 07:00:00 PM,24.0
27,CHOCÓ,27006,ACANDÍ,27006000,ACANDÍ (ACANDÍ - CHOCÓ),2020,3,366.149,166.48,60.0,lunes,2020 Mar 16 09:00:00 PM,24.0
27,CHOCÓ,27006,ACANDÍ,27006003,CAPURGANÁ (ACANDÍ - CHOCO),2020,3,194.503,82.121,60.0,sábado,2020 Mar 14 07:30:00 PM,24.0
27,CHOCÓ,27025,ALTO BAUDÓ (PIE DE PATO),27025000,CIUDAD BAUDÓ - PIE DE PATO (ALTO BAUDÓ - CHOCÓ),2020,3,47.621,13.704,60.0,viernes,2020 Mar 27 07:30:00 PM,24.0
27,CHOCÓ,27075,BAHÍA SOLANO (MUTIS),27075000,CIUDAD MUTIS (BAHÍA SOLANO - CHOCÓ),2020,3,593.08,175.23,60.0,miércoles,2020 Mar 04 07:00:00 PM,24.0
27,CHOCÓ,27075,BAHÍA SOLANO (MUTIS),27075001,CUPICA (BAHÍA SOLANO - CHOCÓ),2020,3,61.366,25.605,140.0,lunes,2020 Mar 16 07:30:00 PM,24.0
27,CHOCÓ,27075,BAHÍA SOLANO (MUTIS),27075002,EL VALLE (BAHÍA SOLANO - CHOCÓ),2020,3,133.948,64.294,60.0,sábado,2020 Mar 14 07:00:00 PM,24.0
27,CHOCÓ,27077,BAJO BAUDÓ (PIZARRO),27077000,PIZARRO (BAJO BAUDÓ (PIZARRO) - CHOCÓ),2020,3,189.549,85.173,60.0,jueves,2020 Mar 05 07:45:00 PM,24.0
27,CHOCÓ,27099,BOJAYÁ (BELLAVISTA),27099000,BELLAVISTA (BOJAYÁ (BELLAVISTA) - CHOCÓ),2020,3,94.386,35.707,60.0,miércoles,2020 Mar 25 06:45:00 PM,24.0
27,CHOCÓ,27099,BOJAYÁ (BELLAVISTA),27099002,LA LOMA DE BOJAYÁ (BOJAYÁ (BELLAVISTA) - CHOCÓ),2020,3,14.449,5.728,60.0,lunes,2020 Mar 09 07:30:00 PM,24.0
27,CHOCÓ,27099,BOJAYÁ (BELLAVISTA),27099005,NAPIPÍ (BOJAYÁ (BELLAVISTA) - CHOCÓ),2020,3,11.222,3.813,64.0,viernes,2020 Mar 20 08:15:00 PM,24.0
27,CHOCÓ,27099,BOJAYÁ (BELLAVISTA),27099008,PUERTO CONTO (BOJAYÁ (BELLAVISTA) - CHOCO),2020,3,5.881,1.594,48.0,sábado,2020 Mar 28 08:15:00 PM,24.0
27,CHOCÓ,27250,EL LITORAL DEL SAN JUAN,27250000,SANTA GENOVEVA DE DOCORDÓ (EL LITORAL DEL SAN JUAN - CHOCÓ),2020,3,44.989,21.785,60.0,martes,2020 Mar 03 07:15:00 PM,24.0
27,CHOCÓ,27425,MEDIO ATRATO (BETÉ),27425000,BETÉ (MEDIO ATRATO (BETÉ) - CHOCÓ),2020,3,5.456,2.011,76.0,viernes,2020 Mar 27 08:00:00 PM,24.0
27,CHOCÓ,27495,NUQUÍ,27495912,COMUNIDAD INDÍGENA DE PANGUÍ - EL YUCAL (NUQUÍ - CHOCÓ),2020,3,62.0,28.0,60.0,domingo,2020 Mar 29 06:45:00 PM,24.0
27,CHOCÓ,27495,NUQUÍ,27495000,NUQUÍ (NUQUÍ - CHOCÓ),2020,3,241.53,80.172,60.0,sábado,2020 Mar 07 07:15:00 PM,24.0
27,CHOCÓ,27001,QUIBDÓ,27001029,TAGACHI (QUIBDÓ - CHOCÓ),2020,3,1.588,361.0,60.0,domingo,2020 Mar 01 08:15:00 PM,24.0
27,CHOCÓ,27745,SIPÍ,27745000,SIPÍ (SIPÍ - CHOCO),2020,3,10.875,3.018,60.0,jueves,2020 Mar 12 07:15:00 PM,24.0
27,CHOCÓ,27800,UNGUÍA,27800001,BALBOA (UNGUÍA - CHOCÓ),2020,3,16.26,6.912,60.0,sábado,2020 Mar 14 07:45:00 PM,24.0
27,CHOCÓ,27800,UNGUÍA,27800005,TITUMATE (UNGUÍA - CHOCÓ),2020,3,8.934,4.029,60.0,jueves,2020 Mar 26 08:00:00 PM,24.0
27,CHOCÓ,27800,UNGUÍA,27800000,UNGUÍA (UNGUÍA - CHOCÓ),2020,3,271.414,98.644,792.0,jueves,2020 Mar 05 08:15:00 PM,24.0
94,GUAINÍA,94343,BARRANCOMINAS,94343000,BARRANCOMINAS (BARRANCOMINAS - GUAINÍA),2020,3,43.377,15.928,60.0,miércoles,2020 Mar 11 07:00:00 PM,24.0
94,GUAINÍA,94001,INÍRIDA,94001000,INÍRIDA (INÍRIDA - GUAINÍA),2020,3,10.326,577.847,60.0,miércoles,2020 Mar 04 06:15:00 PM,24.0
95,GUAVIARE,95200,MIRAFLORES,95200000,MIRAFLORES (MIRAFLORES - GUAVIARE),2020,3,83.195,29.35,60.0,miércoles,2020 Mar 11 06:45:00 PM,24.0
44,LA GUAJIRA,44847,URIBIA,44847012,NAZARETH (URIBIA - LA GUAJIRA),2020,3,28.515,12.349,60.0,lunes,2020 Mar 30 06:45:00 PM,24.0
47,MAGDALENA,47189,CIÉNAGA,47189018,PALMOR (CIÉNAGA - MAGDALENA),2020,3,91.439,33.165,60.0,martes,2020 Mar 03 07:15:00 PM,24.0
50,META,50325,MAPIRIPÁN,50325000,MAPIRIPÁN (MAPIRIPÁN - META),2020,3,140.126,57.139,60.0,miércoles,2020 Mar 04 07:15:00 PM,24.0
52,NARIÑO,52250,EL CHARCO,52250023,BAZÁN (EL CHARCO - NARIÑO),2020,3,18.583,9.308,60.0,martes,2020 Mar 31 08:15:00 PM,24.0
52,NARIÑO,52250,EL CHARCO,52250003,BOLÍVAR - SAN PEDRO (EL CHARCO - NARIÑO),2020,3,3.975,2.723,60.0,martes,2020 Mar 31 06:45:00 PM,24.0
52,NARIÑO,52250,EL CHARCO,52250007,SAN JOSÉ DEL TAPAJE (EL CHARCO - NARIÑO),2020,3,16.234,3.888,96.0,sábado,2020 Mar 28 07:45:00 PM,24.0
52,NARIÑO,52390,LA TOLA,52390013,AMÁRALES (LA TOLA - NARIÑO),2020,3,5.352,1.313,60.0,martes,2020 Mar 10 08:00:00 PM,24.0
52,NARIÑO,52390,LA TOLA,52390003,LA VIGÍA DE LA MAR (LA TOLA - NARIÑO),2020,3,6.246,2.414,60.0,jueves,2020 Mar 19 07:15:00 PM,24.0
52,NARIÑO,52390,LA TOLA,52390009,MULATOS (LA TOLA - NARIÑO),2020,3,3.46,2.044,60.0,martes,2020 Mar 10 06:30:00 PM,24.0
52,NARIÑO,52390,LA TOLA,52390016,SAN PABLO DEL MAR (LA TOLA - NARIÑO),2020,3,5.653,1.305,60.0,viernes,2020 Mar 27 05:45:00 PM,24.0
52,NARIÑO,52490,OLAYA HERRERA,52490913,BOCA DE PRIETA (OLAYA HERRERA - NARIÑO),2020,3,4.133,812.0,60.0,lunes,2020 Mar 30 07:15:00 PM,24.0
52,NARIÑO,52490,OLAYA HERRERA,52490008,SAN JOSÉ CALABAZAL (OLAYA HERRERA - NARIÑO),2020,3,6.651,2.071,60.0,viernes,2020 Mar 13 06:45:00 PM,24.0
52,NARIÑO,52835,SAN ANDRÉS DE TUMACO,52835055,BOCAS DE CURAY (TUMACO - NARIÑO),2020,3,8.473,1.544,60.0,sábado,2020 Mar 21 08:00:00 PM,24.0
52,NARIÑO,52835,SAN ANDRÉS DE TUMACO,52835016,PITAL DE LA COSTA (TUMACO - NARIÑO),2020,3,21.146,12.534,92.0,sábado,2020 Mar 28 07:15:00 PM,24.0
52,NARIÑO,52835,SAN ANDRÉS DE TUMACO,52835212,PUEBLO NUEVO (TABLÓN SALADO) (TUMACO - NARIÑO),2020,3,3.753,1.337,60.0,martes,2020 Mar 31 06:30:00 PM,24.0
52,NARIÑO,52835,SAN ANDRÉS DE TUMACO,52835217,SAN JUAN DE LA COSTA (SAN ANDRÉS DE TUMACO - NARIÑO),2020,3,25.614,24.158,144.0,sábado,2020 Mar 28 07:00:00 PM,24.0
52,NARIÑO,52696,SANTA BÁRBARA (ISCUANDÉ),52696017,SANTA RITA (SANTA BARBARA (ISCUANDÉ) - NARIÑO),2020,3,6.109,3.029,60.0,miércoles,2020 Mar 25 07:30:00 PM,24.0
86,PUTUMAYO,86573,PUERTO LEGUÍZAMO,86573009,PIÑUÑA NEGRO (PUERTO LEGUÍZAMO - PUTUMAYO),2020,3,3.463,1.727,60.0,sábado,2020 Mar 28 08:45:00 PM,24.0
86,PUTUMAYO,86573,PUERTO LEGUÍZAMO,86573000,PUERTO LEGUÍZAMO (PUERTO LEGUÍZAMO - PUTUMAYO),2020,3,955.883,320.21,60.0,martes,2020 Mar 17 02:30:00 PM,24.0
76,VALLE DEL CAUCA,76109,BUENAVENTURA,76109028,PUERTO MERIZALDE (BUENAVENTURA - VALLE DEL CAUCA),2020,3,49.768,17.165,60.0,sábado,2020 Mar 21 07:30:00 PM,24.0
76,VALLE DEL CAUCA,76109,BUENAVENTURA,76109032,SAN FRANCISCO NAYA (BUENAVENTURA - VALLE DEL CAUCA),2020,3,7.256,8.306,60.0,domingo,2020 Mar 01 11:30:00 PM,24.0
97,VAUPÉS,97161,CARURÚ,97161000,CARURÚ (CARURÚ - VAUPÉS),2020,3,25.773,9.265,60.0,domingo,2020 Mar 15 06:45:00 PM,24.0
97,VAUPÉS,97001,MITÚ,97001000,MITÚ (MITÚ - VAUPÉS),2020,3,10.326,384.47,2.676,miércoles,2020 Mar 18 12:00:00 AM,24.0
97,VAUPÉS,97666,TARAIRA,97666000,TARAIRA (TARAIRA - VAUPÉS),2020,3,31.036,10.14,60.0,jueves,2020 Mar 19 06:30:00 PM,24.0
99,VICHADA,99773,CUMARIBO,99773000,CUMARIBO (CUMARIBO - VICHADA),2020,3,304.957,127.484,60.0,viernes,2020 Mar 06 06:45:00 PM,24.0
99,VICHADA,99524,LA PRIMAVERA,99524000,LA PRIMAVERA (LA PRIMAVERA - VICHADA),2020,3,383.711,196.027,60.0,martes,2020 Mar 03 06:45:00 PM,24.0
99,VICHADA,99001,PUERTO CARREÑO,99001002,CASUARITO (PUERTO CARREÑO - VICHADA),2020,3,24.368,12.827,60.0,miércoles,2020 Mar 18 07:30:00 PM,24.0
99,VICHADA,99001,PUERTO CARREÑO,99001000,PUERTO CARREÑO (PUERTO CARREÑO - VICHADA),2020,3,10.326,841.122,60.0,miércoles,2020 Mar 11 09:00:00 PM,24.0
99,VICHADA,99624,SANTA ROSALÍA,99624000,SANTA ROSALÍA (SANTA ROSALÍA - VICHADA),2020,3,152.772,76.597,60.0,domingo,2020 Mar 08 07:15:00 PM,24.0
91,AMAZONAS,91001,LETICIA,91001000,LETICIA (LETICIA - AMAZONAS),2020,4,10.326,8.475,60.0,martes,2020 Apr 21 06:45:00 PM,24.0
91,AMAZONAS,91540,PUERTO NARIÑO,91540000,PUERTO NARIÑO (PUERTO NARIÑO - AMAZONAS),2020,4,93.654,32.823,60.0,viernes,2020 Apr 03 06:45:00 PM,24.0
91,AMAZONAS,91798,TARAPACÁ (ANM),91798000,TARAPACÁ (TARAPACÁ (ANM) - AMAZONAS),2020,4,21.751,8.627,60.0,sábado,2020 Apr 11 07:15:00 PM,24.0
5,ANTIOQUIA,5873,VIGÍA DEL FUERTE,5873001,SAN ANTONIO DE PADUA (VIGÍA DEL FUERTE - ANTIOQUIA),2020,4,5.709,1.776,60.0,sábado,2020 Apr 11 07:00:00 PM,24.0
5,ANTIOQUIA,5873,VIGÍA DEL FUERTE,5873002,VEGÁEZ (VIGÍA DEL FUERTE - ANTIOQUIA),2020,4,4.612,588.0,60.0,martes,2020 Apr 07 07:15:00 PM,24.0
5,ANTIOQUIA,5873,VIGÍA DEL FUERTE,5873000,VIGÍA DEL FUERTE (VIGÍA DEL FUERTE - ANTIOQUIA),2020,4,83.515,30.671,60.0,viernes,2020 Apr 17 07:15:00 PM,24.0
88,"ARCHIPIÉLAGO DE SAN ANDRÉS, PROVIDENCIA Y SANTA CATALINA",88564,PROVIDENCIA,88564000,PROVIDENCIA (PROVIDENCIA - ARCHIPIÉLAGO DE SAN ANDRÉS Y PROVIDENCIA),2020,4,920.985,316.309,60.0,martes,2020 Apr 21 08:45:00 PM,24.0
88,"ARCHIPIÉLAGO DE SAN ANDRÉS, PROVIDENCIA Y SANTA CATALINA",88001,SAN ANDRÉS,88001000,SAN ANDRÉS (SAN ANDRÉS - ARCHIPIÉLAGO DE SAN ANDRÉS Y PROVIDENCIA),2020,4,10.326,8.475,60.0,sábado,2020 Apr 11 11:15:00 PM,24.0
13,BOLÍVAR,13001,CARTAGENA DE INDIAS,13001007,ISLA FUERTE (CARTAGENA DE INDIAS - BOLÍVAR),2020,4,12.009,6.651,60.0,lunes,2020 Apr 13 04:00:00 PM,24.0
13,BOLÍVAR,13001,CARTAGENA DE INDIAS,13001037,ISLA MÚCURA (CARTAGENA DE INDIAS - BOLÍVAR),2020,4,7.814,3.342,60.0,miércoles,2020 Apr 29 09:15:00 PM,24.0
13,BOLÍVAR,13001,CARTAGENA DE INDIAS,13001017,SANTA CRUZ DEL ISLOTE (CARTAGENA DE INDIAS - BOLÍVAR),2020,4,10.187,3.321,60.0,jueves,2020 Apr 16 07:45:00 PM,24.0
18,CAQUETÁ,18150,CARTAGENA DEL CHAIRÁ,18150001,REMOLINO DEL CAGUÁN (CARTAGENA DEL CHAIRA - CAQUETÁ),2020,4,12.198,5.968,60.0,sábado,2020 Apr 04 06:45:00 PM,24.0
18,CAQUETÁ,18753,SAN VICENTE DEL CAGUÁN,18753002,GUACAMAYAS (SAN VICENTE DEL CAGUÁN - CAQUETÁ),2020,4,10.927,4.55,60.0,sábado,2020 Apr 25 07:15:00 PM,24.0
18,CAQUETÁ,18753,SAN VICENTE DEL CAGUÁN,18753009,PUERTO BETANIA (SAN VICENTE DEL CAGUÁN - CAQUETÁ),2020,4,3.885,1.597,60.0,domingo,2020 Apr 12 07:00:00 PM,24.0
85,CASANARE,85430,TRINIDAD,85430001,BOCAS DEL PAUTO (TRINIDAD - CASANARE),2020,4,10.384,5.856,60.0,viernes,2020 Apr 17 06:30:00 PM,24.0
19,CAUCA,19418,LÓPEZ DE MICAY,19418038,ISLA DE GALLO (LÓPEZ DE MICAY - CAUCA),2020,4,3.156,1.054,60.0,martes,2020 Apr 14 07:00:00 PM,24.0
19,CAUCA,19418,LÓPEZ DE MICAY,19418019,ZARAGOZA (LOPEZ DE MICAY - CAUCA),2020,4,9.095,3.814,60.0,sábado,2020 Apr 11 09:00:00 PM,24.0
19,CAUCA,19809,TIMBIQUÍ,19809014,CHACÓN (TIMBIQUÍ - CAUCA),2020,4,2.489,425.0,60.0,miércoles,2020 Apr 01 08:00:00 PM,24.0
19,CAUCA,19809,TIMBIQUÍ,19809010,COMUNIDAD DE CHETE (TIMBIQUÍ - CAUCA),2020,4,5.447,1.571,60.0,viernes,2020 Apr 17 07:15:00 PM,24.0
19,CAUCA,19809,TIMBIQUÍ,19809003,COTEJE (TIMBIQUÍ - CAUCA),2020,4,5.83,3.283,60.0,sábado,2020 Apr 18 06:45:00 PM,24.0
19,CAUCA,19809,TIMBIQUÍ,19809023,PUERTO SAIJA (TIMBIQUÍ - CAUCA),2020,4,20.086,6.495,60.0,sábado,2020 Apr 11 07:00:00 PM,24.0
19,CAUCA,19809,TIMBIQUÍ,19809007,SAN JOSÉ (TIMBIQUÍ - CAUCA),2020,4,5.811,3.451,60.0,jueves,2020 Apr 16 07:15:00 PM,24.0
19,CAUCA,19809,TIMBIQUÍ,19809008,SANTA MARÍA (TIMBIQUÍ - CAUCA),2020,4,9.753,3.284,60.0,miércoles,2020 Apr 08 07:45:00 PM,24.0
27,CHOCÓ,27006,ACANDÍ,27006000,ACANDÍ (ACANDÍ - CHOCÓ),2020,4,401.367,179.263,60.0,jueves,2020 Apr 30 09:15:00 PM,24.0
27,CHOCÓ,27006,ACANDÍ,27006003,CAPURGANÁ (ACANDÍ - CHOCO),2020,4,212.215,91.815,60.0,lunes,2020 Apr 27 10:00:00 PM,24.0
27,CHOCÓ,27075,BAHÍA SOLANO (MUTIS),27075000,CIUDAD MUTIS (BAHÍA SOLANO - CHOCÓ),2020,4,543.46,213.836,60.0,sábado,2020 Apr 04 07:15:00 PM,24.0
27,CHOCÓ,27075,BAHÍA SOLANO (MUTIS),27075001,CUPICA (BAHÍA SOLANO - CHOCÓ),2020,4,56.596,22.456,60.0,miércoles,2020 Apr 22 07:30:00 PM,24.0
27,CHOCÓ,27075,BAHÍA SOLANO (MUTIS),27075002,EL VALLE (BAHÍA SOLANO - CHOCÓ),2020,4,137.435,60.116,60.0,viernes,2020 Apr 03 07:00:00 PM,24.0
27,CHOCÓ,27077,BAJO BAUDÓ (PIZARRO),27077000,PIZARRO (BAJO BAUDÓ (PIZARRO) - CHOCÓ),2020,4,188.972,86.448,60.0,lunes,2020 Apr 20 07:30:00 PM,24.0
27,CHOCÓ,27099,BOJAYÁ (BELLAVISTA),27099000,BELLAVISTA (BOJAYÁ (BELLAVISTA) - CHOCÓ),2020,4,77.252,29.13,60.0,miércoles,2020 Apr 22 07:30:00 PM,16.0
27,CHOCÓ,27099,BOJAYÁ (BELLAVISTA),27099002,LA LOMA DE BOJAYÁ (BOJAYÁ (BELLAVISTA) - CHOCÓ),2020,4,12.637,5.003,60.0,martes,2020 Apr 14 06:45:00 PM,24.0
27,CHOCÓ,27099,BOJAYÁ (BELLAVISTA),27099005,NAPIPÍ (BOJAYÁ (BELLAVISTA) - CHOCÓ),2020,4,9.75,2.342,64.0,sábado,2020 Apr 11 08:15:00 PM,24.0
27,CHOCÓ,27099,BOJAYÁ (BELLAVISTA),27099008,PUERTO CONTO (BOJAYÁ (BELLAVISTA) - CHOCO),2020,4,6.144,1.567,48.0,lunes,2020 Apr 20 07:00:00 PM,24.0
27,CHOCÓ,27250,EL LITORAL DEL SAN JUAN,27250000,SANTA GENOVEVA DE DOCORDÓ (EL LITORAL DEL SAN JUAN - CHOCÓ),2020,4,35.046,17.76,60.0,lunes,2020 Apr 20 07:30:00 PM,24.0
27,CHOCÓ,27425,MEDIO ATRATO (BETÉ),27425000,BETÉ (MEDIO ATRATO (BETÉ) - CHOCÓ),2020,4,7.109,2.671,76.0,martes,2020 Apr 14 07:00:00 PM,24.0
27,CHOCÓ,27495,NUQUÍ,27495001,ARUSÍ (NUQUÍ - CHOCO),2020,4,10.079,3.967,60.0,miércoles,2020 Apr 22 07:00:00 PM,24.0
27,CHOCÓ,27495,NUQUÍ,27495912,COMUNIDAD INDÍGENA DE PANGUÍ - EL YUCAL (NUQUÍ - CHOCÓ),2020,4,3.676,1.17,60.0,lunes,2020 Apr 13 03:30:00 PM,24.0
27,CHOCÓ,27495,NUQUÍ,27495000,NUQUÍ (NUQUÍ - CHOCÓ),2020,4,222.28,71.008,60.0,martes,2020 Apr 28 07:15:00 PM,24.0
27,CHOCÓ,27001,QUIBDÓ,27001029,TAGACHI (QUIBDÓ - CHOCÓ),2020,4,3.386,733.0,60.0,sábado,2020 Apr 11 07:45:00 PM,24.0
27,CHOCÓ,27745,SIPÍ,27745000,SIPÍ (SIPÍ - CHOCO),2020,4,11.009,3.069,60.0,jueves,2020 Apr 30 07:15:00 PM,24.0
27,CHOCÓ,27800,UNGUÍA,27800001,BALBOA (UNGUÍA - CHOCÓ),2020,4,15.223,6.318,60.0,sábado,2020 Apr 18 07:15:00 PM,24.0
27,CHOCÓ,27800,UNGUÍA,27800005,TITUMATE (UNGUÍA - CHOCÓ),2020,4,8.868,3.169,60.0,lunes,2020 Apr 13 07:45:00 PM,24.0
27,CHOCÓ,27800,UNGUÍA,27800000,UNGUÍA (UNGUÍA - CHOCÓ),2020,4,255.627,92.448,60.0,sábado,2020 Apr 25 08:30:00 PM,24.0
94,GUAINÍA,94343,BARRANCOMINAS,94343000,BARRANCOMINAS (BARRANCOMINAS - GUAINÍA),2020,4,36.593,12.68,60.0,sábado,2020 Apr 25 06:45:00 PM,24.0
94,GUAINÍA,94001,INÍRIDA,94001000,INÍRIDA (INÍRIDA - GUAINÍA),2020,4,10.326,504.667,60.0,jueves,2020 Apr 16 02:30:00 PM,24.0
95,GUAVIARE,95200,MIRAFLORES,95200000,MIRAFLORES (MIRAFLORES - GUAVIARE),2020,4,76.385,26.715,60.0,jueves,2020 Apr 16 06:30:00 PM,24.0
44,LA GUAJIRA,44847,URIBIA,44847012,NAZARETH (URIBIA - LA GUAJIRA),2020,4,27.348,11.383,60.0,jueves,2020 Apr 16 07:15:00 PM,24.0
47,MAGDALENA,47189,CIÉNAGA,47189018,PALMOR (CIÉNAGA - MAGDALENA),2020,4,81.023,28.009,60.0,miércoles,2020 Apr 08 07:00:00 PM,24.0
50,META,50325,MAPIRIPÁN,50325000,MAPIRIPÁN (MAPIRIPÁN - META),2020,4,127.291,51.428,60.0,jueves,2020 Apr 30 07:00:00 PM,24.0
52,NARIÑO,52250,EL CHARCO,52250023,BAZÁN (EL CHARCO - NARIÑO),2020,4,19.032,10.726,60.0,jueves,2020 Apr 30 09:00:00 PM,24.0
52,NARIÑO,52250,EL CHARCO,52250003,BOLÍVAR - SAN PEDRO (EL CHARCO - NARIÑO),2020,4,4.411,3.293,60.0,miércoles,2020 Apr 08 07:45:00 PM,24.0
52,NARIÑO,52250,EL CHARCO,52250007,SAN JOSÉ DEL TAPAJE (EL CHARCO - NARIÑO),2020,4,16.41,3.622,104.0,martes,2020 Apr 14 07:30:00 PM,24.0
52,NARIÑO,52390,LA TOLA,52390013,AMÁRALES (LA TOLA - NARIÑO),2020,4,9.766,2.117,60.0,miércoles,2020 Apr 08 07:00:00 PM,24.0
52,NARIÑO,52390,LA TOLA,52390003,LA VIGÍA DE LA MAR (LA TOLA - NARIÑO),2020,4,6.428,2.565,60.0,martes,2020 Apr 07 12:30:00 AM,24.0
52,NARIÑO,52390,LA TOLA,52390009,MULATOS (LA TOLA - NARIÑO),2020,4,3.932,2.249,60.0,lunes,2020 Apr 20 05:45:00 PM,24.0
52,NARIÑO,52390,LA TOLA,52390016,SAN PABLO DEL MAR (LA TOLA - NARIÑO),2020,4,4.908,1.168,60.0,domingo,2020 Apr 05 07:00:00 PM,24.0
52,NARIÑO,52490,OLAYA HERRERA,52490913,BOCA DE PRIETA (OLAYA HERRERA - NARIÑO),2020,4,4.257,853.0,60.0,lunes,2020 Apr 13 07:00:00 PM,24.0
52,NARIÑO,52490,OLAYA HERRERA,52490008,SAN JOSÉ CALABAZAL (OLAYA HERRERA - NARIÑO),2020,4,6.747,2.047,60.0,miércoles,2020 Apr 08 07:15:00 PM,24.0
52,NARIÑO,52835,SAN ANDRÉS DE TUMACO,52835055,BOCAS DE CURAY (TUMACO - NARIÑO),2020,4,7.703,1.303,60.0,miércoles,2020 Apr 08 07:15:00 PM,24.0
52,NARIÑO,52835,SAN ANDRÉS DE TUMACO,52835016,PITAL DE LA COSTA (TUMACO - NARIÑO),2020,4,18.75,10.714,92.0,domingo,2020 Apr 19 07:45:00 PM,24.0
52,NARIÑO,52835,SAN ANDRÉS DE TUMACO,52835212,PUEBLO NUEVO (TABLÓN SALADO) (TUMACO - NARIÑO),2020,4,2.976,1.064,60.0,viernes,2020 Apr 03 07:00:00 PM,24.0
52,NARIÑO,52835,SAN ANDRÉS DE TUMACO,52835217,SAN JUAN DE LA COSTA (SAN ANDRÉS DE TUMACO - NARIÑO),2020,4,32.742,27.695,60.0,lunes,2020 Apr 27 06:45:00 PM,24.0
52,NARIÑO,52696,SANTA BÁRBARA (ISCUANDÉ),52696014,LA ENSENADA (SANTA BÁRBARA (ISCUANDÉ) - NARIÑO),2020,4,3.919,5.273,60.0,sábado,2020 Apr 18 07:30:00 PM,24.0
52,NARIÑO,52696,SANTA BÁRBARA (ISCUANDÉ),52696017,SANTA RITA (SANTA BARBARA (ISCUANDÉ) - NARIÑO),2020,4,8.035,4.377,60.0,jueves,2020 Apr 30 07:15:00 PM,24.0
86,PUTUMAYO,86573,PUERTO LEGUÍZAMO,86573009,PIÑUÑA NEGRO (PUERTO LEGUÍZAMO - PUTUMAYO),2020,4,2.734,1.311,60.0,domingo,2020 Apr 26 08:45:00 PM,24.0
86,PUTUMAYO,86573,PUERTO LEGUÍZAMO,86573000,PUERTO LEGUÍZAMO (PUERTO LEGUÍZAMO - PUTUMAYO),2020,4,833.519,267.292,60.0,martes,2020 Apr 14 03:30:00 PM,24.0
76,VALLE DEL CAUCA,76109,BUENAVENTURA,76109028,PUERTO MERIZALDE (BUENAVENTURA - VALLE DEL CAUCA),2020,4,42.249,12.924,60.0,jueves,2020 Apr 30 06:15:00 PM,24.0
76,VALLE DEL CAUCA,76109,BUENAVENTURA,76109032,SAN FRANCISCO NAYA (BUENAVENTURA - VALLE DEL CAUCA),2020,4,5.113,3.96,60.0,sábado,2020 Apr 18 06:15:00 PM,24.0
97,VAUPÉS,97161,CARURÚ,97161000,CARURÚ (CARURÚ - VAUPÉS),2020,4,21.995,7.588,60.0,jueves,2020 Apr 16 06:45:00 PM,24.0
97,VAUPÉS,97001,MITÚ,97001000,MITÚ (MITÚ - VAUPÉS),2020,4,10.326,348.708,60.0,martes,2020 Apr 14 11:45:00 PM,24.0
97,VAUPÉS,97666,TARAIRA,97666000,TARAIRA (TARAIRA - VAUPÉS),2020,4,21.427,6.856,60.0,jueves,2020 Apr 16 12:30:00 AM,24.0
99,VICHADA,99773,CUMARIBO,99773000,CUMARIBO (CUMARIBO - VICHADA),2020,4,236.561,102.642,550.0,lunes,2020 Apr 27 01:15:00 PM,24.0
99,VICHADA,99524,LA PRIMAVERA,99524000,LA PRIMAVERA (LA PRIMAVERA - VICHADA),2020,4,320.306,163.912,60.0,lunes,2020 Apr 27 06:45:00 PM,24.0
99,VICHADA,99001,PUERTO CARREÑO,99001002,CASUARITO (PUERTO CARREÑO - VICHADA),2020,4,24.497,13.891,60.0,lunes,2020 Apr 27 07:45:00 PM,24.0
99,VICHADA,99001,PUERTO CARREÑO,99001000,PUERTO CARREÑO (PUERTO CARREÑO - VICHADA),2020,4,10.326,712.643,60.0,lunes,2020 Apr 27 09:45:00 PM,24.0
99,VICHADA,99624,SANTA ROSALÍA,99624000,SANTA ROSALÍA (SANTA ROSALÍA - VICHADA),2020,4,132.805,69.588,60.0,lunes,2020 Apr 27 07:45:00 PM,24.0
91,AMAZONAS,91001,LETICIA,91001000,LETICIA (LETICIA - AMAZONAS),2020,5,10.326,8.475,60.0,lunes,2020 May 11 06:30:00 PM,24.0
91,AMAZONAS,91540,PUERTO NARIÑO,91540000,PUERTO NARIÑO (PUERTO NARIÑO - AMAZONAS),2020,5,87.291,29.943,60.0,lunes,2020 May 11 06:45:00 PM,24.0
91,AMAZONAS,91798,TARAPACÁ (ANM),91798000,TARAPACÁ (TARAPACÁ (ANM) - AMAZONAS),2020,5,21.59,8.699,60.0,viernes,2020 May 01 06:45:00 PM,24.0
5,ANTIOQUIA,5873,VIGÍA DEL FUERTE,5873002,VEGÁEZ (VIGÍA DEL FUERTE - ANTIOQUIA),2020,5,6.29,846.0,60.0,lunes,2020 May 04 06:00:00 PM,24.0
5,ANTIOQUIA,5873,VIGÍA DEL FUERTE,5873000,VIGÍA DEL FUERTE (VIGÍA DEL FUERTE - ANTIOQUIA),2020,5,89.878,32.959,60.0,lunes,2020 May 18 01:15:00 PM,24.0
88,"ARCHIPIÉLAGO DE SAN ANDRÉS, PROVIDENCIA Y SANTA CATALINA",88564,PROVIDENCIA,88564000,PROVIDENCIA (PROVIDENCIA - ARCHIPIÉLAGO DE SAN ANDRÉS Y PROVIDENCIA),2020,5,989.193,332.232,60.0,martes,2020 May 26 10:00:00 PM,24.0
88,"ARCHIPIÉLAGO DE SAN ANDRÉS, PROVIDENCIA Y SANTA CATALINA",88001,SAN ANDRÉS,88001000,SAN ANDRÉS (SAN ANDRÉS - ARCHIPIÉLAGO DE SAN ANDRÉS Y PROVIDENCIA),2020,5,10.326,8.475,60.0,martes,2020 May 26 11:30:00 PM,24.0
13,BOLÍVAR,13001,CARTAGENA DE INDIAS,13001007,ISLA FUERTE (CARTAGENA DE INDIAS - BOLÍVAR),2020,5,12.198,6.757,60.0,martes,2020 May 26 03:45:00 PM,24.0
13,BOLÍVAR,13001,CARTAGENA DE INDIAS,13001037,ISLA MÚCURA (CARTAGENA DE INDIAS - BOLÍVAR),2020,5,7.325,3.032,60.0,lunes,2020 May 25 09:30:00 PM,24.0
18,CAQUETÁ,18150,CARTAGENA DEL CHAIRÁ,18150001,REMOLINO DEL CAGUÁN (CARTAGENA DEL CHAIRA - CAQUETÁ),2020,5,14.773,7.473,60.0,jueves,2020 May 14 07:30:00 PM,24.0
18,CAQUETÁ,18753,SAN VICENTE DEL CAGUÁN,18753009,PUERTO BETANIA (SAN VICENTE DEL CAGUÁN - CAQUETÁ),2020,5,4.388,1.763,60.0,sábado,2020 May 23 08:00:00 PM,24.0
85,CASANARE,85430,TRINIDAD,85430001,BOCAS DEL PAUTO (TRINIDAD - CASANARE),2020,5,13.855,7.993,60.0,sábado,2020 May 23 06:30:00 PM,24.0
19,CAUCA,19418,LÓPEZ DE MICAY,19418038,ISLA DE GALLO (LÓPEZ DE MICAY - CAUCA),2020,5,3.648,1.191,60.0,miércoles,2020 May 13 07:30:00 PM,24.0
19,CAUCA,19418,LÓPEZ DE MICAY,19418019,ZARAGOZA (LOPEZ DE MICAY - CAUCA),2020,5,8.99,3.802,60.0,domingo,2020 May 03 06:30:00 PM,24.0
19,CAUCA,19809,TIMBIQUÍ,19809014,CHACÓN (TIMBIQUÍ - CAUCA),2020,5,3.194,511.0,60.0,lunes,2020 May 18 07:15:00 PM,24.0
19,CAUCA,19809,TIMBIQUÍ,19809010,COMUNIDAD DE CHETE (TIMBIQUÍ - CAUCA),2020,5,6.822,1.993,60.0,miércoles,2020 May 06 06:45:00 PM,24.0
19,CAUCA,19809,TIMBIQUÍ,19809003,COTEJE (TIMBIQUÍ - CAUCA),2020,5,6.713,3.756,60.0,viernes,2020 May 08 07:45:00 PM,24.0
19,CAUCA,19809,TIMBIQUÍ,19809023,PUERTO SAIJA (TIMBIQUÍ - CAUCA),2020,5,26.67,9.025,60.0,miércoles,2020 May 06 07:30:00 PM,24.0
19,CAUCA,19809,TIMBIQUÍ,19809007,SAN JOSÉ (TIMBIQUÍ - CAUCA),2020,5,6.603,4.117,60.0,miércoles,2020 May 27 06:45:00 PM,24.0
19,CAUCA,19809,TIMBIQUÍ,19809008,SANTA MARÍA (TIMBIQUÍ - CAUCA),2020,5,12.512,4.555,60.0,martes,2020 May 26 06:45:00 PM,24.0
27,CHOCÓ,27006,ACANDÍ,27006000,ACANDÍ (ACANDÍ - CHOCÓ),2020,5,437.454,187.343,60.0,jueves,2020 May 28 09:30:00 PM,24.0
27,CHOCÓ,27006,ACANDÍ,27006003,CAPURGANÁ (ACANDÍ - CHOCO),2020,5,220.933,93.698,60.0,sábado,2020 May 02 10:00:00 PM,24.0
27,CHOCÓ,27025,ALTO BAUDÓ (PIE DE PATO),27025000,CIUDAD BAUDÓ - PIE DE PATO (ALTO BAUDÓ - CHOCÓ),2020,5,43.107,12.292,60.0,jueves,2020 May 21 07:15:00 PM,24.0
27,CHOCÓ,27075,BAHÍA SOLANO (MUTIS),27075000,CIUDAD MUTIS (BAHÍA SOLANO - CHOCÓ),2020,5,599.459,246.004,1.1,jueves,2020 May 07 07:45:00 PM,24.0
27,CHOCÓ,27075,BAHÍA SOLANO (MUTIS),27075001,CUPICA (BAHÍA SOLANO - CHOCÓ),2020,5,61.108,24.351,60.0,miércoles,2020 May 13 07:00:00 PM,24.0
27,CHOCÓ,27075,BAHÍA SOLANO (MUTIS),27075002,EL VALLE (BAHÍA SOLANO - CHOCÓ),2020,5,139.418,59.727,60.0,sábado,2020 May 09 07:00:00 PM,24.0
27,CHOCÓ,27077,BAJO BAUDÓ (PIZARRO),27077000,PIZARRO (BAJO BAUDÓ (PIZARRO) - CHOCÓ),2020,5,196.794,90.691,60.0,lunes,2020 May 04 07:15:00 PM,24.0
27,CHOCÓ,27099,BOJAYÁ (BELLAVISTA),27099000,BELLAVISTA (BOJAYÁ (BELLAVISTA) - CHOCÓ),2020,5,83.271,31.079,60.0,martes,2020 May 26 06:45:00 PM,24.0
27,CHOCÓ,27099,BOJAYÁ (BELLAVISTA),27099002,LA LOMA DE BOJAYÁ (BOJAYÁ (BELLAVISTA) - CHOCÓ),2020,5,12.586,5.065,60.0,lunes,2020 May 25 07:00:00 PM,24.0
27,CHOCÓ,27099,BOJAYÁ (BELLAVISTA),27099005,NAPIPÍ (BOJAYÁ (BELLAVISTA) - CHOCÓ),2020,5,7.77,2.033,60.0,viernes,2020 May 22 07:45:00 PM,24.0
27,CHOCÓ,27250,EL LITORAL DEL SAN JUAN,27250000,SANTA GENOVEVA DE DOCORDÓ (EL LITORAL DEL SAN JUAN - CHOCÓ),2020,5,61.706,31.729,60.0,sábado,2020 May 23 07:15:00 PM,24.0
27,CHOCÓ,27425,MEDIO ATRATO (BETÉ),27425000,BETÉ (MEDIO ATRATO (BETÉ) - CHOCÓ),2020,5,12.887,5.49,68.0,lunes,2020 May 04 07:45:00 PM,24.0
27,CHOCÓ,27425,MEDIO ATRATO (BETÉ),27425008,SAN ROQUE (MEDIO ATRATO (BETÉ) - CHOCÓ),2020,5,2.801,542.0,60.0,domingo,2020 May 31 07:30:00 PM,24.0
27,CHOCÓ,27495,NUQUÍ,27495001,ARUSÍ (NUQUÍ - CHOCO),2020,5,10.291,4.08,60.0,miércoles,2020 May 06 06:30:00 PM,8.0
27,CHOCÓ,27495,NUQUÍ,27495912,COMUNIDAD INDÍGENA DE PANGUÍ - EL YUCAL (NUQUÍ - CHOCÓ),2020,5,6.546,1.603,60.0,sábado,2020 May 30 06:15:00 PM,24.0
27,CHOCÓ,27495,NUQUÍ,27495000,NUQUÍ (NUQUÍ - CHOCÓ),2020,5,222.546,71.853,60.0,miércoles,2020 May 13 07:30:00 PM,24.0
27,CHOCÓ,27001,QUIBDÓ,27001029,TAGACHI (QUIBDÓ - CHOCÓ),2020,5,6.205,1.363,60.0,sábado,2020 May 02 08:15:00 PM,24.0
27,CHOCÓ,27745,SIPÍ,27745000,SIPÍ (SIPÍ - CHOCO),2020,5,10.45,2.798,60.0,lunes,2020 May 25 07:00:00 PM,24.0
27,CHOCÓ,27800,UNGUÍA,27800001,BALBOA (UNGUÍA - CHOCÓ),2020,5,15.548,6.334,60.0,viernes,2020 May 22 08:00:00 PM,24.0
27,CHOCÓ,27800,UNGUÍA,27800005,TITUMATE (UNGUÍA - CHOCÓ),2020,5,10.671,3.799,60.0,domingo,2020 May 24 08:00:00 PM,24.0
27,CHOCÓ,27800,UNGUÍA,27800000,UNGUÍA (UNGUÍA - CHOCÓ),2020,5,270.445,94.747,60.0,lunes,2020 May 25 08:45:00 PM,24.0
94,GUAINÍA,94343,BARRANCOMINAS,94343000,BARRANCOMINAS (BARRANCOMINAS - GUAINÍA),2020,5,36.573,11.609,144.0,miércoles,2020 May 20 06:30:00 PM,24.0
94,GUAINÍA,94001,INÍRIDA,94001000,INÍRIDA (INÍRIDA - GUAINÍA),2020,5,10.326,488.07,2.706,jueves,2020 May 21 02:30:00 PM,24.0
95,GUAVIARE,95200,MIRAFLORES,95200000,MIRAFLORES (MIRAFLORES - GUAVIARE),2020,5,77.588,26.796,60.0,viernes,2020 May 29 06:15:00 PM,24.0
44,LA GUAJIRA,44847,URIBIA,44847012,NAZARETH (URIBIA - LA GUAJIRA),2020,5,27.489,11.593,60.0,martes,2020 May 12 07:00:00 PM,24.0
47,MAGDALENA,47189,CIÉNAGA,47189018,PALMOR (CIÉNAGA - MAGDALENA),2020,5,51.375,19.515,60.0,sábado,2020 May 02 07:00:00 PM,24.0
50,META,50325,MAPIRIPÁN,50325000,MAPIRIPÁN (MAPIRIPÁN - META),2020,5,134.889,55.455,60.0,lunes,2020 May 11 07:00:00 PM,24.0
52,NARIÑO,52250,EL CHARCO,52250023,BAZÁN (EL CHARCO - NARIÑO),2020,5,19.902,12.779,60.0,viernes,2020 May 22 07:30:00 PM,24.0
52,NARIÑO,52250,EL CHARCO,52250007,SAN JOSÉ DEL TAPAJE (EL CHARCO - NARIÑO),2020,5,16.35,3.784,96.0,miércoles,2020 May 06 08:00:00 PM,24.0
52,NARIÑO,52390,LA TOLA,52390013,AMÁRALES (LA TOLA - NARIÑO),2020,5,9.895,2.162,60.0,jueves,2020 May 07 07:45:00 PM,24.0
52,NARIÑO,52390,LA TOLA,52390003,LA VIGÍA DE LA MAR (LA TOLA - NARIÑO),2020,5,6.305,2.716,60.0,miércoles,2020 May 06 07:00:00 PM,24.0
52,NARIÑO,52490,OLAYA HERRERA,52490913,BOCA DE PRIETA (OLAYA HERRERA - NARIÑO),2020,5,4.208,764.0,60.0,lunes,2020 May 11 06:45:00 PM,24.0
52,NARIÑO,52490,OLAYA HERRERA,52490008,SAN JOSÉ CALABAZAL (OLAYA HERRERA - NARIÑO),2020,5,6.378,2.088,60.0,lunes,2020 May 11 06:30:00 PM,24.0
52,NARIÑO,52835,SAN ANDRÉS DE TUMACO,52835055,BOCAS DE CURAY (TUMACO - NARIÑO),2020,5,8.89,1.549,60.0,domingo,2020 May 03 11:15:00 PM,24.0
52,NARIÑO,52835,SAN ANDRÉS DE TUMACO,52835016,PITAL DE LA COSTA (TUMACO - NARIÑO),2020,5,14.058,8.041,84.0,jueves,2020 May 14 07:00:00 PM,24.0
52,NARIÑO,52835,SAN ANDRÉS DE TUMACO,52835212,PUEBLO NUEVO (TABLÓN SALADO) (TUMACO - NARIÑO),2020,5,3.771,1.381,60.0,jueves,2020 May 07 06:30:00 PM,24.0
52,NARIÑO,52835,SAN ANDRÉS DE TUMACO,52835217,SAN JUAN DE LA COSTA (SAN ANDRÉS DE TUMACO - NARIÑO),2020,5,32.946,27.958,60.0,viernes,2020 May 15 07:00:00 PM,24.0
52,NARIÑO,52696,SANTA BÁRBARA (ISCUANDÉ),52696014,LA ENSENADA (SANTA BÁRBARA (ISCUANDÉ) - NARIÑO),2020,5,3.882,5.491,60.0,lunes,2020 May 04 07:00:00 PM,24.0
52,NARIÑO,52696,SANTA BÁRBARA (ISCUANDÉ),52696017,SANTA RITA (SANTA BARBARA (ISCUANDÉ) - NARIÑO),2020,5,6.954,3.632,60.0,viernes,2020 May 15 08:00:00 PM,24.0
86,PUTUMAYO,86573,PUERTO LEGUÍZAMO,86573009,PIÑUÑA NEGRO (PUERTO LEGUÍZAMO - PUTUMAYO),2020,5,2.729,1.322,60.0,domingo,2020 May 31 09:15:00 PM,24.0
86,PUTUMAYO,86573,PUERTO LEGUÍZAMO,86573000,PUERTO LEGUÍZAMO (PUERTO LEGUÍZAMO - PUTUMAYO),2020,5,831.672,271.979,60.0,jueves,2020 May 28 03:00:00 PM,24.0
76,VALLE DEL CAUCA,76109,BUENAVENTURA,76109032,SAN FRANCISCO NAYA (BUENAVENTURA - VALLE DEL CAUCA),2020,5,5.744,3.439,60.0,sábado,2020 May 09 07:00:00 PM,24.0
97,VAUPÉS,97161,CARURÚ,97161000,CARURÚ (CARURÚ - VAUPÉS),2020,5,19.31,6.265,60.0,sábado,2020 May 09 06:45:00 PM,24.0
97,VAUPÉS,97001,MITÚ,97001000,MITÚ (MITÚ - VAUPÉS),2020,5,10.326,363.933,60.0,martes,2020 May 12 12:00:00 AM,24.0
97,VAUPÉS,97666,TARAIRA,97666000,TARAIRA (TARAIRA - VAUPÉS),2020,5,25.837,8.139,60.0,viernes,2020 May 01 01:00:00 PM,24.0
99,VICHADA,99773,CUMARIBO,99773000,CUMARIBO (CUMARIBO - VICHADA),2020,5,238.166,103.616,60.0,martes,2020 May 12 01:15:00 PM,24.0
99,VICHADA,99524,LA PRIMAVERA,99524000,LA PRIMAVERA (LA PRIMAVERA - VICHADA),2020,5,329.807,163.079,60.0,martes,2020 May 19 06:30:00 PM,24.0
99,VICHADA,99001,PUERTO CARREÑO,99001002,CASUARITO (PUERTO CARREÑO - VICHADA),2020,5,25.27,14.477,60.0,martes,2020 May 12 07:45:00 PM,24.0
99,VICHADA,99001,PUERTO CARREÑO,99001000,PUERTO CARREÑO (PUERTO CARREÑO - VICHADA),2020,5,10.326,740.233,60.0,martes,2020 May 12 08:45:00 PM,24.0
91,AMAZONAS,91001,LETICIA,91001000,LETICIA (LETICIA - AMAZONAS),2020,6,10.326,8.475,60.0,miércoles,2020 Jun 24 06:15:00 PM,24.0
91,AMAZONAS,91540,PUERTO NARIÑO,91540000,PUERTO NARIÑO (PUERTO NARIÑO - AMAZONAS),2020,6,78.493,29.097,60.0,martes,2020 Jun 23 06:30:00 PM,24.0
91,AMAZONAS,91798,TARAPACÁ (ANM),91798000,TARAPACÁ (TARAPACÁ (ANM) - AMAZONAS),2020,6,21.01,8.908,60.0,miércoles,2020 Jun 10 06:45:00 PM,24.0
5,ANTIOQUIA,5873,VIGÍA DEL FUERTE,5873002,VEGÁEZ (VIGÍA DEL FUERTE - ANTIOQUIA),2020,6,5.923,722.0,60.0,jueves,2020 Jun 18 09:00:00 PM,24.0
88,"ARCHIPIÉLAGO DE SAN ANDRÉS, PROVIDENCIA Y SANTA CATALINA",88564,PROVIDENCIA,88564000,PROVIDENCIA (PROVIDENCIA - ARCHIPIÉLAGO DE SAN ANDRÉS Y PROVIDENCIA),2020,6,933.652,309.808,60.0,lunes,2020 Jun 08 10:45:00 PM,24.0
88,"ARCHIPIÉLAGO DE SAN ANDRÉS, PROVIDENCIA Y SANTA CATALINA",88001,SAN ANDRÉS,88001000,SAN ANDRÉS (SAN ANDRÉS - ARCHIPIÉLAGO DE SAN ANDRÉS Y PROVIDENCIA),2020,6,10.326,8.475,60.0,lunes,2020 Jun 08 11:30:00 PM,24.0
13,BOLÍVAR,13001,CARTAGENA DE INDIAS,13001007,ISLA FUERTE (CARTAGENA DE INDIAS - BOLÍVAR),2020,6,12.267,6.863,60.0,martes,2020 Jun 16 02:30:00 PM,24.0
13,BOLÍVAR,13001,CARTAGENA DE INDIAS,13001037,ISLA MÚCURA (CARTAGENA DE INDIAS - BOLÍVAR),2020,6,7.21,2.949,60.0,domingo,2020 Jun 07 08:30:00 PM,24.0
18,CAQUETÁ,18150,CARTAGENA DEL CHAIRÁ,18150001,REMOLINO DEL CAGUÁN (CARTAGENA DEL CHAIRA - CAQUETÁ),2020,6,13.591,6.778,60.0,sábado,2020 Jun 13 07:00:00 PM,24.0
18,CAQUETÁ,18753,SAN VICENTE DEL CAGUÁN,18753002,GUACAMAYAS (SAN VICENTE DEL CAGUÁN - CAQUETÁ),2020,6,2.236,846.0,60.0,sábado,2020 Jun 27 08:00:00 PM,24.0
18,CAQUETÁ,18753,SAN VICENTE DEL CAGUÁN,18753009,PUERTO BETANIA (SAN VICENTE DEL CAGUÁN - CAQUETÁ),2020,6,4.664,1.944,60.0,jueves,2020 Jun 25 07:30:00 PM,24.0
85,CASANARE,85430,TRINIDAD,85430001,BOCAS DEL PAUTO (TRINIDAD - CASANARE),2020,6,9.236,5.212,60.0,lunes,2020 Jun 01 06:30:00 PM,24.0
19,CAUCA,19418,LÓPEZ DE MICAY,19418038,ISLA DE GALLO (LÓPEZ DE MICAY - CAUCA),2020,6,3.463,1.191,60.0,viernes,2020 Jun 19 06:30:00 PM,24.0
19,CAUCA,19418,LÓPEZ DE MICAY,19418019,ZARAGOZA (LOPEZ DE MICAY - CAUCA),2020,6,7.756,3.427,60.0,domingo,2020 Jun 21 08:30:00 PM,24.0
19,CAUCA,19809,TIMBIQUÍ,19809014,CHACÓN (TIMBIQUÍ - CAUCA),2020,6,3.453,615.0,60.0,jueves,2020 Jun 11 07:30:00 PM,24.0
19,CAUCA,19809,TIMBIQUÍ,19809010,COMUNIDAD DE CHETE (TIMBIQUÍ - CAUCA),2020,6,6.797,2.029,60.0,domingo,2020 Jun 07 07:45:00 PM,24.0
19,CAUCA,19809,TIMBIQUÍ,19809003,COTEJE (TIMBIQUÍ - CAUCA),2020,6,6.029,3.486,60.0,martes,2020 Jun 23 07:15:00 PM,24.0
19,CAUCA,19809,TIMBIQUÍ,19809023,PUERTO SAIJA (TIMBIQUÍ - CAUCA),2020,6,27.081,9.553,60.0,lunes,2020 Jun 22 07:15:00 PM,24.0
19,CAUCA,19809,TIMBIQUÍ,19809007,SAN JOSÉ (TIMBIQUÍ - CAUCA),2020,6,7.795,4.715,60.0,sábado,2020 Jun 27 07:15:00 PM,24.0
19,CAUCA,19809,TIMBIQUÍ,19809008,SANTA MARÍA (TIMBIQUÍ - CAUCA),2020,6,11.476,4.268,60.0,viernes,2020 Jun 26 07:00:00 PM,24.0
27,CHOCÓ,27006,ACANDÍ,27006000,ACANDÍ (ACANDÍ - CHOCÓ),2020,6,406.862,180.889,60.0,martes,2020 Jun 09 08:45:00 PM,24.0
27,CHOCÓ,27025,ALTO BAUDÓ (PIE DE PATO),27025000,CIUDAD BAUDÓ - PIE DE PATO (ALTO BAUDÓ - CHOCÓ),2020,6,24.52,7.004,60.0,viernes,2020 Jun 05 06:45:00 PM,24.0
27,CHOCÓ,27075,BAHÍA SOLANO (MUTIS),27075000,CIUDAD MUTIS (BAHÍA SOLANO - CHOCÓ),2020,6,567.225,227.852,60.0,miércoles,2020 Jun 17 07:15:00 PM,24.0
27,CHOCÓ,27075,BAHÍA SOLANO (MUTIS),27075001,CUPICA (BAHÍA SOLANO - CHOCÓ),2020,6,56.575,23.748,60.0,sábado,2020 Jun 06 07:30:00 PM,24.0
27,CHOCÓ,27075,BAHÍA SOLANO (MUTIS),27075002,EL VALLE (BAHÍA SOLANO - CHOCÓ),2020,6,132.657,56.987,60.0,jueves,2020 Jun 18 07:30:00 PM,24.0
27,CHOCÓ,27077,BAJO BAUDÓ (PIZARRO),27077000,PIZARRO (BAJO BAUDÓ (PIZARRO) - CHOCÓ),2020,6,179.367,83.558,60.0,lunes,2020 Jun 08 07:30:00 PM,24.0
27,CHOCÓ,27099,BOJAYÁ (BELLAVISTA),27099000,BELLAVISTA (BOJAYÁ (BELLAVISTA) - CHOCÓ),2020,6,62.232,23.38,60.0,jueves,2020 Jun 18 07:30:00 PM,24.0
27,CHOCÓ,27099,BOJAYÁ (BELLAVISTA),27099002,LA LOMA DE BOJAYÁ (BOJAYÁ (BELLAVISTA) - CHOCÓ),2020,6,10.97,4.317,60.0,lunes,2020 Jun 08 07:00:00 PM,24.0
27,CHOCÓ,27099,BOJAYÁ (BELLAVISTA),27099005,NAPIPÍ (BOJAYÁ (BELLAVISTA) - CHOCÓ),2020,6,9.297,2.378,60.0,sábado,2020 Jun 27 07:30:00 PM,24.0
27,CHOCÓ,27250,EL LITORAL DEL SAN JUAN,27250000,SANTA GENOVEVA DE DOCORDÓ (EL LITORAL DEL SAN JUAN - CHOCÓ),2020,6,57.867,29.566,60.0,lunes,2020 Jun 01 07:45:00 PM,24.0
27,CHOCÓ,27425,MEDIO ATRATO (BETÉ),27425000,BETÉ (MEDIO ATRATO (BETÉ) - CHOCÓ),2020,6,13.034,5.977,72.0,martes,2020 Jun 30 07:15:00 PM,24.0
27,CHOCÓ,27495,NUQUÍ,27495001,ARUSÍ (NUQUÍ - CHOCO),2020,6,9.66,3.706,60.0,lunes,2020 Jun 15 07:45:00 PM,24.0
27,CHOCÓ,27495,NUQUÍ,27495000,NUQUÍ (NUQUÍ - CHOCÓ),2020,6,226.027,73.899,60.0,lunes,2020 Jun 08 07:15:00 PM,8.0
27,CHOCÓ,27745,SIPÍ,27745000,SIPÍ (SIPÍ - CHOCO),2020,6,10.264,3.066,60.0,martes,2020 Jun 02 07:00:00 PM,24.0
27,CHOCÓ,27800,UNGUÍA,27800001,BALBOA (UNGUÍA - CHOCÓ),2020,6,15.36,6.198,60.0,sábado,2020 Jun 27 07:45:00 PM,24.0
27,CHOCÓ,27800,UNGUÍA,27800005,TITUMATE (UNGUÍA - CHOCÓ),2020,6,11.312,3.83,60.0,lunes,2020 Jun 08 07:30:00 PM,24.0
27,CHOCÓ,27800,UNGUÍA,27800000,UNGUÍA (UNGUÍA - CHOCÓ),2020,6,278.054,96.75,60.0,lunes,2020 Jun 08 08:15:00 PM,24.0
94,GUAINÍA,94343,BARRANCOMINAS,94343000,BARRANCOMINAS (BARRANCOMINAS - GUAINÍA),2020,6,37.614,13.589,60.0,viernes,2020 Jun 12 03:00:00 PM,24.0
94,GUAINÍA,94001,INÍRIDA,94001000,INÍRIDA (INÍRIDA - GUAINÍA),2020,6,10.326,468.211,60.0,miércoles,2020 Jun 10 02:45:00 PM,24.0
95,GUAVIARE,95200,MIRAFLORES,95200000,MIRAFLORES (MIRAFLORES - GUAVIARE),2020,6,74.017,25.832,60.0,lunes,2020 Jun 29 07:45:00 PM,24.0
44,LA GUAJIRA,44847,URIBIA,44847012,NAZARETH (URIBIA - LA GUAJIRA),2020,6,26.493,12.006,60.0,martes,2020 Jun 16 07:30:00 PM,24.0
47,MAGDALENA,47189,CIÉNAGA,47189018,PALMOR (CIÉNAGA - MAGDALENA),2020,6,67.761,29.907,60.0,jueves,2020 Jun 18 08:45:00 PM,24.0
50,META,50325,MAPIRIPÁN,50325000,MAPIRIPÁN (MAPIRIPÁN - META),2020,6,129.916,54.282,60.0,martes,2020 Jun 09 06:45:00 PM,24.0
52,NARIÑO,52250,EL CHARCO,52250007,SAN JOSÉ DEL TAPAJE (EL CHARCO - NARIÑO),2020,6,16.652,3.626,88.0,lunes,2020 Jun 22 06:00:00 PM,24.0
52,NARIÑO,52390,LA TOLA,52390013,AMÁRALES (LA TOLA - NARIÑO),2020,6,9.999,2.415,60.0,lunes,2020 Jun 01 06:45:00 PM,24.0
52,NARIÑO,52390,LA TOLA,52390003,LA VIGÍA DE LA MAR (LA TOLA - NARIÑO),2020,6,6.257,2.773,32.0,lunes,2020 Jun 15 12:30:00 AM,24.0
52,NARIÑO,52390,LA TOLA,52390009,MULATOS (LA TOLA - NARIÑO),2020,6,4.015,2.119,60.0,miércoles,2020 Jun 03 06:45:00 PM,24.0
52,NARIÑO,52490,OLAYA HERRERA,52490913,BOCA DE PRIETA (OLAYA HERRERA - NARIÑO),2020,6,4.797,962.0,60.0,miércoles,2020 Jun 10 05:00:00 PM,24.0
52,NARIÑO,52490,OLAYA HERRERA,52490008,SAN JOSÉ CALABAZAL (OLAYA HERRERA - NARIÑO),2020,6,6.153,1.986,60.0,miércoles,2020 Jun 03 07:00:00 PM,24.0
52,NARIÑO,52835,SAN ANDRÉS DE TUMACO,52835055,BOCAS DE CURAY (TUMACO - NARIÑO),2020,6,8.73,1.646,60.0,domingo,2020 Jun 28 12:00:00 AM,24.0
52,NARIÑO,52835,SAN ANDRÉS DE TUMACO,52835012,CHAJAL (TUMACO - NARIÑO),2020,6,3.043,893.0,60.0,lunes,2020 Jun 01 07:00:00 PM,24.0
52,NARIÑO,52835,SAN ANDRÉS DE TUMACO,52835016,PITAL DE LA COSTA (TUMACO - NARIÑO),2020,6,18.059,10.339,84.0,martes,2020 Jun 02 12:45:00 AM,24.0
52,NARIÑO,52835,SAN ANDRÉS DE TUMACO,52835212,PUEBLO NUEVO (TABLÓN SALADO) (TUMACO - NARIÑO),2020,6,4.504,1.674,60.0,sábado,2020 Jun 06 07:00:00 PM,24.0
52,NARIÑO,52835,SAN ANDRÉS DE TUMACO,52835217,SAN JUAN DE LA COSTA (SAN ANDRÉS DE TUMACO - NARIÑO),2020,6,29.442,23.809,60.0,jueves,2020 Jun 25 06:45:00 PM,24.0
52,NARIÑO,52696,SANTA BÁRBARA (ISCUANDÉ),52696014,LA ENSENADA (SANTA BÁRBARA (ISCUANDÉ) - NARIÑO),2020,6,2.92,4.791,60.0,martes,2020 Jun 02 06:45:00 PM,24.0
52,NARIÑO,52696,SANTA BÁRBARA (ISCUANDÉ),52696017,SANTA RITA (SANTA BARBARA (ISCUANDÉ) - NARIÑO),2020,6,5.143,2.77,60.0,lunes,2020 Jun 08 07:30:00 PM,24.0
86,PUTUMAYO,86573,PUERTO LEGUÍZAMO,86573009,PIÑUÑA NEGRO (PUERTO LEGUÍZAMO - PUTUMAYO),2020,6,2.615,1.329,60.0,sábado,2020 Jun 06 08:45:00 PM,24.0
86,PUTUMAYO,86573,PUERTO LEGUÍZAMO,86573000,PUERTO LEGUÍZAMO (PUERTO LEGUÍZAMO - PUTUMAYO),2020,6,838.501,286.225,60.0,miércoles,2020 Jun 10 11:00:00 PM,24.0
76,VALLE DEL CAUCA,76109,BUENAVENTURA,76109028,PUERTO MERIZALDE (BUENAVENTURA - VALLE DEL CAUCA),2020,6,32.761,11.24,60.0,viernes,2020 Jun 19 07:30:00 PM,24.0
76,VALLE DEL CAUCA,76109,BUENAVENTURA,76109032,SAN FRANCISCO NAYA (BUENAVENTURA - VALLE DEL CAUCA),2020,6,5.273,1.835,60.0,lunes,2020 Jun 15 07:30:00 PM,24.0
97,VAUPÉS,97161,CARURÚ,97161000,CARURÚ (CARURÚ - VAUPÉS),2020,6,19.281,5.925,60.0,martes,2020 Jun 16 07:15:00 PM,24.0
97,VAUPÉS,97001,MITÚ,97001000,MITÚ (MITÚ - VAUPÉS),2020,6,10.326,352.911,60.0,miércoles,2020 Jun 10 11:30:00 PM,24.0
97,VAUPÉS,97666,TARAIRA,97666000,TARAIRA (TARAIRA - VAUPÉS),2020,6,26.263,8.362,60.0,viernes,2020 Jun 05 06:45:00 PM,24.0
99,VICHADA,99773,CUMARIBO,99773000,CUMARIBO (CUMARIBO - VICHADA),2020,6,227.599,100.665,60.0,viernes,2020 Jun 05 03:45:00 PM,24.0
99,VICHADA,99524,LA PRIMAVERA,99524000,LA PRIMAVERA (LA PRIMAVERA - VICHADA),2020,6,307.214,152.062,60.0,miércoles,2020 Jun 03 07:30:00 PM,24.0
99,VICHADA,99001,PUERTO CARREÑO,99001002,CASUARITO (PUERTO CARREÑO - VICHADA),2020,6,22.685,13.339,60.0,jueves,2020 Jun 25 08:00:00 PM,24.0
99,VICHADA,99001,PUERTO CARREÑO,99001000,PUERTO CARREÑO (PUERTO CARREÑO - VICHADA),2020,6,10.326,684.594,4.004,jueves,2020 Jun 04 02:30:00 PM,24.0
91,AMAZONAS,91001,LETICIA,91001000,LETICIA (LETICIA - AMAZONAS),2020,7,10.326,8.475,60.0,martes,2020 Jul 21 02:30:00 PM,24.0
91,AMAZONAS,91540,PUERTO NARIÑO,91540000,PUERTO NARIÑO (PUERTO NARIÑO - AMAZONAS),2020,7,92.361,34.983,60.0,lunes,2020 Jul 06 06:45:00 PM,24.0
91,AMAZONAS,91798,TARAPACÁ (ANM),91798000,TARAPACÁ (TARAPACÁ (ANM) - AMAZONAS),2020,7,21.229,9.269,60.0,martes,2020 Jul 14 06:30:00 PM,24.0
5,ANTIOQUIA,5873,VIGÍA DEL FUERTE,5873001,SAN ANTONIO DE PADUA (VIGÍA DEL FUERTE - ANTIOQUIA),2020,7,4.317,1.607,60.0,sábado,2020 Jul 04 07:30:00 PM,24.0
5,ANTIOQUIA,5873,VIGÍA DEL FUERTE,5873002,VEGÁEZ (VIGÍA DEL FUERTE - ANTIOQUIA),2020,7,5.657,707.0,60.0,domingo,2020 Jul 05 06:15:00 PM,24.0
5,ANTIOQUIA,5873,VIGÍA DEL FUERTE,5873000,VIGÍA DEL FUERTE (VIGÍA DEL FUERTE - ANTIOQUIA),2020,7,98.335,35.002,60.0,jueves,2020 Jul 16 01:30:00 PM,24.0
88,"ARCHIPIÉLAGO DE SAN ANDRÉS, PROVIDENCIA Y SANTA CATALINA",88564,PROVIDENCIA,88564000,PROVIDENCIA (PROVIDENCIA - ARCHIPIÉLAGO DE SAN ANDRÉS Y PROVIDENCIA),2020,7,989.81,329.264,60.0,martes,2020 Jul 21 02:45:00 PM,24.0
88,"ARCHIPIÉLAGO DE SAN ANDRÉS, PROVIDENCIA Y SANTA CATALINA",88001,SAN ANDRÉS,88001000,SAN ANDRÉS (SAN ANDRÉS - ARCHIPIÉLAGO DE SAN ANDRÉS Y PROVIDENCIA),2020,7,10.326,8.475,60.0,viernes,2020 Jul 31 03:15:00 PM,24.0
13,BOLÍVAR,13001,CARTAGENA DE INDIAS,13001007,ISLA FUERTE (CARTAGENA DE INDIAS - BOLÍVAR),2020,7,13.415,7.284,60.0,viernes,2020 Jul 17 02:15:00 PM,24.0
13,BOLÍVAR,13001,CARTAGENA DE INDIAS,13001037,ISLA MÚCURA (CARTAGENA DE INDIAS - BOLÍVAR),2020,7,7.576,3.263,60.0,lunes,2020 Jul 13 10:00:00 PM,24.0
18,CAQUETÁ,18150,CARTAGENA DEL CHAIRÁ,18150001,REMOLINO DEL CAGUÁN (CARTAGENA DEL CHAIRA - CAQUETÁ),2020,7,15.268,7.834,60.0,sábado,2020 Jul 18 07:45:00 PM,24.0
18,CAQUETÁ,18753,SAN VICENTE DEL CAGUÁN,18753002,GUACAMAYAS (SAN VICENTE DEL CAGUÁN - CAQUETÁ),2020,7,11.366,4.808,60.0,sábado,2020 Jul 18 07:15:00 PM,24.0
18,CAQUETÁ,18753,SAN VICENTE DEL CAGUÁN,18753009,PUERTO BETANIA (SAN VICENTE DEL CAGUÁN - CAQUETÁ),2020,7,4.823,1.912,60.0,sábado,2020 Jul 25 07:00:00 PM,24.0
85,CASANARE,85430,TRINIDAD,85430001,BOCAS DEL PAUTO (TRINIDAD - CASANARE),2020,7,12.341,7.19,60.0,jueves,2020 Jul 02 06:30:00 PM,24.0
19,CAUCA,19418,LÓPEZ DE MICAY,19418038,ISLA DE GALLO (LÓPEZ DE MICAY - CAUCA),2020,7,3.077,1.059,60.0,sábado,2020 Jul 25 07:15:00 PM,24.0
19,CAUCA,19418,LÓPEZ DE MICAY,19418019,ZARAGOZA (LOPEZ DE MICAY - CAUCA),2020,7,9.159,4.007,60.0,domingo,2020 Jul 19 07:30:00 PM,24.0
19,CAUCA,19809,TIMBIQUÍ,19809014,CHACÓN (TIMBIQUÍ - CAUCA),2020,7,3.782,677.0,60.0,lunes,2020 Jul 27 08:00:00 PM,24.0
19,CAUCA,19809,TIMBIQUÍ,19809010,COMUNIDAD DE CHETE (TIMBIQUÍ - CAUCA),2020,7,5.552,1.629,60.0,viernes,2020 Jul 31 07:15:00 PM,24.0
19,CAUCA,19809,TIMBIQUÍ,19809003,COTEJE (TIMBIQUÍ - CAUCA),2020,7,6.571,3.869,60.0,sábado,2020 Jul 04 07:00:00 PM,24.0
19,CAUCA,19809,TIMBIQUÍ,19809023,PUERTO SAIJA (TIMBIQUÍ - CAUCA),2020,7,17.267,6.008,60.0,viernes,2020 Jul 31 06:45:00 PM,24.0
19,CAUCA,19809,TIMBIQUÍ,19809007,SAN JOSÉ (TIMBIQUÍ - CAUCA),2020,7,7.591,4.519,60.0,lunes,2020 Jul 06 06:45:00 PM,24.0
19,CAUCA,19809,TIMBIQUÍ,19809008,SANTA MARÍA (TIMBIQUÍ - CAUCA),2020,7,13.196,4.908,60.0,martes,2020 Jul 07 07:00:00 PM,24.0
27,CHOCÓ,27006,ACANDÍ,27006000,ACANDÍ (ACANDÍ - CHOCÓ),2020,7,521.827,233.034,60.0,viernes,2020 Jul 03 08:45:00 PM,24.0
27,CHOCÓ,27025,ALTO BAUDÓ (PIE DE PATO),27025000,CIUDAD BAUDÓ - PIE DE PATO (ALTO BAUDÓ - CHOCÓ),2020,7,22.622,6.463,60.0,miércoles,2020 Jul 08 07:15:00 PM,24.0
27,CHOCÓ,27075,BAHÍA SOLANO (MUTIS),27075000,CIUDAD MUTIS (BAHÍA SOLANO - CHOCÓ),2020,7,579.334,228.102,60.0,miércoles,2020 Jul 15 07:30:00 PM,24.0
27,CHOCÓ,27075,BAHÍA SOLANO (MUTIS),27075001,CUPICA (BAHÍA SOLANO - CHOCÓ),2020,7,55.762,20.068,60.0,miércoles,2020 Jul 15 07:30:00 PM,24.0
27,CHOCÓ,27075,BAHÍA SOLANO (MUTIS),27075002,EL VALLE (BAHÍA SOLANO - CHOCÓ),2020,7,139.206,59.401,60.0,jueves,2020 Jul 16 07:00:00 PM,24.0
27,CHOCÓ,27077,BAJO BAUDÓ (PIZARRO),27077000,PIZARRO (BAJO BAUDÓ (PIZARRO) - CHOCÓ),2020,7,182.828,87.127,60.0,viernes,2020 Jul 31 07:45:00 PM,24.0
27,CHOCÓ,27099,BOJAYÁ (BELLAVISTA),27099000,BELLAVISTA (BOJAYÁ (BELLAVISTA) - CHOCÓ),2020,7,71.934,26.976,60.0,martes,2020 Jul 07 07:00:00 PM,24.0
27,CHOCÓ,27099,BOJAYÁ (BELLAVISTA),27099002,LA LOMA DE BOJAYÁ (BOJAYÁ (BELLAVISTA) - CHOCÓ),2020,7,12.064,5.006,64.0,jueves,2020 Jul 16 07:45:00 PM,24.0
27,CHOCÓ,27099,BOJAYÁ (BELLAVISTA),27099005,NAPIPÍ (BOJAYÁ (BELLAVISTA) - CHOCÓ),2020,7,8.735,2.327,60.0,viernes,2020 Jul 31 07:30:00 PM,24.0
27,CHOCÓ,27250,EL LITORAL DEL SAN JUAN,27250000,SANTA GENOVEVA DE DOCORDÓ (EL LITORAL DEL SAN JUAN - CHOCÓ),2020,7,64.138,32.453,60.0,miércoles,2020 Jul 15 08:00:00 PM,24.0
27,CHOCÓ,27425,MEDIO ATRATO (BETÉ),27425000,BETÉ (MEDIO ATRATO (BETÉ) - CHOCÓ),2020,7,15.454,6.948,76.0,viernes,2020 Jul 31 08:00:00 PM,24.0
27,CHOCÓ,27495,NUQUÍ,27495001,ARUSÍ (NUQUÍ - CHOCO),2020,7,4.681,1.793,48.0,sábado,2020 Jul 11 07:00:00 PM,4.0
27,CHOCÓ,27745,SIPÍ,27745000,SIPÍ (SIPÍ - CHOCO),2020,7,10.668,3.496,60.0,viernes,2020 Jul 31 07:00:00 PM,24.0
27,CHOCÓ,27800,UNGUÍA,27800001,BALBOA (UNGUÍA - CHOCÓ),2020,7,15.297,6.107,60.0,jueves,2020 Jul 09 08:00:00 PM,24.0
27,CHOCÓ,27800,UNGUÍA,27800005,TITUMATE (UNGUÍA - CHOCÓ),2020,7,8.548,3.04,60.0,jueves,2020 Jul 30 08:00:00 PM,24.0
27,CHOCÓ,27800,UNGUÍA,27800000,UNGUÍA (UNGUÍA - CHOCÓ),2020,7,278.471,96.856,60.0,jueves,2020 Jul 09 08:30:00 PM,24.0
94,GUAINÍA,94343,BARRANCOMINAS,94343000,BARRANCOMINAS (BARRANCOMINAS - GUAINÍA),2020,7,39.122,13.768,60.0,martes,2020 Jul 28 06:30:00 PM,24.0
94,GUAINÍA,94001,INÍRIDA,94001000,INÍRIDA (INÍRIDA - GUAINÍA),2020,7,10.326,473.315,60.0,miércoles,2020 Jul 08 03:00:00 PM,24.0
44,LA GUAJIRA,44847,URIBIA,44847012,NAZARETH (URIBIA - LA GUAJIRA),2020,7,33.784,14.332,60.0,miércoles,2020 Jul 22 07:30:00 PM,24.0
47,MAGDALENA,47189,CIÉNAGA,47189018,PALMOR (CIÉNAGA - MAGDALENA),2020,7,67.986,27.601,60.0,viernes,2020 Jul 31 08:45:00 PM,24.0
50,META,50325,MAPIRIPÁN,50325000,MAPIRIPÁN (MAPIRIPÁN - META),2020,7,133.594,56.665,60.0,miércoles,2020 Jul 29 06:45:00 PM,24.0
52,NARIÑO,52250,EL CHARCO,52250023,BAZÁN (EL CHARCO - NARIÑO),2020,7,22.109,11.464,60.0,viernes,2020 Jul 31 08:45:00 PM,24.0
52,NARIÑO,52250,EL CHARCO,52250003,BOLÍVAR - SAN PEDRO (EL CHARCO - NARIÑO),2020,7,5.405,3.671,60.0,jueves,2020 Jul 02 07:30:00 PM,24.0
52,NARIÑO,52250,EL CHARCO,52250022,EL CUIL PUEBLO NUEVO (EL CHARCO - NARIÑO),2020,7,6.266,2.263,60.0,domingo,2020 Jul 19 06:30:00 PM,24.0
52,NARIÑO,52250,EL CHARCO,52250007,SAN JOSÉ DEL TAPAJE (EL CHARCO - NARIÑO),2020,7,16.272,2.832,88.0,sábado,2020 Jul 25 07:15:00 PM,24.0
52,NARIÑO,52390,LA TOLA,52390013,AMÁRALES (LA TOLA - NARIÑO),2020,7,10.729,2.845,60.0,jueves,2020 Jul 23 08:15:00 PM,24.0
52,NARIÑO,52390,LA TOLA,52390003,LA VIGÍA DE LA MAR (LA TOLA - NARIÑO),2020,7,5.675,2.941,60.0,sábado,2020 Jul 05 12:15:00 AM,24.0
52,NARIÑO,52390,LA TOLA,52390009,MULATOS (LA TOLA - NARIÑO),2020,7,4.074,2.264,60.0,miércoles,2020 Jul 29 06:30:00 PM,24.0
52,NARIÑO,52490,OLAYA HERRERA,52490913,BOCA DE PRIETA (OLAYA HERRERA - NARIÑO),2020,7,5.05,1.092,60.0,jueves,2020 Jul 30 07:15:00 PM,24.0
52,NARIÑO,52490,OLAYA HERRERA,52490008,SAN JOSÉ CALABAZAL (OLAYA HERRERA - NARIÑO),2020,7,6.286,1.954,60.0,martes,2020 Jul 28 06:45:00 PM,24.0
52,NARIÑO,52835,SAN ANDRÉS DE TUMACO,52835055,BOCAS DE CURAY (TUMACO - NARIÑO),2020,7,8.847,2.086,60.0,domingo,2020 Jul 20 12:15:00 AM,24.0
52,NARIÑO,52835,SAN ANDRÉS DE TUMACO,52835012,CHAJAL (TUMACO - NARIÑO),2020,7,25.809,7.906,60.0,viernes,2020 Jul 31 07:00:00 PM,24.0
52,NARIÑO,52835,SAN ANDRÉS DE TUMACO,52835016,PITAL DE LA COSTA (TUMACO - NARIÑO),2020,7,17.568,10.259,80.0,viernes,2020 Jul 03 06:45:00 PM,24.0
52,NARIÑO,52835,SAN ANDRÉS DE TUMACO,52835212,PUEBLO NUEVO (TABLÓN SALADO) (TUMACO - NARIÑO),2020,7,2.764,1.098,60.0,domingo,2020 Jul 12 11:15:00 PM,24.0
52,NARIÑO,52835,SAN ANDRÉS DE TUMACO,52835217,SAN JUAN DE LA COSTA (SAN ANDRÉS DE TUMACO - NARIÑO),2020,7,28.968,23.021,60.0,miércoles,2020 Jul 01 07:15:00 PM,24.0
52,NARIÑO,52835,SAN ANDRÉS DE TUMACO,52835091,SANTA ROSA (TUMACO - NARIÑO),2020,7,3.673,1.158,60.0,jueves,2020 Jul 09 07:15:00 PM,24.0
52,NARIÑO,52835,SAN ANDRÉS DE TUMACO,52835148,TABLÓN DULCE LA PAMPA (TUMACO - NARIÑO),2020,7,3.167,848.0,60.0,sábado,2020 Jul 11 06:45:00 PM,24.0
52,NARIÑO,52696,SANTA BÁRBARA (ISCUANDÉ),52696014,LA ENSENADA (SANTA BÁRBARA (ISCUANDÉ) - NARIÑO),2020,7,3.364,5.398,60.0,jueves,2020 Jul 16 08:45:00 PM,6.0
52,NARIÑO,52696,SANTA BÁRBARA (ISCUANDÉ),52696017,SANTA RITA (SANTA BARBARA (ISCUANDÉ) - NARIÑO),2020,7,5.519,2.949,60.0,domingo,2020 Jul 19 07:30:00 PM,24.0
86,PUTUMAYO,86573,PUERTO LEGUÍZAMO,86573009,PIÑUÑA NEGRO (PUERTO LEGUÍZAMO - PUTUMAYO),2020,7,2.726,1.454,60.0,martes,2020 Jul 28 07:45:00 PM,24.0
86,PUTUMAYO,86573,PUERTO LEGUÍZAMO,86573000,PUERTO LEGUÍZAMO (PUERTO LEGUÍZAMO - PUTUMAYO),2020,7,845.329,292.491,60.0,miércoles,2020 Jul 08 03:00:00 PM,24.0
76,VALLE DEL CAUCA,76109,BUENAVENTURA,76109028,PUERTO MERIZALDE (BUENAVENTURA - VALLE DEL CAUCA),2020,7,44.492,19.028,60.0,sábado,2020 Jul 18 07:15:00 PM,24.0
76,VALLE DEL CAUCA,76109,BUENAVENTURA,76109032,SAN FRANCISCO NAYA (BUENAVENTURA - VALLE DEL CAUCA),2020,7,5.655,2.882,60.0,lunes,2020 Jul 28 12:00:00 AM,24.0
97,VAUPÉS,97161,CARURÚ,97161000,CARURÚ (CARURÚ - VAUPÉS),2020,7,12.288,3.513,60.0,miércoles,2020 Jul 01 07:00:00 PM,24.0
97,VAUPÉS,97001,MITÚ,97001000,MITÚ (MITÚ - VAUPÉS),2020,7,10.326,362.343,60.0,viernes,2020 Jul 31 11:45:00 PM,24.0
97,VAUPÉS,97666,TARAIRA,97666000,TARAIRA (TARAIRA - VAUPÉS),2020,7,26.779,8.627,60.0,martes,2020 Jul 07 06:15:00 PM,24.0
99,VICHADA,99773,CUMARIBO,99773000,CUMARIBO (CUMARIBO - VICHADA),2020,7,259.183,119.897,60.0,jueves,2020 Jul 16 03:00:00 PM,24.0
99,VICHADA,99524,LA PRIMAVERA,99524000,LA PRIMAVERA (LA PRIMAVERA - VICHADA),2020,7,316.447,159.009,60.0,martes,2020 Jul 28 06:30:00 PM,24.0
99,VICHADA,99001,PUERTO CARREÑO,99001002,CASUARITO (PUERTO CARREÑO - VICHADA),2020,7,21.773,9.9,60.0,miércoles,2020 Jul 08 07:00:00 PM,24.0
99,VICHADA,99001,PUERTO CARREÑO,99001000,PUERTO CARREÑO (PUERTO CARREÑO - VICHADA),2020,7,10.326,696.152,60.0,jueves,2020 Jul 09 08:45:00 PM,24.0
99,VICHADA,99624,SANTA ROSALÍA,99624000,SANTA ROSALÍA (SANTA ROSALÍA - VICHADA),2020,7,114.319,57.609,60.0,lunes,2020 Jul 20 08:30:00 PM,24.0
91,AMAZONAS,91001,LETICIA,91001000,LETICIA (LETICIA - AMAZONAS),2020,8,10.326,8.475,60.0,jueves,2020 Aug 20 03:15:00 PM,24.0
91,AMAZONAS,91540,PUERTO NARIÑO,91540000,PUERTO NARIÑO (PUERTO NARIÑO - AMAZONAS),2020,8,98.69,38.477,60.0,domingo,2020 Aug 02 06:45:00 PM,24.0
91,AMAZONAS,91798,TARAPACÁ (ANM),91798000,TARAPACÁ (TARAPACÁ (ANM) - AMAZONAS),2020,8,21.748,9.352,60.0,lunes,2020 Aug 31 06:30:00 PM,24.0
5,ANTIOQUIA,5873,VIGÍA DEL FUERTE,5873001,SAN ANTONIO DE PADUA (VIGÍA DEL FUERTE - ANTIOQUIA),2020,8,3.999,1.456,60.0,jueves,2020 Aug 13 06:45:00 PM,24.0
5,ANTIOQUIA,5873,VIGÍA DEL FUERTE,5873002,VEGÁEZ (VIGÍA DEL FUERTE - ANTIOQUIA),2020,8,2.993,503.0,60.0,lunes,2020 Aug 31 06:45:00 PM,24.0
5,ANTIOQUIA,5873,VIGÍA DEL FUERTE,5873000,VIGÍA DEL FUERTE (VIGÍA DEL FUERTE - ANTIOQUIA),2020,8,92.842,23.194,60.0,martes,2020 Aug 04 07:45:00 PM,24.0
88,"ARCHIPIÉLAGO DE SAN ANDRÉS, PROVIDENCIA Y SANTA CATALINA",88564,PROVIDENCIA,88564000,PROVIDENCIA (PROVIDENCIA - ARCHIPIÉLAGO DE SAN ANDRÉS Y PROVIDENCIA),2020,8,995.872,326.604,60.0,lunes,2020 Aug 31 02:30:00 PM,24.0
88,"ARCHIPIÉLAGO DE SAN ANDRÉS, PROVIDENCIA Y SANTA CATALINA",88001,SAN ANDRÉS,88001000,SAN ANDRÉS (SAN ANDRÉS - ARCHIPIÉLAGO DE SAN ANDRÉS Y PROVIDENCIA),2020,8,10.326,8.475,60.0,lunes,2020 Aug 31 03:15:00 PM,24.0
13,BOLÍVAR,13001,CARTAGENA DE INDIAS,13001007,ISLA FUERTE (CARTAGENA DE INDIAS - BOLÍVAR),2020,8,13.446,7.402,60.0,jueves,2020 Aug 13 03:15:00 PM,24.0
13,BOLÍVAR,13001,CARTAGENA DE INDIAS,13001037,ISLA MÚCURA (CARTAGENA DE INDIAS - BOLÍVAR),2020,8,7.358,3.146,60.0,martes,2020 Aug 11 10:00:00 PM,24.0
18,CAQUETÁ,18150,CARTAGENA DEL CHAIRÁ,18150001,REMOLINO DEL CAGUÁN (CARTAGENA DEL CHAIRA - CAQUETÁ),2020,8,15.847,7.998,60.0,sábado,2020 Aug 29 07:15:00 PM,24.0
18,CAQUETÁ,18753,SAN VICENTE DEL CAGUÁN,18753002,GUACAMAYAS (SAN VICENTE DEL CAGUÁN - CAQUETÁ),2020,8,11.818,4.782,60.0,sábado,2020 Aug 22 07:15:00 PM,24.0
18,CAQUETÁ,18753,SAN VICENTE DEL CAGUÁN,18753009,PUERTO BETANIA (SAN VICENTE DEL CAGUÁN - CAQUETÁ),2020,8,4.832,1.919,60.0,martes,2020 Aug 18 07:00:00 PM,24.0
85,CASANARE,85430,TRINIDAD,85430001,BOCAS DEL PAUTO (TRINIDAD - CASANARE),2020,8,7.889,4.496,60.0,jueves,2020 Aug 13 11:30:00 PM,24.0
19,CAUCA,19318,GUAPI,19318008,LIMONES (GUAPI - CAUCA),2020,8,7.673,1.901,60.0,sábado,2020 Aug 15 09:30:00 PM,24.0
19,CAUCA,19318,GUAPI,19318013,SAN ANTONIO DE GUAJUÍ (GUAPI - CAUCA),2020,8,6.968,2.096,60.0,martes,2020 Aug 25 07:15:00 PM,24.0
19,CAUCA,19418,LÓPEZ DE MICAY,19418038,ISLA DE GALLO (LÓPEZ DE MICAY - CAUCA),2020,8,2.76,1.013,60.0,domingo,2020 Aug 09 07:30:00 PM,24.0
19,CAUCA,19418,LÓPEZ DE MICAY,19418009,NOANAMITO (LÓPEZ DE MICAY - CAUCA),2020,8,7.421,2.657,48.0,jueves,2020 Aug 13 04:00:00 PM,24.0
19,CAUCA,19418,LÓPEZ DE MICAY,19418012,SAN ANTONIO DE CHUARÉ (LÓPEZ DE MICAY - CAUCA),2020,8,9.538,2.938,60.0,lunes,2020 Aug 24 07:00:00 PM,24.0
19,CAUCA,19418,LÓPEZ DE MICAY,19418019,ZARAGOZA (LOPEZ DE MICAY - CAUCA),2020,8,9.409,4.164,60.0,sábado,2020 Aug 22 07:15:00 PM,24.0
19,CAUCA,19809,TIMBIQUÍ,19809010,COMUNIDAD DE CHETE (TIMBIQUÍ - CAUCA),2020,8,6.453,1.874,60.0,viernes,2020 Aug 21 07:15:00 PM,24.0
19,CAUCA,19809,TIMBIQUÍ,19809003,COTEJE (TIMBIQUÍ - CAUCA),2020,8,6.472,3.828,60.0,domingo,2020 Aug 02 07:15:00 PM,24.0
19,CAUCA,19809,TIMBIQUÍ,19809023,PUERTO SAIJA (TIMBIQUÍ - CAUCA),2020,8,30.048,10.061,60.0,jueves,2020 Aug 06 07:15:00 PM,24.0
19,CAUCA,19809,TIMBIQUÍ,19809007,SAN JOSÉ (TIMBIQUÍ - CAUCA),2020,8,8.643,6.674,60.0,domingo,2020 Aug 09 07:15:00 PM,24.0
19,CAUCA,19809,TIMBIQUÍ,19809008,SANTA MARÍA (TIMBIQUÍ - CAUCA),2020,8,14.731,5.656,60.0,sábado,2020 Aug 08 07:00:00 PM,24.0
19,CAUCA,19809,TIMBIQUÍ,19809009,SANTA ROSA DE SAIJA (TIMBIQUÍ - CAUCA),2020,8,0.0,0.0,0.0,lunes,2020 Aug 31 11:45:00 PM,0.0
27,CHOCÓ,27006,ACANDÍ,27006000,ACANDÍ (ACANDÍ - CHOCÓ),2020,8,517.824,228.515,60.0,miércoles,2020 Aug 12 09:00:00 PM,24.0
27,CHOCÓ,27025,ALTO BAUDÓ (PIE DE PATO),27025000,CIUDAD BAUDÓ - PIE DE PATO (ALTO BAUDÓ - CHOCÓ),2020,8,26.225,7.208,60.0,lunes,2020 Aug 03 07:30:00 PM,24.0
27,CHOCÓ,27075,BAHÍA SOLANO (MUTIS),27075000,CIUDAD MUTIS (BAHÍA SOLANO - CHOCÓ),2020,8,570.834,223.385,60.0,sábado,2020 Aug 01 07:45:00 PM,24.0
27,CHOCÓ,27075,BAHÍA SOLANO (MUTIS),27075001,CUPICA (BAHÍA SOLANO - CHOCÓ),2020,8,46.126,16.054,60.0,jueves,2020 Aug 06 07:15:00 PM,24.0
27,CHOCÓ,27075,BAHÍA SOLANO (MUTIS),27075002,EL VALLE (BAHÍA SOLANO - CHOCÓ),2020,8,141.003,58.605,297.0,jueves,2020 Aug 06 07:15:00 PM,24.0
27,CHOCÓ,27077,BAJO BAUDÓ (PIZARRO),27077000,PIZARRO (BAJO BAUDÓ (PIZARRO) - CHOCÓ),2020,8,184.804,88.647,60.0,martes,2020 Aug 04 07:15:00 PM,24.0
27,CHOCÓ,27099,BOJAYÁ (BELLAVISTA),27099000,BELLAVISTA (BOJAYÁ (BELLAVISTA) - CHOCÓ),2020,8,94.135,34.964,60.0,lunes,2020 Aug 31 07:45:00 PM,24.0
27,CHOCÓ,27099,BOJAYÁ (BELLAVISTA),27099002,LA LOMA DE BOJAYÁ (BOJAYÁ (BELLAVISTA) - CHOCÓ),2020,8,11.931,5.367,60.0,sábado,2020 Aug 15 07:30:00 PM,24.0
27,CHOCÓ,27099,BOJAYÁ (BELLAVISTA),27099005,NAPIPÍ (BOJAYÁ (BELLAVISTA) - CHOCÓ),2020,8,7.256,2.15,60.0,viernes,2020 Aug 07 09:15:00 PM,24.0
27,CHOCÓ,27250,EL LITORAL DEL SAN JUAN,27250000,SANTA GENOVEVA DE DOCORDÓ (EL LITORAL DEL SAN JUAN - CHOCÓ),2020,8,66.687,33.353,60.0,viernes,2020 Aug 07 07:15:00 PM,24.0
27,CHOCÓ,27425,MEDIO ATRATO (BETÉ),27425000,BETÉ (MEDIO ATRATO (BETÉ) - CHOCÓ),2020,8,13.147,6.028,76.0,viernes,2020 Aug 07 07:45:00 PM,24.0
27,CHOCÓ,27495,NUQUÍ,27495001,ARUSÍ (NUQUÍ - CHOCO),2020,8,9.238,3.857,60.0,jueves,2020 Aug 27 07:00:00 PM,24.0
27,CHOCÓ,27495,NUQUÍ,27495000,NUQUÍ (NUQUÍ - CHOCÓ),2020,8,234.894,75.532,60.0,jueves,2020 Aug 27 07:30:00 PM,24.0
27,CHOCÓ,27745,SIPÍ,27745000,SIPÍ (SIPÍ - CHOCO),2020,8,7.284,2.784,60.0,jueves,2020 Aug 13 07:30:00 PM,24.0
27,CHOCÓ,27800,UNGUÍA,27800001,BALBOA (UNGUÍA - CHOCÓ),2020,8,16.135,6.501,60.0,sábado,2020 Aug 22 08:45:00 PM,24.0
27,CHOCÓ,27800,UNGUÍA,27800005,TITUMATE (UNGUÍA - CHOCÓ),2020,8,11.457,5.261,60.0,sábado,2020 Aug 08 09:45:00 PM,24.0
27,CHOCÓ,27800,UNGUÍA,27800000,UNGUÍA (UNGUÍA - CHOCÓ),2020,8,287.754,97.264,60.0,domingo,2020 Aug 09 08:30:00 PM,24.0
94,GUAINÍA,94343,BARRANCOMINAS,94343000,BARRANCOMINAS (BARRANCOMINAS - GUAINÍA),2020,8,37.478,13.338,60.0,sábado,2020 Aug 15 06:00:00 PM,24.0
94,GUAINÍA,94001,INÍRIDA,94001000,INÍRIDA (INÍRIDA - GUAINÍA),2020,8,10.326,476.468,60.0,miércoles,2020 Aug 19 02:45:00 PM,24.0
44,LA GUAJIRA,44847,URIBIA,44847012,NAZARETH (URIBIA - LA GUAJIRA),2020,8,43.263,21.057,60.0,lunes,2020 Aug 03 06:45:00 PM,24.0
47,MAGDALENA,47189,CIÉNAGA,47189018,PALMOR (CIÉNAGA - MAGDALENA),2020,8,71.968,25.131,60.0,viernes,2020 Aug 14 09:15:00 PM,24.0
50,META,50325,MAPIRIPÁN,50325000,MAPIRIPÁN (MAPIRIPÁN - META),2020,8,136.32,58.662,60.0,sábado,2020 Aug 15 06:30:00 PM,24.0
52,NARIÑO,52250,EL CHARCO,52250023,BAZÁN (EL CHARCO - NARIÑO),2020,8,22.566,11.552,60.0,sábado,2020 Aug 29 08:30:00 PM,24.0
52,NARIÑO,52250,EL CHARCO,52250003,BOLÍVAR - SAN PEDRO (EL CHARCO - NARIÑO),2020,8,5.417,4.329,60.0,domingo,2020 Aug 16 06:45:00 PM,24.0
52,NARIÑO,52250,EL CHARCO,52250022,EL CUIL PUEBLO NUEVO (EL CHARCO - NARIÑO),2020,8,5.25,1.928,60.0,sábado,2020 Aug 29 07:30:00 PM,24.0
52,NARIÑO,52250,EL CHARCO,52250007,SAN JOSÉ DEL TAPAJE (EL CHARCO - NARIÑO),2020,8,15.41,2.26,88.0,viernes,2020 Aug 21 07:45:00 PM,24.0
52,NARIÑO,52390,LA TOLA,52390013,AMÁRALES (LA TOLA - NARIÑO),2020,8,10.887,2.962,60.0,jueves,2020 Aug 13 07:00:00 PM,24.0
52,NARIÑO,52390,LA TOLA,52390003,LA VIGÍA DE LA MAR (LA TOLA - NARIÑO),2020,8,6.231,3.462,60.0,domingo,2020 Aug 09 06:30:00 PM,24.0
52,NARIÑO,52390,LA TOLA,52390009,MULATOS (LA TOLA - NARIÑO),2020,8,4.135,2.263,60.0,lunes,2020 Aug 31 06:30:00 PM,24.0
52,NARIÑO,52390,LA TOLA,52390016,SAN PABLO DEL MAR (LA TOLA - NARIÑO),2020,8,4.903,1.182,60.0,sábado,2020 Aug 22 06:00:00 PM,24.0
52,NARIÑO,52490,OLAYA HERRERA,52490913,BOCA DE PRIETA (OLAYA HERRERA - NARIÑO),2020,8,5.032,1.194,60.0,miércoles,2020 Aug 05 07:00:00 PM,24.0
52,NARIÑO,52490,OLAYA HERRERA,52490008,SAN JOSÉ CALABAZAL (OLAYA HERRERA - NARIÑO),2020,8,5.292,1.658,60.0,jueves,2020 Aug 27 09:30:00 PM,24.0
52,NARIÑO,52835,SAN ANDRÉS DE TUMACO,52835055,BOCAS DE CURAY (TUMACO - NARIÑO),2020,8,7.503,3.406,60.0,sábado,2020 Aug 08 06:15:00 PM,24.0
52,NARIÑO,52835,SAN ANDRÉS DE TUMACO,52835012,CHAJAL (TUMACO - NARIÑO),2020,8,32.722,11.138,60.0,sábado,2020 Aug 29 07:30:00 PM,24.0
52,NARIÑO,52835,SAN ANDRÉS DE TUMACO,52835016,PITAL DE LA COSTA (TUMACO - NARIÑO),2020,8,20.52,12.277,76.0,sábado,2020 Aug 29 12:45:00 AM,24.0
52,NARIÑO,52835,SAN ANDRÉS DE TUMACO,52835212,PUEBLO NUEVO (TABLÓN SALADO) (TUMACO - NARIÑO),2020,8,2.479,1.055,60.0,domingo,2020 Aug 09 11:45:00 PM,24.0
52,NARIÑO,52835,SAN ANDRÉS DE TUMACO,52835217,SAN JUAN DE LA COSTA (SAN ANDRÉS DE TUMACO - NARIÑO),2020,8,27.965,22.758,60.0,sábado,2020 Aug 08 07:00:00 PM,24.0
52,NARIÑO,52835,SAN ANDRÉS DE TUMACO,52835091,SANTA ROSA (TUMACO - NARIÑO),2020,8,4.261,1.343,60.0,domingo,2020 Aug 30 10:15:00 PM,24.0
52,NARIÑO,52835,SAN ANDRÉS DE TUMACO,52835148,TABLÓN DULCE LA PAMPA (TUMACO - NARIÑO),2020,8,3.504,999.0,60.0,domingo,2020 Aug 02 09:00:00 PM,24.0
52,NARIÑO,52696,SANTA BÁRBARA (ISCUANDÉ),52696014,LA ENSENADA (SANTA BÁRBARA (ISCUANDÉ) - NARIÑO),2020,8,3.093,4.971,60.0,martes,2020 Aug 25 06:15:00 PM,24.0
52,NARIÑO,52696,SANTA BÁRBARA (ISCUANDÉ),52696017,SANTA RITA (SANTA BARBARA (ISCUANDÉ) - NARIÑO),2020,8,5.617,3.029,60.0,miércoles,2020 Aug 05 08:45:00 PM,24.0
86,PUTUMAYO,86573,PUERTO LEGUÍZAMO,86573009,PIÑUÑA NEGRO (PUERTO LEGUÍZAMO - PUTUMAYO),2020,8,2.963,1.67,60.0,domingo,2020 Aug 30 08:30:00 PM,24.0
86,PUTUMAYO,86573,PUERTO LEGUÍZAMO,86573000,PUERTO LEGUÍZAMO (PUERTO LEGUÍZAMO - PUTUMAYO),2020,8,842.324,286.048,60.0,miércoles,2020 Aug 19 02:15:00 PM,24.0
76,VALLE DEL CAUCA,76109,BUENAVENTURA,76109028,PUERTO MERIZALDE (BUENAVENTURA - VALLE DEL CAUCA),2020,8,52.583,19.942,60.0,viernes,2020 Aug 14 08:00:00 PM,24.0
76,VALLE DEL CAUCA,76109,BUENAVENTURA,76109032,SAN FRANCISCO NAYA (BUENAVENTURA - VALLE DEL CAUCA),2020,8,6.476,5.285,60.0,sábado,2020 Aug 08 11:30:00 PM,24.0
97,VAUPÉS,97161,CARURÚ,97161000,CARURÚ (CARURÚ - VAUPÉS),2020,8,18.904,5.664,60.0,miércoles,2020 Aug 12 07:00:00 PM,24.0
97,VAUPÉS,97001,MITÚ,97001000,MITÚ (MITÚ - VAUPÉS),2020,8,10.326,362.823,60.0,jueves,2020 Aug 20 11:45:00 PM,24.0
97,VAUPÉS,97666,TARAIRA,97666000,TARAIRA (TARAIRA - VAUPÉS),2020,8,26.801,8.817,60.0,viernes,2020 Aug 21 06:30:00 PM,24.0
99,VICHADA,99773,CUMARIBO,99773000,CUMARIBO (CUMARIBO - VICHADA),2020,8,264.098,121.703,60.0,jueves,2020 Aug 20 11:30:00 PM,24.0
99,VICHADA,99524,LA PRIMAVERA,99524000,LA PRIMAVERA (LA PRIMAVERA - VICHADA),2020,8,334.401,163.769,60.0,miércoles,2020 Aug 19 07:15:00 PM,24.0
99,VICHADA,99001,PUERTO CARREÑO,99001002,CASUARITO (PUERTO CARREÑO - VICHADA),2020,8,21.54,8.139,60.0,jueves,2020 Aug 20 06:15:00 PM,24.0
99,VICHADA,99001,PUERTO CARREÑO,99001000,PUERTO CARREÑO (PUERTO CARREÑO - VICHADA),2020,8,10.326,688.483,60.0,jueves,2020 Aug 20 08:30:00 PM,24.0
99,VICHADA,99624,SANTA ROSALÍA,99624000,SANTA ROSALÍA (SANTA ROSALÍA - VICHADA),2020,8,119.355,61.254,60.0,jueves,2020 Aug 27 08:00:00 PM,24.0
91,AMAZONAS,91001,LETICIA,91001000,LETICIA (LETICIA - AMAZONAS),2020,9,10.326,8.475,60.0,lunes,2020 Sep 14 02:30:00 PM,24.0
91,AMAZONAS,91540,PUERTO NARIÑO,91540000,PUERTO NARIÑO (PUERTO NARIÑO - AMAZONAS),2020,9,100.247,38.233,60.0,jueves,2020 Sep 17 06:30:00 PM,24.0
91,AMAZONAS,91798,TARAPACÁ (ANM),91798000,TARAPACÁ (TARAPACÁ (ANM) - AMAZONAS),2020,9,22.846,9.724,60.0,viernes,2020 Sep 18 07:00:00 PM,24.0
5,ANTIOQUIA,5873,VIGÍA DEL FUERTE,5873001,SAN ANTONIO DE PADUA (VIGÍA DEL FUERTE - ANTIOQUIA),2020,9,3.516,1.303,60.0,lunes,2020 Sep 07 07:00:00 PM,24.0
5,ANTIOQUIA,5873,VIGÍA DEL FUERTE,5873002,VEGÁEZ (VIGÍA DEL FUERTE - ANTIOQUIA),2020,9,5.574,814.0,60.0,martes,2020 Sep 01 06:30:00 PM,24.0
5,ANTIOQUIA,5873,VIGÍA DEL FUERTE,5873000,VIGÍA DEL FUERTE (VIGÍA DEL FUERTE - ANTIOQUIA),2020,9,97.855,23.445,60.0,lunes,2020 Sep 07 01:30:00 PM,24.0
88,"ARCHIPIÉLAGO DE SAN ANDRÉS, PROVIDENCIA Y SANTA CATALINA",88564,PROVIDENCIA,88564000,PROVIDENCIA (PROVIDENCIA - ARCHIPIÉLAGO DE SAN ANDRÉS Y PROVIDENCIA),2020,9,995.867,326.403,60.0,miércoles,2020 Sep 09 02:15:00 PM,24.0
88,"ARCHIPIÉLAGO DE SAN ANDRÉS, PROVIDENCIA Y SANTA CATALINA",88001,SAN ANDRÉS,88001000,SAN ANDRÉS (SAN ANDRÉS - ARCHIPIÉLAGO DE SAN ANDRÉS Y PROVIDENCIA),2020,9,10.326,8.475,60.0,martes,2020 Sep 22 02:45:00 PM,24.0
13,BOLÍVAR,13001,CARTAGENA DE INDIAS,13001007,ISLA FUERTE (CARTAGENA DE INDIAS - BOLÍVAR),2020,9,14.954,8.365,60.0,domingo,2020 Sep 20 12:30:00 AM,24.0
13,BOLÍVAR,13001,CARTAGENA DE INDIAS,13001037,ISLA MÚCURA (CARTAGENA DE INDIAS - BOLÍVAR),2020,9,6.292,2.502,60.0,viernes,2020 Sep 11 10:30:00 PM,24.0
18,CAQUETÁ,18150,CARTAGENA DEL CHAIRÁ,18150001,REMOLINO DEL CAGUÁN (CARTAGENA DEL CHAIRA - CAQUETÁ),2020,9,15.711,7.85,60.0,sábado,2020 Sep 26 07:45:00 PM,24.0
18,CAQUETÁ,18753,SAN VICENTE DEL CAGUÁN,18753002,GUACAMAYAS (SAN VICENTE DEL CAGUÁN - CAQUETÁ),2020,9,11.538,4.721,60.0,viernes,2020 Sep 04 07:15:00 PM,24.0
18,CAQUETÁ,18753,SAN VICENTE DEL CAGUÁN,18753009,PUERTO BETANIA (SAN VICENTE DEL CAGUÁN - CAQUETÁ),2020,9,5.108,1.962,60.0,sábado,2020 Sep 26 07:15:00 PM,24.0
85,CASANARE,85430,TRINIDAD,85430001,BOCAS DEL PAUTO (TRINIDAD - CASANARE),2020,9,11.065,6.075,60.0,sábado,2020 Sep 12 06:30:00 PM,24.0
19,CAUCA,19318,GUAPI,19318008,LIMONES (GUAPI - CAUCA),2020,9,8.62,2.316,60.0,sábado,2020 Sep 19 09:00:00 PM,24.0
19,CAUCA,19318,GUAPI,19318013,SAN ANTONIO DE GUAJUÍ (GUAPI - CAUCA),2020,9,7.557,2.221,60.0,viernes,2020 Sep 18 07:45:00 PM,24.0
19,CAUCA,19418,LÓPEZ DE MICAY,19418038,ISLA DE GALLO (LÓPEZ DE MICAY - CAUCA),2020,9,2.702,903.0,60.0,sábado,2020 Sep 12 08:15:00 PM,24.0
19,CAUCA,19418,LÓPEZ DE MICAY,19418009,NOANAMITO (LÓPEZ DE MICAY - CAUCA),2020,9,7.165,2.753,44.0,lunes,2020 Sep 21 12:15:00 AM,24.0
19,CAUCA,19418,LÓPEZ DE MICAY,19418012,SAN ANTONIO DE CHUARÉ (LÓPEZ DE MICAY - CAUCA),2020,9,9.249,2.948,60.0,lunes,2020 Sep 28 07:00:00 PM,24.0
19,CAUCA,19418,LÓPEZ DE MICAY,19418019,ZARAGOZA (LOPEZ DE MICAY - CAUCA),2020,9,10.259,4.867,60.0,sábado,2020 Sep 19 06:45:00 PM,24.0
19,CAUCA,19809,TIMBIQUÍ,19809010,COMUNIDAD DE CHETE (TIMBIQUÍ - CAUCA),2020,9,6.256,1.854,60.0,sábado,2020 Sep 12 08:15:00 PM,24.0
19,CAUCA,19809,TIMBIQUÍ,19809003,COTEJE (TIMBIQUÍ - CAUCA),2020,9,7.097,4.126,60.0,sábado,2020 Sep 19 07:45:00 PM,24.0
19,CAUCA,19809,TIMBIQUÍ,19809023,PUERTO SAIJA (TIMBIQUÍ - CAUCA),2020,9,30.537,10.417,60.0,martes,2020 Sep 01 06:45:00 PM,24.0
19,CAUCA,19809,TIMBIQUÍ,19809007,SAN JOSÉ (TIMBIQUÍ - CAUCA),2020,9,9.095,5.522,60.0,sábado,2020 Sep 05 06:15:00 PM,24.0
19,CAUCA,19809,TIMBIQUÍ,19809008,SANTA MARÍA (TIMBIQUÍ - CAUCA),2020,9,16.093,6.275,60.0,martes,2020 Sep 22 07:15:00 PM,24.0
19,CAUCA,19809,TIMBIQUÍ,19809009,SANTA ROSA DE SAIJA (TIMBIQUÍ - CAUCA),2020,9,245.0,84.0,27.0,sábado,2020 Sep 05 07:15:00 PM,24.0
27,CHOCÓ,27006,ACANDÍ,27006000,ACANDÍ (ACANDÍ - CHOCÓ),2020,9,507.105,224.735,60.0,jueves,2020 Sep 17 08:45:00 PM,24.0
27,CHOCÓ,27006,ACANDÍ,27006003,CAPURGANÁ (ACANDÍ - CHOCO),2020,9,211.904,87.863,60.0,lunes,2020 Sep 14 09:30:00 PM,24.0
27,CHOCÓ,27025,ALTO BAUDÓ (PIE DE PATO),27025000,CIUDAD BAUDÓ - PIE DE PATO (ALTO BAUDÓ - CHOCÓ),2020,9,47.394,12.433,60.0,martes,2020 Sep 01 07:00:00 PM,24.0
27,CHOCÓ,27075,BAHÍA SOLANO (MUTIS),27075000,CIUDAD MUTIS (BAHÍA SOLANO - CHOCÓ),2020,9,556.145,217.566,60.0,jueves,2020 Sep 10 07:15:00 PM,24.0
27,CHOCÓ,27075,BAHÍA SOLANO (MUTIS),27075001,CUPICA (BAHÍA SOLANO - CHOCÓ),2020,9,45.855,17.649,60.0,miércoles,2020 Sep 02 07:15:00 PM,24.0
27,CHOCÓ,27075,BAHÍA SOLANO (MUTIS),27075002,EL VALLE (BAHÍA SOLANO - CHOCÓ),2020,9,134.075,57.707,60.0,jueves,2020 Sep 10 07:15:00 PM,24.0
27,CHOCÓ,27077,BAJO BAUDÓ (PIZARRO),27077000,PIZARRO (BAJO BAUDÓ (PIZARRO) - CHOCÓ),2020,9,180.481,87.647,60.0,jueves,2020 Sep 24 07:15:00 PM,24.0
27,CHOCÓ,27099,BOJAYÁ (BELLAVISTA),27099000,BELLAVISTA (BOJAYÁ (BELLAVISTA) - CHOCÓ),2020,9,91.8,34.142,60.0,lunes,2020 Sep 14 07:15:00 PM,24.0
27,CHOCÓ,27099,BOJAYÁ (BELLAVISTA),27099002,LA LOMA DE BOJAYÁ (BOJAYÁ (BELLAVISTA) - CHOCÓ),2020,9,11.602,5.129,64.0,lunes,2020 Sep 28 07:45:00 PM,24.0
27,CHOCÓ,27099,BOJAYÁ (BELLAVISTA),27099005,NAPIPÍ (BOJAYÁ (BELLAVISTA) - CHOCÓ),2020,9,7.155,2.18,60.0,miércoles,2020 Sep 30 08:00:00 PM,24.0
27,CHOCÓ,27250,EL LITORAL DEL SAN JUAN,27250000,SANTA GENOVEVA DE DOCORDÓ (EL LITORAL DEL SAN JUAN - CHOCÓ),2020,9,64.517,31.952,60.0,martes,2020 Sep 22 07:30:00 PM,24.0
27,CHOCÓ,27425,MEDIO ATRATO (BETÉ),27425000,BETÉ (MEDIO ATRATO (BETÉ) - CHOCÓ),2020,9,17.201,7.992,72.0,miércoles,2020 Sep 30 07:00:00 PM,24.0
27,CHOCÓ,27495,NUQUÍ,27495001,ARUSÍ (NUQUÍ - CHOCO),2020,9,10.038,4.026,60.0,sábado,2020 Sep 19 06:45:00 PM,24.0
27,CHOCÓ,27495,NUQUÍ,27495000,NUQUÍ (NUQUÍ - CHOCÓ),2020,9,216.894,70.324,60.0,miércoles,2020 Sep 16 07:45:00 PM,24.0
27,CHOCÓ,27745,SIPÍ,27745000,SIPÍ (SIPÍ - CHOCO),2020,9,11.104,4.136,60.0,martes,2020 Sep 29 07:30:00 PM,24.0
27,CHOCÓ,27800,UNGUÍA,27800001,BALBOA (UNGUÍA - CHOCÓ),2020,9,15.926,6.408,60.0,sábado,2020 Sep 05 07:45:00 PM,24.0
27,CHOCÓ,27800,UNGUÍA,27800005,TITUMATE (UNGUÍA - CHOCÓ),2020,9,9.981,4.598,60.0,domingo,2020 Sep 13 07:15:00 PM,24.0
27,CHOCÓ,27800,UNGUÍA,27800000,UNGUÍA (UNGUÍA - CHOCÓ),2020,9,281.462,97.391,60.0,jueves,2020 Sep 17 07:15:00 PM,24.0
94,GUAINÍA,94343,BARRANCOMINAS,94343000,BARRANCOMINAS (BARRANCOMINAS - GUAINÍA),2020,9,39.983,13.982,60.0,lunes,2020 Sep 21 06:00:00 PM,24.0
94,GUAINÍA,94001,INÍRIDA,94001000,INÍRIDA (INÍRIDA - GUAINÍA),2020,9,10.326,476.889,60.0,martes,2020 Sep 22 02:30:00 PM,24.0
44,LA GUAJIRA,44847,URIBIA,44847012,NAZARETH (URIBIA - LA GUAJIRA),2020,9,36.631,18.455,60.0,martes,2020 Sep 15 07:00:00 PM,24.0
47,MAGDALENA,47189,CIÉNAGA,47189018,PALMOR (CIÉNAGA - MAGDALENA),2020,9,69.113,23.399,60.0,martes,2020 Sep 22 09:15:00 PM,24.0
50,META,50325,MAPIRIPÁN,50325000,MAPIRIPÁN (MAPIRIPÁN - META),2020,9,137.773,58.984,60.0,lunes,2020 Sep 21 06:45:00 PM,24.0
52,NARIÑO,52250,EL CHARCO,52250023,BAZÁN (EL CHARCO - NARIÑO),2020,9,17.407,8.826,60.0,viernes,2020 Sep 18 09:15:00 PM,24.0
52,NARIÑO,52250,EL CHARCO,52250003,BOLÍVAR - SAN PEDRO (EL CHARCO - NARIÑO),2020,9,5.008,5.479,60.0,viernes,2020 Sep 18 08:00:00 PM,24.0
52,NARIÑO,52250,EL CHARCO,52250022,EL CUIL PUEBLO NUEVO (EL CHARCO - NARIÑO),2020,9,4.85,1.86,60.0,domingo,2020 Sep 20 07:15:00 PM,24.0
52,NARIÑO,52250,EL CHARCO,52250007,SAN JOSÉ DEL TAPAJE (EL CHARCO - NARIÑO),2020,9,14.272,1.656,80.0,lunes,2020 Sep 28 07:15:00 PM,24.0
52,NARIÑO,52390,LA TOLA,52390013,AMÁRALES (LA TOLA - NARIÑO),2020,9,10.877,2.868,64.0,miércoles,2020 Sep 16 07:15:00 PM,24.0
52,NARIÑO,52390,LA TOLA,52390003,LA VIGÍA DE LA MAR (LA TOLA - NARIÑO),2020,9,5.414,2.781,60.0,lunes,2020 Sep 28 06:30:00 PM,24.0
52,NARIÑO,52390,LA TOLA,52390009,MULATOS (LA TOLA - NARIÑO),2020,9,3.847,1.876,60.0,jueves,2020 Sep 17 06:15:00 PM,24.0
52,NARIÑO,52390,LA TOLA,52390016,SAN PABLO DEL MAR (LA TOLA - NARIÑO),2020,9,4.832,1.116,60.0,domingo,2020 Sep 27 07:30:00 PM,24.0
52,NARIÑO,52490,OLAYA HERRERA,52490913,BOCA DE PRIETA (OLAYA HERRERA - NARIÑO),2020,9,3.11,766.0,60.0,jueves,2020 Sep 03 07:00:00 PM,24.0
52,NARIÑO,52490,OLAYA HERRERA,52490008,SAN JOSÉ CALABAZAL (OLAYA HERRERA - NARIÑO),2020,9,4.564,1.851,60.0,viernes,2020 Sep 25 06:30:00 PM,24.0
52,NARIÑO,52835,SAN ANDRÉS DE TUMACO,52835055,BOCAS DE CURAY (TUMACO - NARIÑO),2020,9,9.108,4.629,60.0,domingo,2020 Sep 27 11:45:00 PM,24.0
52,NARIÑO,52835,SAN ANDRÉS DE TUMACO,52835012,CHAJAL (TUMACO - NARIÑO),2020,9,31.022,10.965,60.0,martes,2020 Sep 01 06:30:00 PM,24.0
52,NARIÑO,52835,SAN ANDRÉS DE TUMACO,52835016,PITAL DE LA COSTA (TUMACO - NARIÑO),2020,9,18.101,10.808,80.0,lunes,2020 Sep 21 08:15:00 PM,10.0
52,NARIÑO,52835,SAN ANDRÉS DE TUMACO,52835212,PUEBLO NUEVO (TABLÓN SALADO) (TUMACO - NARIÑO),2020,9,3.079,1.353,60.0,domingo,2020 Sep 20 11:30:00 PM,24.0
91,AMAZONAS,91001,LETICIA,91001000,LETICIA,2026,1,10.326,914.641,60.0,lunes,2026 Jan 19 03:00:00 PM,2.4
52,NARIÑO,52835,SAN ANDRÉS DE TUMACO,52835217,SAN JUAN DE LA COSTA (SAN ANDRÉS DE TUMACO - NARIÑO),2020,9,29.057,11.726,60.0,miércoles,2020 Sep 09 06:45:00 PM,24.0
52,NARIÑO,52835,SAN ANDRÉS DE TUMACO,52835091,SANTA ROSA (TUMACO - NARIÑO),2020,9,1.742,524.0,60.0,sábado,2020 Sep 05 07:15:00 PM,24.0
52,NARIÑO,52835,SAN ANDRÉS DE TUMACO,52835148,TABLÓN DULCE LA PAMPA (TUMACO - NARIÑO),2020,9,4.507,1.45,60.0,martes,2020 Sep 08 06:30:00 PM,24.0
52,NARIÑO,52696,SANTA BÁRBARA (ISCUANDÉ),52696014,LA ENSENADA (SANTA BÁRBARA (ISCUANDÉ) - NARIÑO),2020,9,3.089,4.149,60.0,miércoles,2020 Sep 30 07:45:00 PM,24.0
52,NARIÑO,52696,SANTA BÁRBARA (ISCUANDÉ),52696017,SANTA RITA (SANTA BARBARA (ISCUANDÉ) - NARIÑO),2020,9,5.262,2.84,60.0,miércoles,2020 Sep 30 06:45:00 PM,24.0
86,PUTUMAYO,86573,PUERTO LEGUÍZAMO,86573009,PIÑUÑA NEGRO (PUERTO LEGUÍZAMO - PUTUMAYO),2020,9,3.217,1.862,60.0,sábado,2020 Sep 26 08:15:00 PM,24.0
86,PUTUMAYO,86573,PUERTO LEGUÍZAMO,86573000,PUERTO LEGUÍZAMO (PUERTO LEGUÍZAMO - PUTUMAYO),2020,9,854.209,296.67,60.0,miércoles,2020 Sep 16 06:15:00 PM,24.0
76,VALLE DEL CAUCA,76109,BUENAVENTURA,76109028,PUERTO MERIZALDE (BUENAVENTURA - VALLE DEL CAUCA),2020,9,51.724,18.368,60.0,martes,2020 Sep 22 07:45:00 PM,24.0
76,VALLE DEL CAUCA,76109,BUENAVENTURA,76109032,SAN FRANCISCO NAYA (BUENAVENTURA - VALLE DEL CAUCA),2020,9,5.809,2.156,60.0,domingo,2020 Sep 27 11:45:00 PM,24.0
97,VAUPÉS,97161,CARURÚ,97161000,CARURÚ (CARURÚ - VAUPÉS),2020,9,16.853,4.402,60.0,sábado,2020 Sep 12 07:45:00 PM,24.0
97,VAUPÉS,97001,MITÚ,97001000,MITÚ (MITÚ - VAUPÉS),2020,9,10.326,368.633,60.0,viernes,2020 Sep 18 11:30:00 PM,24.0
97,VAUPÉS,97666,TARAIRA,97666000,TARAIRA (TARAIRA - VAUPÉS),2020,9,17.89,5.788,60.0,martes,2020 Sep 08 06:45:00 PM,24.0
99,VICHADA,99773,CUMARIBO,99773000,CUMARIBO (CUMARIBO - VICHADA),2020,9,281.345,125.681,60.0,martes,2020 Sep 22 02:30:00 PM,24.0
99,VICHADA,99524,LA PRIMAVERA,99524000,LA PRIMAVERA (LA PRIMAVERA - VICHADA),2020,9,329.378,157.321,60.0,lunes,2020 Sep 21 06:00:00 PM,24.0
99,VICHADA,99001,PUERTO CARREÑO,99001002,CASUARITO (PUERTO CARREÑO - VICHADA),2020,9,21.534,8.067,60.0,viernes,2020 Sep 04 07:15:00 PM,24.0
99,VICHADA,99001,PUERTO CARREÑO,99001000,PUERTO CARREÑO (PUERTO CARREÑO - VICHADA),2020,9,10.326,677.42,4.026,lunes,2020 Sep 14 02:30:00 PM,24.0
99,VICHADA,99624,SANTA ROSALÍA,99624000,SANTA ROSALÍA (SANTA ROSALÍA - VICHADA),2020,9,110.554,54.151,60.0,viernes,2020 Sep 11 07:00:00 PM,24.0
91,AMAZONAS,91540,PUERTO NARIÑO,91540000,PUERTO NARIÑO (PUERTO NARIÑO - AMAZONAS),2020,10,100.853,37.789,60.0,jueves,2020 Oct 29 06:30:00 PM,24.0
91,AMAZONAS,91798,TARAPACÁ (ANM),91798000,TARAPACÁ (TARAPACÁ (ANM) - AMAZONAS),2020,10,23.135,9.932,60.0,viernes,2020 Oct 30 06:30:00 PM,24.0
5,ANTIOQUIA,5873,VIGÍA DEL FUERTE,5873001,SAN ANTONIO DE PADUA (VIGÍA DEL FUERTE - ANTIOQUIA),2020,10,3.822,1.412,60.0,martes,2020 Oct 06 07:30:00 PM,24.0
5,ANTIOQUIA,5873,VIGÍA DEL FUERTE,5873002,VEGÁEZ (VIGÍA DEL FUERTE - ANTIOQUIA),2020,10,5.788,746.0,60.0,viernes,2020 Oct 30 06:45:00 PM,24.0
5,ANTIOQUIA,5873,VIGÍA DEL FUERTE,5873000,VIGÍA DEL FUERTE (VIGÍA DEL FUERTE - ANTIOQUIA),2020,10,81.968,20.015,60.0,lunes,2020 Oct 26 06:15:00 PM,24.0
13,BOLÍVAR,13001,CARTAGENA DE INDIAS,13001007,ISLA FUERTE (CARTAGENA DE INDIAS - BOLÍVAR),2020,10,15.351,8.508,60.0,viernes,2020 Oct 16 02:30:00 PM,24.0
18,CAQUETÁ,18150,CARTAGENA DEL CHAIRÁ,18150001,REMOLINO DEL CAGUÁN (CARTAGENA DEL CHAIRA - CAQUETÁ),2020,10,15.819,7.68,60.0,sábado,2020 Oct 03 07:00:00 PM,24.0
18,CAQUETÁ,18753,SAN VICENTE DEL CAGUÁN,18753002,GUACAMAYAS (SAN VICENTE DEL CAGUÁN - CAQUETÁ),2020,10,12.018,4.962,60.0,sábado,2020 Oct 10 07:45:00 PM,24.0
18,CAQUETÁ,18753,SAN VICENTE DEL CAGUÁN,18753009,PUERTO BETANIA (SAN VICENTE DEL CAGUÁN - CAQUETÁ),2020,10,5.015,1.873,60.0,domingo,2020 Oct 04 07:00:00 PM,24.0
85,CASANARE,85430,TRINIDAD,85430001,BOCAS DEL PAUTO (TRINIDAD - CASANARE),2020,10,13.318,7.513,60.0,jueves,2020 Oct 01 06:30:00 PM,24.0
19,CAUCA,19318,GUAPI,19318008,LIMONES (GUAPI - CAUCA),2020,10,7.396,2.067,60.0,domingo,2020 Oct 18 06:15:00 PM,24.0
19,CAUCA,19318,GUAPI,19318013,SAN ANTONIO DE GUAJUÍ (GUAPI - CAUCA),2020,10,9.006,2.771,60.0,sábado,2020 Oct 10 08:00:00 PM,24.0
19,CAUCA,19418,LÓPEZ DE MICAY,19418024,BETANIA - NAYA (LÓPEZ (MICAY) - CAUCA),2020,10,6.932,2.127,60.0,jueves,2020 Oct 22 12:00:00 AM,24.0
19,CAUCA,19418,LÓPEZ DE MICAY,19418011,DOS QUEBRADAS RÍO NAYA (LÓPEZ DE MICAY - CAUCA),2020,10,6.622,2.282,60.0,sábado,2020 Oct 03 07:30:00 PM,24.0
19,CAUCA,19418,LÓPEZ DE MICAY,19418038,ISLA DE GALLO (LÓPEZ DE MICAY - CAUCA),2020,10,2.94,964.0,60.0,sábado,2020 Oct 03 07:00:00 PM,24.0
19,CAUCA,19418,LÓPEZ DE MICAY,19418009,NOANAMITO (LÓPEZ DE MICAY - CAUCA),2020,10,6.812,2.533,36.0,lunes,2020 Oct 19 07:45:00 PM,24.0
19,CAUCA,19418,LÓPEZ DE MICAY,19418012,SAN ANTONIO DE CHUARÉ (LÓPEZ DE MICAY - CAUCA),2020,10,9.374,3.051,60.0,jueves,2020 Oct 01 07:00:00 PM,24.0
19,CAUCA,19418,LÓPEZ DE MICAY,19418019,ZARAGOZA (LOPEZ DE MICAY - CAUCA),2020,10,12.012,5.562,60.0,sábado,2020 Oct 10 08:30:00 PM,24.0
19,CAUCA,19809,TIMBIQUÍ,19809014,CHACÓN (TIMBIQUÍ - CAUCA),2020,10,1.752,315.0,60.0,viernes,2020 Oct 30 07:45:00 PM,24.0
19,CAUCA,19809,TIMBIQUÍ,19809010,COMUNIDAD DE CHETE (TIMBIQUÍ - CAUCA),2020,10,4.843,1.415,60.0,martes,2020 Oct 27 08:00:00 PM,24.0
19,CAUCA,19809,TIMBIQUÍ,19809003,COTEJE (TIMBIQUÍ - CAUCA),2020,10,6.085,3.449,60.0,sábado,2020 Oct 31 07:00:00 PM,24.0
19,CAUCA,19809,TIMBIQUÍ,19809023,PUERTO SAIJA (TIMBIQUÍ - CAUCA),2020,10,30.969,10.513,60.0,miércoles,2020 Oct 14 07:00:00 PM,24.0
19,CAUCA,19809,TIMBIQUÍ,19809007,SAN JOSÉ (TIMBIQUÍ - CAUCA),2020,10,9.19,5.461,60.0,miércoles,2020 Oct 28 06:00:00 PM,24.0
19,CAUCA,19809,TIMBIQUÍ,19809008,SANTA MARÍA (TIMBIQUÍ - CAUCA),2020,10,17.565,6.885,60.0,martes,2020 Oct 06 08:00:00 PM,24.0
27,CHOCÓ,27006,ACANDÍ,27006000,ACANDÍ (ACANDÍ - CHOCÓ),2020,10,526.945,231.374,60.0,martes,2020 Oct 27 08:00:00 PM,24.0
27,CHOCÓ,27025,ALTO BAUDÓ (PIE DE PATO),27025000,CIUDAD BAUDÓ - PIE DE PATO (ALTO BAUDÓ - CHOCÓ),2020,10,41.592,11.042,60.0,miércoles,2020 Oct 14 07:00:00 PM,24.0
27,CHOCÓ,27075,BAHÍA SOLANO (MUTIS),27075000,CIUDAD MUTIS (BAHÍA SOLANO - CHOCÓ),2020,10,594.775,227.621,60.0,viernes,2020 Oct 30 07:15:00 PM,24.0
27,CHOCÓ,27075,BAHÍA SOLANO (MUTIS),27075001,CUPICA (BAHÍA SOLANO - CHOCÓ),2020,10,56.106,21.587,60.0,viernes,2020 Oct 02 07:00:00 PM,24.0
27,CHOCÓ,27075,BAHÍA SOLANO (MUTIS),27075002,EL VALLE (BAHÍA SOLANO - CHOCÓ),2020,10,142.944,61.727,60.0,viernes,2020 Oct 30 07:00:00 PM,24.0
27,CHOCÓ,27077,BAJO BAUDÓ (PIZARRO),27077000,PIZARRO (BAJO BAUDÓ (PIZARRO) - CHOCÓ),2020,10,190.434,93.425,60.0,miércoles,2020 Oct 14 07:30:00 PM,24.0
27,CHOCÓ,27099,BOJAYÁ (BELLAVISTA),27099000,BELLAVISTA (BOJAYÁ (BELLAVISTA) - CHOCÓ),2020,10,99.05,40.322,60.0,viernes,2020 Oct 30 07:15:00 PM,24.0
27,CHOCÓ,27099,BOJAYÁ (BELLAVISTA),27099002,LA LOMA DE BOJAYÁ (BOJAYÁ (BELLAVISTA) - CHOCÓ),2020,10,12.421,5.718,64.0,sábado,2020 Oct 10 06:45:00 PM,24.0
27,CHOCÓ,27099,BOJAYÁ (BELLAVISTA),27099005,NAPIPÍ (BOJAYÁ (BELLAVISTA) - CHOCÓ),2020,10,9.39,3.013,60.0,sábado,2020 Oct 24 06:30:00 PM,24.0
27,CHOCÓ,27099,BOJAYÁ (BELLAVISTA),27099008,PUERTO CONTO (BOJAYÁ (BELLAVISTA) - CHOCO),2020,10,7.913,1.885,60.0,viernes,2020 Oct 30 07:15:00 PM,24.0
27,CHOCÓ,27250,EL LITORAL DEL SAN JUAN,27250000,SANTA GENOVEVA DE DOCORDÓ (EL LITORAL DEL SAN JUAN - CHOCÓ),2020,10,67.746,33.721,60.0,viernes,2020 Oct 31 12:30:00 AM,24.0
27,CHOCÓ,27425,MEDIO ATRATO (BETÉ),27425000,BETÉ (MEDIO ATRATO (BETÉ) - CHOCÓ),2020,10,20.004,9.534,72.0,viernes,2020 Oct 02 07:30:00 PM,24.0
27,CHOCÓ,27495,NUQUÍ,27495001,ARUSÍ (NUQUÍ - CHOCO),2020,10,8.278,3.603,48.0,viernes,2020 Oct 16 06:45:00 PM,24.0
27,CHOCÓ,27495,NUQUÍ,27495000,NUQUÍ (NUQUÍ - CHOCÓ),2020,10,227.132,73.048,60.0,viernes,2020 Oct 16 07:15:00 PM,24.0
27,CHOCÓ,27001,QUIBDÓ,27001029,TAGACHI (QUIBDÓ - CHOCÓ),2020,10,4.505,1.102,60.0,sábado,2020 Oct 17 08:30:00 PM,24.0
27,CHOCÓ,27745,SIPÍ,27745000,SIPÍ (SIPÍ - CHOCO),2020,10,10.987,3.835,60.0,sábado,2020 Oct 31 06:45:00 PM,24.0
27,CHOCÓ,27800,UNGUÍA,27800001,BALBOA (UNGUÍA - CHOCÓ),2020,10,19.489,7.739,60.0,sábado,2020 Oct 24 07:45:00 PM,24.0
27,CHOCÓ,27800,UNGUÍA,27800005,TITUMATE (UNGUÍA - CHOCÓ),2020,10,12.044,5.72,60.0,miércoles,2020 Oct 21 07:30:00 PM,24.0
27,CHOCÓ,27800,UNGUÍA,27800000,UNGUÍA (UNGUÍA - CHOCÓ),2020,10,325.554,110.348,858.0,sábado,2020 Oct 10 07:30:00 PM,24.0
94,GUAINÍA,94343,BARRANCOMINAS,94343000,BARRANCOMINAS (BARRANCOMINAS - GUAINÍA),2020,10,39.073,13.367,60.0,lunes,2020 Oct 26 06:30:00 PM,24.0
94,GUAINÍA,94001,INÍRIDA,94001000,INÍRIDA (INÍRIDA - GUAINÍA),2020,10,10.326,510.622,60.0,viernes,2020 Oct 30 05:45:00 PM,24.0
95,GUAVIARE,95200,MIRAFLORES,95200000,MIRAFLORES (MIRAFLORES - GUAVIARE),2020,10,79.345,29.068,60.0,lunes,2020 Oct 26 06:15:00 PM,24.0
44,LA GUAJIRA,44847,URIBIA,44847012,NAZARETH (URIBIA - LA GUAJIRA),2020,10,29.547,13.565,60.0,viernes,2020 Oct 02 06:30:00 PM,24.0
47,MAGDALENA,47189,CIÉNAGA,47189018,PALMOR (CIÉNAGA - MAGDALENA),2020,10,69.954,24.408,60.0,miércoles,2020 Oct 21 08:45:00 PM,24.0
50,META,50325,MAPIRIPÁN,50325000,MAPIRIPÁN (MAPIRIPÁN - META),2020,10,144.999,61.674,60.0,viernes,2020 Oct 30 06:00:00 PM,24.0
52,NARIÑO,52250,EL CHARCO,52250003,BOLÍVAR - SAN PEDRO (EL CHARCO - NARIÑO),2020,10,4.624,5.053,60.0,lunes,2020 Oct 12 03:30:00 PM,24.0
52,NARIÑO,52250,EL CHARCO,52250022,EL CUIL PUEBLO NUEVO (EL CHARCO - NARIÑO),2020,10,3.05,1.703,60.0,sábado,2020 Oct 03 07:15:00 PM,24.0
52,NARIÑO,52250,EL CHARCO,52250007,SAN JOSÉ DEL TAPAJE (EL CHARCO - NARIÑO),2020,10,14.27,1.82,80.0,viernes,2020 Oct 09 06:00:00 PM,24.0
52,NARIÑO,52390,LA TOLA,52390013,AMÁRALES (LA TOLA - NARIÑO),2020,10,12.462,3.593,60.0,jueves,2020 Oct 08 06:45:00 PM,8.0
52,NARIÑO,52390,LA TOLA,52390003,LA VIGÍA DE LA MAR (LA TOLA - NARIÑO),2020,10,5.212,2.607,60.0,sábado,2020 Oct 10 07:00:00 PM,24.0
52,NARIÑO,52390,LA TOLA,52390009,MULATOS (LA TOLA - NARIÑO),2020,10,4.123,1.967,60.0,lunes,2020 Oct 26 06:30:00 PM,24.0
52,NARIÑO,52390,LA TOLA,52390016,SAN PABLO DEL MAR (LA TOLA - NARIÑO),2020,10,5.736,1.244,60.0,sábado,2020 Oct 31 07:00:00 PM,24.0
52,NARIÑO,52490,OLAYA HERRERA,52490913,BOCA DE PRIETA (OLAYA HERRERA - NARIÑO),2020,10,2.946,720.0,60.0,martes,2020 Oct 20 06:45:00 PM,24.0
52,NARIÑO,52490,OLAYA HERRERA,52490008,SAN JOSÉ CALABAZAL (OLAYA HERRERA - NARIÑO),2020,10,8.21,3.375,60.0,viernes,2020 Oct 30 08:15:00 PM,24.0
52,NARIÑO,52835,SAN ANDRÉS DE TUMACO,52835055,BOCAS DE CURAY (TUMACO - NARIÑO),2020,10,6.547,3.322,60.0,viernes,2020 Oct 02 06:45:00 PM,24.0
52,NARIÑO,52835,SAN ANDRÉS DE TUMACO,52835012,CHAJAL (TUMACO - NARIÑO),2020,10,25.473,9.02,60.0,jueves,2020 Oct 15 06:45:00 PM,24.0
52,NARIÑO,52835,SAN ANDRÉS DE TUMACO,52835016,PITAL DE LA COSTA (TUMACO - NARIÑO),2020,10,11.113,6.563,72.0,sábado,2020 Oct 31 07:45:00 PM,24.0
52,NARIÑO,52835,SAN ANDRÉS DE TUMACO,52835212,PUEBLO NUEVO (TABLÓN SALADO) (TUMACO - NARIÑO),2020,10,3.401,1.445,60.0,domingo,2020 Oct 11 11:30:00 PM,24.0
52,NARIÑO,52835,SAN ANDRÉS DE TUMACO,52835217,SAN JUAN DE LA COSTA (SAN ANDRÉS DE TUMACO - NARIÑO),2020,10,24.358,9.14,60.0,miércoles,2020 Oct 21 06:30:00 PM,24.0
52,NARIÑO,52835,SAN ANDRÉS DE TUMACO,52835091,SANTA ROSA (TUMACO - NARIÑO),2020,10,1.622,546.0,60.0,viernes,2020 Oct 30 07:45:00 PM,24.0
52,NARIÑO,52835,SAN ANDRÉS DE TUMACO,52835148,TABLÓN DULCE LA PAMPA (TUMACO - NARIÑO),2020,10,3.964,1.413,60.0,sábado,2020 Oct 24 06:45:00 PM,24.0
52,NARIÑO,52696,SANTA BÁRBARA (ISCUANDÉ),52696014,LA ENSENADA (SANTA BÁRBARA (ISCUANDÉ) - NARIÑO),2020,10,2.752,3.744,60.0,miércoles,2020 Oct 14 07:45:00 PM,24.0
86,PUTUMAYO,86573,PUERTO LEGUÍZAMO,86573009,PIÑUÑA NEGRO (PUERTO LEGUÍZAMO - PUTUMAYO),2020,10,3.811,2.158,60.0,sábado,2020 Oct 24 08:45:00 PM,24.0
76,VALLE DEL CAUCA,76109,BUENAVENTURA,76109028,PUERTO MERIZALDE (BUENAVENTURA - VALLE DEL CAUCA),2020,10,46.035,16.416,60.0,martes,2020 Oct 13 06:45:00 PM,24.0
76,VALLE DEL CAUCA,76109,BUENAVENTURA,76109032,SAN FRANCISCO NAYA (BUENAVENTURA - VALLE DEL CAUCA),2020,10,6.099,2.26,60.0,martes,2020 Oct 20 07:00:00 PM,24.0
97,VAUPÉS,97161,CARURÚ,97161000,CARURÚ (CARURÚ - VAUPÉS),2020,10,15.372,3.658,60.0,jueves,2020 Oct 29 07:15:00 PM,24.0
97,VAUPÉS,97001,MITÚ,97001000,MITÚ (MITÚ - VAUPÉS),2020,10,10.326,381.82,60.0,jueves,2020 Oct 29 12:00:00 AM,24.0
97,VAUPÉS,97666,TARAIRA,97666000,TARAIRA (TARAIRA - VAUPÉS),2020,10,29.164,9.162,60.0,jueves,2020 Oct 29 12:30:00 AM,24.0
99,VICHADA,99773,CUMARIBO,99773000,CUMARIBO (CUMARIBO - VICHADA),2020,10,301.392,131.22,60.0,lunes,2020 Oct 26 11:45:00 PM,24.0
99,VICHADA,99524,LA PRIMAVERA,99524000,LA PRIMAVERA (LA PRIMAVERA - VICHADA),2020,10,344.188,162.002,60.0,viernes,2020 Oct 30 06:45:00 PM,24.0
99,VICHADA,99001,PUERTO CARREÑO,99001002,CASUARITO (PUERTO CARREÑO - VICHADA),2020,10,22.272,8.238,60.0,jueves,2020 Oct 29 07:30:00 PM,24.0
99,VICHADA,99001,PUERTO CARREÑO,99001000,PUERTO CARREÑO (PUERTO CARREÑO - VICHADA),2020,10,10.326,735.75,60.0,viernes,2020 Oct 30 02:15:00 PM,24.0
99,VICHADA,99624,SANTA ROSALÍA,99624000,SANTA ROSALÍA (SANTA ROSALÍA - VICHADA),2020,10,127.636,63.048,60.0,jueves,2020 Oct 15 07:30:00 PM,24.0
91,AMAZONAS,91540,PUERTO NARIÑO,91540000,PUERTO NARIÑO (PUERTO NARIÑO - AMAZONAS),2020,11,97.464,36.366,60.0,miércoles,2020 Nov 04 06:30:00 PM,24.0
91,AMAZONAS,91798,TARAPACÁ (ANM),91798000,TARAPACÁ (TARAPACÁ (ANM) - AMAZONAS),2020,11,22.082,9.398,60.0,martes,2020 Nov 03 06:30:00 PM,24.0
5,ANTIOQUIA,5873,VIGÍA DEL FUERTE,5873001,SAN ANTONIO DE PADUA (VIGÍA DEL FUERTE - ANTIOQUIA),2020,11,3.412,1.37,60.0,sábado,2020 Nov 14 08:30:00 PM,24.0
5,ANTIOQUIA,5873,VIGÍA DEL FUERTE,5873002,VEGÁEZ (VIGÍA DEL FUERTE - ANTIOQUIA),2020,11,5.709,789.0,60.0,martes,2020 Nov 24 05:30:00 PM,24.0
5,ANTIOQUIA,5873,VIGÍA DEL FUERTE,5873000,VIGÍA DEL FUERTE (VIGÍA DEL FUERTE - ANTIOQUIA),2020,11,107.921,38.16,60.0,sábado,2020 Nov 14 01:00:00 PM,24.0
13,BOLÍVAR,13001,CARTAGENA DE INDIAS,13001007,ISLA FUERTE (CARTAGENA DE INDIAS - BOLÍVAR),2020,11,15.058,7.948,60.0,martes,2020 Nov 03 03:15:00 PM,24.0
18,CAQUETÁ,18150,CARTAGENA DEL CHAIRÁ,18150001,REMOLINO DEL CAGUÁN (CARTAGENA DEL CHAIRA - CAQUETÁ),2020,11,15.853,7.563,60.0,sábado,2020 Nov 14 06:30:00 PM,24.0
18,CAQUETÁ,18753,SAN VICENTE DEL CAGUÁN,18753002,GUACAMAYAS (SAN VICENTE DEL CAGUÁN - CAQUETÁ),2020,11,10.9,4.552,60.0,sábado,2020 Nov 21 07:00:00 PM,24.0
18,CAQUETÁ,18753,SAN VICENTE DEL CAGUÁN,18753009,PUERTO BETANIA (SAN VICENTE DEL CAGUÁN - CAQUETÁ),2020,11,5.511,2.023,60.0,sábado,2020 Nov 07 07:45:00 PM,24.0
85,CASANARE,85430,TRINIDAD,85430001,BOCAS DEL PAUTO (TRINIDAD - CASANARE),2020,11,12.953,7.604,60.0,lunes,2020 Nov 23 06:30:00 PM,24.0
19,CAUCA,19318,GUAPI,19318008,LIMONES (GUAPI - CAUCA),2020,11,10.569,2.46,60.0,lunes,2020 Nov 02 07:15:00 PM,24.0
19,CAUCA,19318,GUAPI,19318013,SAN ANTONIO DE GUAJUÍ (GUAPI - CAUCA),2020,11,11.806,3.931,60.0,sábado,2020 Nov 14 07:00:00 PM,24.0
19,CAUCA,19418,LÓPEZ DE MICAY,19418024,BETANIA - NAYA (LÓPEZ (MICAY) - CAUCA),2020,11,6.796,2.054,60.0,jueves,2020 Nov 12 11:30:00 PM,24.0
19,CAUCA,19418,LÓPEZ DE MICAY,19418011,DOS QUEBRADAS RÍO NAYA (LÓPEZ DE MICAY - CAUCA),2020,11,6.485,2.199,60.0,jueves,2020 Nov 12 07:45:00 PM,24.0
19,CAUCA,19418,LÓPEZ DE MICAY,19418038,ISLA DE GALLO (LÓPEZ DE MICAY - CAUCA),2020,11,2.926,973.0,60.0,jueves,2020 Nov 26 06:45:00 PM,24.0
19,CAUCA,19418,LÓPEZ DE MICAY,19418009,NOANAMITO (LÓPEZ DE MICAY - CAUCA),2020,11,6.193,2.268,36.0,lunes,2020 Nov 30 08:15:00 PM,24.0
19,CAUCA,19418,LÓPEZ DE MICAY,19418012,SAN ANTONIO DE CHUARÉ (LÓPEZ DE MICAY - CAUCA),2020,11,9.302,2.987,60.0,domingo,2020 Nov 29 07:15:00 PM,24.0
19,CAUCA,19418,LÓPEZ DE MICAY,19418019,ZARAGOZA (LOPEZ DE MICAY - CAUCA),2020,11,10.859,5.11,60.0,domingo,2020 Nov 15 04:00:00 PM,24.0
19,CAUCA,19809,TIMBIQUÍ,19809014,CHACÓN (TIMBIQUÍ - CAUCA),2020,11,4.04,888.0,60.0,jueves,2020 Nov 05 07:00:00 PM,24.0
19,CAUCA,19809,TIMBIQUÍ,19809010,COMUNIDAD DE CHETE (TIMBIQUÍ - CAUCA),2020,11,6.772,2.157,60.0,sábado,2020 Nov 07 07:45:00 PM,24.0
19,CAUCA,19809,TIMBIQUÍ,19809003,COTEJE (TIMBIQUÍ - CAUCA),2020,11,6.842,3.913,60.0,sábado,2020 Nov 21 07:45:00 PM,8.0
19,CAUCA,19809,TIMBIQUÍ,19809023,PUERTO SAIJA (TIMBIQUÍ - CAUCA),2020,11,11.866,4.085,60.0,domingo,2020 Nov 01 08:15:00 PM,24.0
19,CAUCA,19809,TIMBIQUÍ,19809007,SAN JOSÉ (TIMBIQUÍ - CAUCA),2020,11,6.79,3.908,60.0,martes,2020 Nov 10 06:30:00 PM,24.0
19,CAUCA,19809,TIMBIQUÍ,19809008,SANTA MARÍA (TIMBIQUÍ - CAUCA),2020,11,16.222,6.453,60.0,sábado,2020 Nov 21 06:30:00 PM,24.0
27,CHOCÓ,27006,ACANDÍ,27006000,ACANDÍ (ACANDÍ - CHOCÓ),2020,11,567.399,236.454,60.0,miércoles,2020 Nov 04 08:45:00 PM,24.0
27,CHOCÓ,27006,ACANDÍ,27006003,CAPURGANÁ (ACANDÍ - CHOCO),2020,11,247.297,98.054,60.0,viernes,2020 Nov 13 06:45:00 PM,24.0
27,CHOCÓ,27006,ACANDÍ,27006007,SAN FRANCISCO (ACANDÍ - CHOCÓ),2020,11,19.669,6.313,60.0,lunes,2020 Nov 09 08:00:00 PM,24.0
27,CHOCÓ,27025,ALTO BAUDÓ (PIE DE PATO),27025000,CIUDAD BAUDÓ - PIE DE PATO (ALTO BAUDÓ - CHOCÓ),2020,11,42.645,11.517,60.0,lunes,2020 Nov 16 06:45:00 PM,24.0
27,CHOCÓ,27075,BAHÍA SOLANO (MUTIS),27075001,CUPICA (BAHÍA SOLANO - CHOCÓ),2020,11,57.471,21.497,60.0,jueves,2020 Nov 12 07:15:00 PM,24.0
27,CHOCÓ,27075,BAHÍA SOLANO (MUTIS),27075002,EL VALLE (BAHÍA SOLANO - CHOCÓ),2020,11,138.122,59.124,60.0,jueves,2020 Nov 05 06:45:00 PM,24.0
27,CHOCÓ,27077,BAJO BAUDÓ (PIZARRO),27077000,PIZARRO (BAJO BAUDÓ (PIZARRO) - CHOCÓ),2020,11,181.765,87.44,60.0,martes,2020 Nov 03 07:00:00 PM,24.0
27,CHOCÓ,27099,BOJAYÁ (BELLAVISTA),27099000,BELLAVISTA (BOJAYÁ (BELLAVISTA) - CHOCÓ),2020,11,98.285,42.41,60.0,martes,2020 Nov 03 07:00:00 PM,24.0
27,CHOCÓ,27099,BOJAYÁ (BELLAVISTA),27099002,LA LOMA DE BOJAYÁ (BOJAYÁ (BELLAVISTA) - CHOCÓ),2020,11,11.185,5.391,60.0,martes,2020 Nov 10 07:00:00 PM,24.0
27,CHOCÓ,27099,BOJAYÁ (BELLAVISTA),27099005,NAPIPÍ (BOJAYÁ (BELLAVISTA) - CHOCÓ),2020,11,8.978,2.942,60.0,lunes,2020 Nov 23 08:15:00 PM,24.0
27,CHOCÓ,27099,BOJAYÁ (BELLAVISTA),27099008,PUERTO CONTO (BOJAYÁ (BELLAVISTA) - CHOCO),2020,11,10.519,2.669,60.0,domingo,2020 Nov 29 06:30:00 PM,24.0
27,CHOCÓ,27250,EL LITORAL DEL SAN JUAN,27250000,SANTA GENOVEVA DE DOCORDÓ (EL LITORAL DEL SAN JUAN - CHOCÓ),2020,11,68.524,34.6,60.0,miércoles,2020 Nov 04 07:15:00 PM,24.0
27,CHOCÓ,27372,JURADÓ,27372000,JURADÓ (JURADÓ - CHOCÓ),2020,11,143.913,71.872,60.0,martes,2020 Nov 17 06:45:00 PM,24.0
27,CHOCÓ,27425,MEDIO ATRATO (BETÉ),27425000,BETÉ (MEDIO ATRATO (BETÉ) - CHOCÓ),2020,11,19.772,9.589,72.0,sábado,2020 Nov 14 06:45:00 PM,24.0
27,CHOCÓ,27495,NUQUÍ,27495001,ARUSÍ (NUQUÍ - CHOCO),2020,11,8.892,4.04,48.0,martes,2020 Nov 17 06:45:00 PM,24.0
27,CHOCÓ,27495,NUQUÍ,27495000,NUQUÍ (NUQUÍ - CHOCÓ),2020,11,219.005,68.779,60.0,viernes,2020 Nov 06 07:00:00 PM,24.0
27,CHOCÓ,27745,SIPÍ,27745000,SIPÍ (SIPÍ - CHOCO),2020,11,9.994,3.792,60.0,lunes,2020 Nov 23 07:15:00 PM,24.0
27,CHOCÓ,27800,UNGUÍA,27800001,BALBOA (UNGUÍA - CHOCÓ),2020,11,19.366,8.029,60.0,sábado,2020 Nov 07 07:30:00 PM,24.0
27,CHOCÓ,27800,UNGUÍA,27800005,TITUMATE (UNGUÍA - CHOCÓ),2020,11,8.962,4.052,60.0,miércoles,2020 Nov 11 09:15:00 PM,24.0
27,CHOCÓ,27800,UNGUÍA,27800000,UNGUÍA (UNGUÍA - CHOCÓ),2020,11,335.979,111.322,847.0,miércoles,2020 Nov 25 06:45:00 PM,24.0
94,GUAINÍA,94343,BARRANCOMINAS,94343000,BARRANCOMINAS (BARRANCOMINAS - GUAINÍA),2020,11,46.45,16.212,60.0,jueves,2020 Nov 19 06:15:00 PM,24.0
94,GUAINÍA,94001,INÍRIDA,94001000,INÍRIDA (INÍRIDA - GUAINÍA),2020,11,10.326,504.476,60.0,jueves,2020 Nov 12 05:30:00 PM,24.0
95,GUAVIARE,95200,MIRAFLORES,95200000,MIRAFLORES (MIRAFLORES - GUAVIARE),2020,11,80.296,28.321,60.0,lunes,2020 Nov 30 06:30:00 PM,24.0
44,LA GUAJIRA,44847,URIBIA,44847012,NAZARETH (URIBIA - LA GUAJIRA),2020,11,24.43,10.951,60.0,lunes,2020 Nov 23 06:15:00 PM,24.0
47,MAGDALENA,47189,CIÉNAGA,47189018,PALMOR (CIÉNAGA - MAGDALENA),2020,11,63.62,22.537,60.0,lunes,2020 Nov 02 09:15:00 PM,24.0
50,META,50325,MAPIRIPÁN,50325000,MAPIRIPÁN (MAPIRIPÁN - META),2020,11,147.423,61.791,60.0,sábado,2020 Nov 21 06:15:00 PM,24.0
52,NARIÑO,52250,EL CHARCO,52250023,BAZÁN (EL CHARCO - NARIÑO),2020,11,20.585,10.96,60.0,sábado,2020 Nov 21 06:45:00 PM,24.0
52,NARIÑO,52250,EL CHARCO,52250003,BOLÍVAR - SAN PEDRO (EL CHARCO - NARIÑO),2020,11,4.494,2.904,60.0,martes,2020 Nov 03 06:45:00 PM,24.0
52,NARIÑO,52250,EL CHARCO,52250022,EL CUIL PUEBLO NUEVO (EL CHARCO - NARIÑO),2020,11,4.511,2.964,60.0,lunes,2020 Nov 30 08:45:00 PM,24.0
52,NARIÑO,52250,EL CHARCO,52250007,SAN JOSÉ DEL TAPAJE (EL CHARCO - NARIÑO),2020,11,15.522,3.166,88.0,viernes,2020 Nov 20 08:15:00 PM,24.0
52,NARIÑO,52520,FRANCISCO PIZARRO,52520013,SAN PEDRO DEL VINO (FRANCISCO PIZARRO - NARIÑO),2020,11,5.307,2.62,60.0,sábado,2020 Nov 07 06:15:00 PM,24.0
52,NARIÑO,52390,LA TOLA,52390013,AMÁRALES (LA TOLA - NARIÑO),2020,11,11.563,3.331,60.0,miércoles,2020 Nov 25 06:45:00 PM,24.0
52,NARIÑO,52390,LA TOLA,52390003,LA VIGÍA DE LA MAR (LA TOLA - NARIÑO),2020,11,5.724,2.861,60.0,sábado,2020 Nov 21 12:30:00 AM,24.0
52,NARIÑO,52390,LA TOLA,52390009,MULATOS (LA TOLA - NARIÑO),2020,11,3.936,1.957,60.0,lunes,2020 Nov 09 06:15:00 PM,24.0
52,NARIÑO,52390,LA TOLA,52390016,SAN PABLO DEL MAR (LA TOLA - NARIÑO),2020,11,4.974,1.053,60.0,sábado,2020 Nov 28 08:45:00 PM,24.0
52,NARIÑO,52473,MOSQUERA,52473010,EL BAJITO DE ECHANDÍA (MOSQUERA - NARIÑO),2020,11,4.134,532.0,60.0,jueves,2020 Nov 05 06:15:00 PM,24.0
52,NARIÑO,52490,OLAYA HERRERA,52490913,BOCA DE PRIETA (OLAYA HERRERA - NARIÑO),2020,11,2.643,719.0,24.0,domingo,2020 Nov 15 05:30:00 PM,24.0
52,NARIÑO,52490,OLAYA HERRERA,52490008,SAN JOSÉ CALABAZAL (OLAYA HERRERA - NARIÑO),2020,11,7.533,3.151,60.0,sábado,2020 Nov 07 08:00:00 PM,24.0
52,NARIÑO,52835,SAN ANDRÉS DE TUMACO,52835055,BOCAS DE CURAY (TUMACO - NARIÑO),2020,11,3.836,1.964,60.0,domingo,2020 Nov 29 06:45:00 PM,24.0
52,NARIÑO,52835,SAN ANDRÉS DE TUMACO,52835012,CHAJAL (TUMACO - NARIÑO),2020,11,11.846,4.165,60.0,sábado,2020 Nov 28 07:15:00 PM,24.0
52,NARIÑO,52835,SAN ANDRÉS DE TUMACO,52835016,PITAL DE LA COSTA (TUMACO - NARIÑO),2020,11,15.671,9.359,84.0,miércoles,2020 Nov 25 08:30:00 PM,24.0
52,NARIÑO,52835,SAN ANDRÉS DE TUMACO,52835212,PUEBLO NUEVO (TABLÓN SALADO) (TUMACO - NARIÑO),2020,11,3.063,1.15,60.0,miércoles,2020 Nov 11 06:15:00 PM,24.0
52,NARIÑO,52835,SAN ANDRÉS DE TUMACO,52835021,SAN JOSÉ DEL GUAYABO (TUMACO - NARIÑO),2020,11,2.341,603.0,60.0,sábado,2020 Nov 14 08:00:00 PM,24.0
52,NARIÑO,52835,SAN ANDRÉS DE TUMACO,52835217,SAN JUAN DE LA COSTA (SAN ANDRÉS DE TUMACO - NARIÑO),2020,11,18.96,6.933,144.0,lunes,2020 Nov 09 06:30:00 PM,24.0
52,NARIÑO,52835,SAN ANDRÉS DE TUMACO,52835091,SANTA ROSA (TUMACO - NARIÑO),2020,11,2.55,860.0,60.0,lunes,2020 Nov 30 07:00:00 PM,24.0
52,NARIÑO,52835,SAN ANDRÉS DE TUMACO,52835148,TABLÓN DULCE LA PAMPA (TUMACO - NARIÑO),2020,11,2.668,996.0,60.0,jueves,2020 Nov 12 07:15:00 PM,24.0
52,NARIÑO,52696,SANTA BÁRBARA (ISCUANDÉ),52696014,LA ENSENADA (SANTA BÁRBARA (ISCUANDÉ) - NARIÑO),2020,11,2.444,3.452,60.0,sábado,2020 Nov 07 08:00:00 PM,24.0
52,NARIÑO,52696,SANTA BÁRBARA (ISCUANDÉ),52696022,SECADERO (SANTA BÁRBARA (ISCUANDÉ) - NARIÑO),2020,11,2.997,1.971,60.0,jueves,2020 Nov 26 06:45:00 PM,24.0
86,PUTUMAYO,86573,PUERTO LEGUÍZAMO,86573009,PIÑUÑA NEGRO (PUERTO LEGUÍZAMO - PUTUMAYO),2020,11,3.718,2.067,60.0,domingo,2020 Nov 22 10:00:00 PM,24.0
76,VALLE DEL CAUCA,76109,BUENAVENTURA,76109028,PUERTO MERIZALDE (BUENAVENTURA - VALLE DEL CAUCA),2020,11,45.02,14.919,60.0,jueves,2020 Nov 12 07:30:00 PM,24.0
76,VALLE DEL CAUCA,76109,BUENAVENTURA,76109032,SAN FRANCISCO NAYA (BUENAVENTURA - VALLE DEL CAUCA),2020,11,6.129,2.256,60.0,jueves,2020 Nov 26 06:30:00 PM,8.0
97,VAUPÉS,97161,CARURÚ,97161000,CARURÚ (CARURÚ - VAUPÉS),2020,11,18.19,4.704,60.0,jueves,2020 Nov 26 06:30:00 PM,24.0
97,VAUPÉS,97001,MITÚ,97001000,MITÚ (MITÚ - VAUPÉS),2020,11,10.326,350.879,60.0,jueves,2020 Nov 12 11:45:00 PM,24.0
97,VAUPÉS,97666,TARAIRA,97666000,TARAIRA (TARAIRA - VAUPÉS),2020,11,28.749,9.269,60.0,miércoles,2020 Nov 11 07:00:00 PM,24.0
99,VICHADA,99773,CUMARIBO,99773000,CUMARIBO (CUMARIBO - VICHADA),2020,11,294.589,125.934,60.0,lunes,2020 Nov 23 05:45:00 PM,24.0
99,VICHADA,99001,PUERTO CARREÑO,99001002,CASUARITO (PUERTO CARREÑO - VICHADA),2020,11,22.119,8.407,60.0,martes,2020 Nov 24 06:45:00 PM,24.0
99,VICHADA,99001,PUERTO CARREÑO,99001000,PUERTO CARREÑO (PUERTO CARREÑO - VICHADA),2020,11,10.326,592.088,60.0,martes,2020 Nov 24 02:15:00 PM,24.0
99,VICHADA,99624,SANTA ROSALÍA,99624000,SANTA ROSALÍA (SANTA ROSALÍA - VICHADA),2020,11,125.334,61.219,60.0,jueves,2020 Nov 12 06:15:00 PM,24.0
91,AMAZONAS,91001,LETICIA,91001000,LETICIA (LETICIA - AMAZONAS),2020,12,10.326,8.475,60.0,miércoles,2020 Dec 02 11:30:00 PM,24.0
91,AMAZONAS,91540,PUERTO NARIÑO,91540000,PUERTO NARIÑO (PUERTO NARIÑO - AMAZONAS),2020,12,103.055,37.63,60.0,jueves,2020 Dec 31 07:00:00 PM,24.0
91,AMAZONAS,91798,TARAPACÁ (ANM),91798000,TARAPACÁ (TARAPACÁ (ANM) - AMAZONAS),2020,12,23.543,9.879,60.0,jueves,2020 Dec 31 07:15:00 PM,24.0
5,ANTIOQUIA,5873,VIGÍA DEL FUERTE,5873001,SAN ANTONIO DE PADUA (VIGÍA DEL FUERTE - ANTIOQUIA),2020,12,4.556,1.73,60.0,jueves,2020 Dec 31 07:15:00 PM,24.0
5,ANTIOQUIA,5873,VIGÍA DEL FUERTE,5873002,VEGÁEZ (VIGÍA DEL FUERTE - ANTIOQUIA),2020,12,5.286,547.0,60.0,miércoles,2020 Dec 09 06:15:00 PM,24.0
5,ANTIOQUIA,5873,VIGÍA DEL FUERTE,5873000,VIGÍA DEL FUERTE (VIGÍA DEL FUERTE - ANTIOQUIA),2020,12,105.787,39.101,60.0,lunes,2020 Dec 29 12:45:00 AM,24.0
13,BOLÍVAR,13001,CARTAGENA DE INDIAS,13001007,ISLA FUERTE (CARTAGENA DE INDIAS - BOLÍVAR),2020,12,18.18,9.5,60.0,jueves,2020 Dec 31 03:30:00 PM,24.0
18,CAQUETÁ,18150,CARTAGENA DEL CHAIRÁ,18150001,REMOLINO DEL CAGUÁN (CARTAGENA DEL CHAIRA - CAQUETÁ),2020,12,16.816,7.999,60.0,jueves,2020 Dec 31 07:30:00 PM,24.0
18,CAQUETÁ,18150,CARTAGENA DEL CHAIRÁ,18150002,SANTA FE DEL CAGUÁN (CARTAGENA DEL CHAIRA - CAQUETÁ),2020,12,4.298,2.392,60.0,jueves,2020 Dec 31 07:00:00 PM,24.0
18,CAQUETÁ,18753,SAN VICENTE DEL CAGUÁN,18753002,GUACAMAYAS (SAN VICENTE DEL CAGUÁN - CAQUETÁ),2020,12,13.318,5.565,60.0,jueves,2020 Dec 31 07:45:00 PM,24.0
18,CAQUETÁ,18753,SAN VICENTE DEL CAGUÁN,18753015,GUAYABAL (SAN VICENTE DEL CAGUÁN - CAQUETÁ),2020,12,6.343,3.648,60.0,jueves,2020 Dec 31 06:30:00 PM,24.0
18,CAQUETÁ,18753,SAN VICENTE DEL CAGUÁN,18753009,PUERTO BETANIA (SAN VICENTE DEL CAGUÁN - CAQUETÁ),2020,12,5.697,2.205,60.0,jueves,2020 Dec 24 07:45:00 PM,24.0
85,CASANARE,85430,TRINIDAD,85430001,BOCAS DEL PAUTO (TRINIDAD - CASANARE),2020,12,13.243,7.673,60.0,sábado,2020 Dec 19 11:30:00 PM,24.0
19,CAUCA,19318,GUAPI,19318008,LIMONES (GUAPI - CAUCA),2020,12,11.455,2.809,60.0,jueves,2020 Dec 31 08:30:00 PM,24.0
19,CAUCA,19318,GUAPI,19318013,SAN ANTONIO DE GUAJUÍ (GUAPI - CAUCA),2020,12,12.143,4.09,60.0,miércoles,2020 Dec 09 07:15:00 PM,24.0
19,CAUCA,19418,LÓPEZ DE MICAY,19418011,DOS QUEBRADAS RÍO NAYA (LÓPEZ DE MICAY - CAUCA),2020,12,7.196,2.458,60.0,jueves,2020 Dec 10 07:30:00 PM,24.0
19,CAUCA,19418,LÓPEZ DE MICAY,19418038,ISLA DE GALLO (LÓPEZ DE MICAY - CAUCA),2020,12,4.586,1.456,60.0,jueves,2020 Dec 31 07:30:00 PM,24.0
19,CAUCA,19418,LÓPEZ DE MICAY,19418007,LA CONCHA - CONCEPCIÓN NAYA (LOPEZ (MICAY) - CAUCA),2020,12,3.448,566.0,60.0,jueves,2020 Dec 24 08:00:00 PM,24.0
19,CAUCA,19418,LÓPEZ DE MICAY,19418009,NOANAMITO (LÓPEZ DE MICAY - CAUCA),2020,12,7.545,2.498,40.0,miércoles,2020 Dec 30 08:00:00 PM,24.0
19,CAUCA,19418,LÓPEZ DE MICAY,19418012,SAN ANTONIO DE CHUARÉ (LÓPEZ DE MICAY - CAUCA),2020,12,10.021,3.301,60.0,jueves,2020 Dec 24 06:45:00 PM,24.0
19,CAUCA,19418,LÓPEZ DE MICAY,19418019,ZARAGOZA (LOPEZ DE MICAY - CAUCA),2020,12,11.75,5.418,60.0,jueves,2020 Dec 24 08:30:00 PM,24.0
19,CAUCA,19809,TIMBIQUÍ,19809014,CHACÓN (TIMBIQUÍ - CAUCA),2020,12,4.584,1.092,60.0,jueves,2020 Dec 31 09:45:00 PM,24.0
19,CAUCA,19809,TIMBIQUÍ,19809003,COTEJE (TIMBIQUÍ - CAUCA),2020,12,7.629,4.343,60.0,sábado,2020 Dec 05 06:30:00 PM,24.0
19,CAUCA,19809,TIMBIQUÍ,19809023,PUERTO SAIJA (TIMBIQUÍ - CAUCA),2020,12,33.577,11.703,60.0,jueves,2020 Dec 24 07:15:00 PM,24.0
19,CAUCA,19809,TIMBIQUÍ,19809007,SAN JOSÉ (TIMBIQUÍ - CAUCA),2020,12,8.763,5.126,60.0,jueves,2020 Dec 31 07:30:00 PM,24.0
19,CAUCA,19809,TIMBIQUÍ,19809008,SANTA MARÍA (TIMBIQUÍ - CAUCA),2020,12,17.433,6.834,60.0,miércoles,2020 Dec 30 07:00:00 PM,24.0
27,CHOCÓ,27006,ACANDÍ,27006000,ACANDÍ (ACANDÍ - CHOCÓ),2020,12,589.832,244.762,60.0,miércoles,2020 Dec 23 09:00:00 PM,24.0
27,CHOCÓ,27006,ACANDÍ,27006003,CAPURGANÁ (ACANDÍ - CHOCO),2020,12,296.79,114.181,60.0,jueves,2020 Dec 31 07:45:00 PM,24.0
27,CHOCÓ,27006,ACANDÍ,27006007,SAN FRANCISCO,2025,12,26.113,10.473,158.592,jueves,2025 Dec 31 07:45:00 PM,925.0
27,CHOCÓ,27006,ACANDÍ,27006007,SAN FRANCISCO (ACANDÍ - CHOCÓ),2020,12,22.437,7.054,60.0,jueves,2020 Dec 31 07:00:00 PM,24.0
27,CHOCÓ,27025,ALTO BAUDÓ (PIE DE PATO),27025000,CIUDAD BAUDÓ - PIE DE PATO (ALTO BAUDÓ - CHOCÓ),2020,12,45.363,12.409,60.0,domingo,2020 Dec 07 12:15:00 AM,24.0
27,CHOCÓ,27075,BAHÍA SOLANO (MUTIS),27075001,CUPICA (BAHÍA SOLANO - CHOCÓ),2020,12,58.899,22.302,60.0,domingo,2020 Dec 20 07:30:00 PM,24.0
27,CHOCÓ,27075,BAHÍA SOLANO (MUTIS),27075002,EL VALLE (BAHÍA SOLANO - CHOCÓ),2020,12,156.702,64.68,60.0,lunes,2020 Dec 28 07:00:00 PM,24.0
27,CHOCÓ,27077,BAJO BAUDÓ (PIZARRO),27077905,BUENAVISTA (BAJO BAUDÓ (PIZARRO) - CHOCÓ),2020,12,5.787,680.0,60.0,miércoles,2020 Dec 23 08:30:00 PM,24.0
27,CHOCÓ,27077,BAJO BAUDÓ (PIZARRO),27077000,PIZARRO (BAJO BAUDÓ (PIZARRO) - CHOCÓ),2020,12,203.289,95.365,60.0,lunes,2020 Dec 07 07:00:00 PM,24.0
27,CHOCÓ,27099,BOJAYÁ (BELLAVISTA),27099000,BELLAVISTA (BOJAYÁ (BELLAVISTA) - CHOCÓ),2020,12,41.555,17.093,60.0,lunes,2020 Dec 07 06:45:00 PM,24.0
27,CHOCÓ,27099,BOJAYÁ (BELLAVISTA),27099002,LA LOMA DE BOJAYÁ (BOJAYÁ (BELLAVISTA) - CHOCÓ),2020,12,12.909,6.126,60.0,sábado,2020 Dec 05 07:00:00 PM,24.0
27,CHOCÓ,27099,BOJAYÁ (BELLAVISTA),27099005,NAPIPÍ (BOJAYÁ (BELLAVISTA) - CHOCÓ),2020,12,10.766,3.467,60.0,jueves,2020 Dec 31 10:00:00 PM,24.0
27,CHOCÓ,27099,BOJAYÁ (BELLAVISTA),27099008,PUERTO CONTO (BOJAYÁ (BELLAVISTA) - CHOCO),2020,12,10.426,2.632,60.0,miércoles,2020 Dec 23 08:15:00 PM,24.0
27,CHOCÓ,27250,EL LITORAL DEL SAN JUAN,27250000,SANTA GENOVEVA DE DOCORDÓ (EL LITORAL DEL SAN JUAN - CHOCÓ),2020,12,70.724,35.325,60.0,jueves,2020 Dec 10 08:00:00 PM,24.0
27,CHOCÓ,27372,JURADÓ,27372000,JURADÓ (JURADÓ - CHOCÓ),2020,12,158.215,78.341,60.0,jueves,2020 Dec 17 09:00:00 PM,24.0
27,CHOCÓ,27425,MEDIO ATRATO (BETÉ),27425000,BETÉ (MEDIO ATRATO (BETÉ) - CHOCÓ),2020,12,20.83,10.015,76.0,jueves,2020 Dec 31 07:00:00 PM,24.0
27,CHOCÓ,27495,NUQUÍ,27495001,ARUSÍ (NUQUÍ - CHOCO),2020,12,9.074,3.826,60.0,miércoles,2020 Dec 16 07:00:00 PM,24.0
27,CHOCÓ,27495,NUQUÍ,27495000,NUQUÍ (NUQUÍ - CHOCÓ),2020,12,243.554,78.214,60.0,miércoles,2020 Dec 23 07:15:00 PM,24.0
27,CHOCÓ,27495,NUQUÍ,27495011,PUERTO JAGUA (NUQUÍ - CHOCÓ),2020,12,1.196,1.079,60.0,jueves,2020 Dec 24 07:15:00 PM,24.0
27,CHOCÓ,27800,UNGUÍA,27800001,BALBOA (UNGUÍA - CHOCÓ),2020,12,20.64,8.643,60.0,jueves,2020 Dec 24 07:30:00 PM,24.0
27,CHOCÓ,27800,UNGUÍA,27800005,TITUMATE (UNGUÍA - CHOCÓ),2020,12,14.101,5.866,60.0,miércoles,2020 Dec 23 09:15:00 PM,24.0
94,GUAINÍA,94343,BARRANCOMINAS,94343000,BARRANCOMINAS (BARRANCOMINAS - GUAINÍA),2020,12,46.649,16.597,60.0,miércoles,2020 Dec 23 06:00:00 PM,24.0
94,GUAINÍA,94001,INÍRIDA,94001000,INÍRIDA (INÍRIDA - GUAINÍA),2020,12,10.326,528.98,60.0,jueves,2020 Dec 03 02:15:00 PM,24.0
95,GUAVIARE,95200,MIRAFLORES,95200000,MIRAFLORES (MIRAFLORES - GUAVIARE),2020,12,85.279,30.687,60.0,lunes,2020 Dec 28 06:15:00 PM,24.0
44,LA GUAJIRA,44847,URIBIA,44847012,NAZARETH (URIBIA - LA GUAJIRA),2020,12,31.022,14.828,60.0,martes,2020 Dec 01 06:30:00 PM,24.0
47,MAGDALENA,47189,CIÉNAGA,47189018,PALMOR (CIÉNAGA - MAGDALENA),2020,12,90.408,35.239,60.0,domingo,2020 Dec 27 06:30:00 PM,24.0
50,META,50325,MAPIRIPÁN,50325000,MAPIRIPÁN (MAPIRIPÁN - META),2020,12,150.46,62.899,60.0,viernes,2020 Dec 11 06:45:00 PM,24.0
52,NARIÑO,52250,EL CHARCO,52250023,BAZÁN (EL CHARCO - NARIÑO),2020,12,21.149,11.563,60.0,jueves,2020 Dec 31 07:45:00 PM,24.0
52,NARIÑO,52250,EL CHARCO,52250003,BOLÍVAR - SAN PEDRO (EL CHARCO - NARIÑO),2020,12,4.061,2.199,60.0,jueves,2020 Dec 17 06:15:00 PM,24.0
52,NARIÑO,52250,EL CHARCO,52250022,EL CUIL PUEBLO NUEVO (EL CHARCO - NARIÑO),2020,12,7.867,8.361,60.0,jueves,2020 Dec 31 07:45:00 PM,24.0
52,NARIÑO,52250,EL CHARCO,52250007,SAN JOSÉ DEL TAPAJE (EL CHARCO - NARIÑO),2020,12,16.442,2.952,80.0,domingo,2020 Dec 27 08:45:00 PM,24.0
52,NARIÑO,52520,FRANCISCO PIZARRO,52520013,SAN PEDRO DEL VINO (FRANCISCO PIZARRO - NARIÑO),2020,12,5.683,2.841,60.0,lunes,2020 Dec 07 06:30:00 PM,24.0
52,NARIÑO,52390,LA TOLA,52390013,AMÁRALES (LA TOLA - NARIÑO),2020,12,11.516,3.38,60.0,martes,2020 Dec 22 07:45:00 PM,24.0
52,NARIÑO,52390,LA TOLA,52390003,LA VIGÍA DE LA MAR (LA TOLA - NARIÑO),2020,12,6.07,2.214,60.0,viernes,2020 Dec 25 06:45:00 PM,24.0
52,NARIÑO,52390,LA TOLA,52390009,MULATOS (LA TOLA - NARIÑO),2020,12,3.883,1.652,60.0,lunes,2020 Dec 07 06:30:00 PM,6.0
52,NARIÑO,52490,OLAYA HERRERA,52490913,BOCA DE PRIETA (OLAYA HERRERA - NARIÑO),2020,12,2.52,664.0,60.0,jueves,2020 Dec 31 07:15:00 PM,24.0
52,NARIÑO,52490,OLAYA HERRERA,52490008,SAN JOSÉ CALABAZAL (OLAYA HERRERA - NARIÑO),2020,12,8.018,3.357,60.0,jueves,2020 Dec 31 06:30:00 PM,24.0
52,NARIÑO,52835,SAN ANDRÉS DE TUMACO,52835055,BOCAS DE CURAY (TUMACO - NARIÑO),2020,12,11.186,6.296,60.0,jueves,2020 Dec 31 07:45:00 PM,24.0
52,NARIÑO,52835,SAN ANDRÉS DE TUMACO,52835012,CHAJAL (TUMACO - NARIÑO),2020,12,22.474,7.855,60.0,miércoles,2020 Dec 16 08:00:00 PM,24.0
52,NARIÑO,52835,SAN ANDRÉS DE TUMACO,52835016,PITAL DE LA COSTA (TUMACO - NARIÑO),2020,12,21.115,12.242,88.0,jueves,2020 Dec 31 08:00:00 PM,24.0
52,NARIÑO,52835,SAN ANDRÉS DE TUMACO,52835212,PUEBLO NUEVO (TABLÓN SALADO) (TUMACO - NARIÑO),2020,12,3.539,1.343,60.0,sábado,2020 Dec 19 07:45:00 PM,24.0
52,NARIÑO,52835,SAN ANDRÉS DE TUMACO,52835217,SAN JUAN DE LA COSTA (SAN ANDRÉS DE TUMACO - NARIÑO),2020,12,30.882,11.139,60.0,martes,2020 Dec 22 06:45:00 PM,24.0
52,NARIÑO,52835,SAN ANDRÉS DE TUMACO,52835091,SANTA ROSA (TUMACO - NARIÑO),2020,12,3.125,1.063,60.0,jueves,2020 Dec 24 07:15:00 PM,24.0
52,NARIÑO,52835,SAN ANDRÉS DE TUMACO,52835148,TABLÓN DULCE LA PAMPA (TUMACO - NARIÑO),2020,12,2.588,1.17,60.0,domingo,2020 Dec 20 07:15:00 PM,24.0
52,NARIÑO,52696,SANTA BÁRBARA (ISCUANDÉ),52696014,LA ENSENADA (SANTA BÁRBARA (ISCUANDÉ) - NARIÑO),2020,12,1.286,1.161,60.0,jueves,2020 Dec 31 09:30:00 PM,24.0
52,NARIÑO,52696,SANTA BÁRBARA (ISCUANDÉ),52696022,SECADERO (SANTA BÁRBARA (ISCUANDÉ) - NARIÑO),2020,12,3.156,1.964,60.0,jueves,2020 Dec 24 08:00:00 PM,24.0
86,PUTUMAYO,86573,PUERTO LEGUÍZAMO,86573009,PIÑUÑA NEGRO (PUERTO LEGUÍZAMO - PUTUMAYO),2020,12,4.154,2.386,60.0,jueves,2020 Dec 31 09:00:00 PM,24.0
86,PUTUMAYO,86573,PUERTO LEGUÍZAMO,86573000,PUERTO LEGUÍZAMO (PUERTO LEGUÍZAMO - PUTUMAYO),2020,12,892.529,312.804,60.0,lunes,2020 Dec 14 03:00:00 PM,24.0
76,VALLE DEL CAUCA,76109,BUENAVENTURA,76109028,PUERTO MERIZALDE (BUENAVENTURA - VALLE DEL CAUCA),2020,12,48.844,16.493,60.0,domingo,2020 Dec 20 08:00:00 PM,24.0
76,VALLE DEL CAUCA,76109,BUENAVENTURA,76109032,SAN FRANCISCO NAYA (BUENAVENTURA - VALLE DEL CAUCA),2020,12,5.242,2.668,60.0,jueves,2020 Dec 24 08:45:00 PM,24.0
97,VAUPÉS,97161,CARURÚ,97161000,CARURÚ (CARURÚ - VAUPÉS),2020,12,19.43,5.606,60.0,lunes,2020 Dec 28 06:45:00 PM,24.0
97,VAUPÉS,97001,MITÚ,97001000,MITÚ (MITÚ - VAUPÉS),2020,12,10.326,390.514,60.0,lunes,2020 Dec 15 12:00:00 AM,24.0
97,VAUPÉS,97666,TARAIRA,97666000,TARAIRA (TARAIRA - VAUPÉS),2020,12,29.185,9.632,60.0,miércoles,2020 Dec 24 12:30:00 AM,24.0
99,VICHADA,99773,CUMARIBO,99773000,CUMARIBO (CUMARIBO - VICHADA),2020,12,302.059,132.241,60.0,miércoles,2020 Dec 16 02:15:00 PM,24.0
99,VICHADA,99524,LA PRIMAVERA,99524000,LA PRIMAVERA (LA PRIMAVERA - VICHADA),2020,12,337.755,155.047,60.0,lunes,2020 Dec 28 07:00:00 PM,24.0
99,VICHADA,99001,PUERTO CARREÑO,99001002,CASUARITO (PUERTO CARREÑO - VICHADA),2020,12,30.719,11.274,60.0,viernes,2020 Dec 18 08:30:00 PM,24.0
99,VICHADA,99001,PUERTO CARREÑO,99001000,PUERTO CARREÑO (PUERTO CARREÑO - VICHADA),2020,12,10.326,777.076,60.0,miércoles,2020 Dec 09 02:45:00 PM,24.0
99,VICHADA,99624,SANTA ROSALÍA,99624000,SANTA ROSALÍA (SANTA ROSALÍA - VICHADA),2020,12,134.784,66.505,60.0,miércoles,2020 Dec 23 08:45:00 PM,24.0
91,AMAZONAS,91001,LETICIA,91001000,LETICIA (LETICIA - AMAZONAS),2021,1,10.326,8.475,60.0,lunes,2021 Jan 18 03:00:00 PM,24.0
91,AMAZONAS,91540,PUERTO NARIÑO,91540000,PUERTO NARIÑO (PUERTO NARIÑO - AMAZONAS),2021,1,101.522,36.398,60.0,jueves,2021 Jan 28 07:15:00 PM,24.0
5,ANTIOQUIA,5873,VIGÍA DEL FUERTE,5873001,SAN ANTONIO DE PADUA (VIGÍA DEL FUERTE - ANTIOQUIA),2021,1,3.729,1.427,60.0,sábado,2021 Jan 30 07:30:00 PM,24.0
88,"ARCHIPIÉLAGO DE SAN ANDRÉS, PROVIDENCIA Y SANTA CATALINA",88001,SAN ANDRÉS,88001000,SAN ANDRÉS (SAN ANDRÉS - ARCHIPIÉLAGO DE SAN ANDRÉS Y PROVIDENCIA),2021,1,10.326,8.475,60.0,lunes,2021 Jan 25 03:30:00 PM,24.0
13,BOLÍVAR,13001,CARTAGENA DE INDIAS,13001007,ISLA FUERTE (CARTAGENA DE INDIAS - BOLÍVAR),2021,1,18.181,9.623,60.0,viernes,2021 Jan 01 02:45:00 PM,24.0
18,CAQUETÁ,18150,CARTAGENA DEL CHAIRÁ,18150001,REMOLINO DEL CAGUÁN (CARTAGENA DEL CHAIRA - CAQUETÁ),2021,1,17.0,8.236,60.0,sábado,2021 Jan 30 06:45:00 PM,24.0
18,CAQUETÁ,18753,SAN VICENTE DEL CAGUÁN,18753002,GUACAMAYAS (SAN VICENTE DEL CAGUÁN - CAQUETÁ),2021,1,11.816,5.099,60.0,sábado,2021 Jan 02 07:00:00 PM,24.0
18,CAQUETÁ,18753,SAN VICENTE DEL CAGUÁN,18753015,GUAYABAL (SAN VICENTE DEL CAGUÁN - CAQUETÁ),2021,1,6.489,3.797,60.0,sábado,2021 Jan 30 07:15:00 PM,24.0
18,CAQUETÁ,18753,SAN VICENTE DEL CAGUÁN,18753009,PUERTO BETANIA (SAN VICENTE DEL CAGUÁN - CAQUETÁ),2021,1,5.28,2.076,60.0,sábado,2021 Jan 30 07:00:00 PM,24.0
85,CASANARE,85430,TRINIDAD,85430001,BOCAS DEL PAUTO (TRINIDAD - CASANARE),2021,1,13.538,7.892,60.0,viernes,2021 Jan 16 12:30:00 AM,24.0
19,CAUCA,19318,GUAPI,19318008,LIMONES (GUAPI - CAUCA),2021,1,9.676,2.658,60.0,viernes,2021 Jan 01 07:15:00 PM,24.0
19,CAUCA,19318,GUAPI,19318013,SAN ANTONIO DE GUAJUÍ (GUAPI - CAUCA),2021,1,13.686,5.155,60.0,viernes,2021 Jan 02 12:45:00 AM,24.0
19,CAUCA,19418,LÓPEZ DE MICAY,19418038,ISLA DE GALLO (LÓPEZ DE MICAY - CAUCA),2021,1,4.463,1.413,60.0,martes,2021 Jan 05 06:30:00 PM,24.0
19,CAUCA,19418,LÓPEZ DE MICAY,19418007,LA CONCHA - CONCEPCIÓN NAYA (LOPEZ (MICAY) - CAUCA),2021,1,2.638,440.0,60.0,sábado,2021 Jan 02 06:30:00 PM,24.0
19,CAUCA,19418,LÓPEZ DE MICAY,19418009,NOANAMITO (LÓPEZ DE MICAY - CAUCA),2021,1,7.676,2.49,36.0,domingo,2021 Jan 31 08:30:00 PM,24.0
19,CAUCA,19418,LÓPEZ DE MICAY,19418012,SAN ANTONIO DE CHUARÉ (LÓPEZ DE MICAY - CAUCA),2021,1,7.386,2.392,60.0,lunes,2021 Jan 25 06:30:00 PM,24.0
19,CAUCA,19809,TIMBIQUÍ,19809014,CHACÓN (TIMBIQUÍ - CAUCA),2021,1,3.467,670.0,60.0,martes,2021 Jan 12 08:00:00 PM,24.0
19,CAUCA,19809,TIMBIQUÍ,19809010,COMUNIDAD DE CHETE (TIMBIQUÍ - CAUCA),2021,1,3.741,1.187,60.0,miércoles,2021 Jan 13 07:30:00 PM,24.0
19,CAUCA,19809,TIMBIQUÍ,19809003,COTEJE (TIMBIQUÍ - CAUCA),2021,1,5.044,2.807,60.0,miércoles,2021 Jan 27 09:30:00 PM,24.0
19,CAUCA,19809,TIMBIQUÍ,19809026,LOS BRAZOS (TIMBIQUÍ - CAUCA),2021,1,8.283,1.586,60.0,sábado,2021 Jan 09 07:30:00 PM,24.0
19,CAUCA,19809,TIMBIQUÍ,19809023,PUERTO SAIJA (TIMBIQUÍ - CAUCA),2021,1,30.699,10.599,60.0,domingo,2021 Jan 31 07:00:00 PM,24.0
27,CHOCÓ,27006,ACANDÍ,27006000,ACANDÍ (ACANDÍ - CHOCÓ),2021,1,582.747,239.826,60.0,miércoles,2021 Jan 20 09:15:00 PM,24.0
27,CHOCÓ,27006,ACANDÍ,27006003,CAPURGANÁ (ACANDÍ - CHOCO),2021,1,342.868,120.789,60.0,jueves,2021 Jan 07 08:30:00 PM,24.0
27,CHOCÓ,27025,ALTO BAUDÓ (PIE DE PATO),27025000,CIUDAD BAUDÓ - PIE DE PATO (ALTO BAUDÓ - CHOCÓ),2021,1,42.623,12.05,60.0,miércoles,2021 Jan 13 12:30:00 AM,24.0
27,CHOCÓ,27075,BAHÍA SOLANO (MUTIS),27075000,CIUDAD MUTIS (BAHÍA SOLANO - CHOCÓ),2021,1,612.501,228.277,60.0,jueves,2021 Jan 21 07:00:00 PM,24.0
27,CHOCÓ,27075,BAHÍA SOLANO (MUTIS),27075001,CUPICA (BAHÍA SOLANO - CHOCÓ),2021,1,60.141,23.512,60.0,viernes,2021 Jan 15 07:15:00 PM,24.0
27,CHOCÓ,27075,BAHÍA SOLANO (MUTIS),27075002,EL VALLE (BAHÍA SOLANO - CHOCÓ),2021,1,154.611,66.775,60.0,martes,2021 Jan 12 07:30:00 PM,24.0
27,CHOCÓ,27077,BAJO BAUDÓ (PIZARRO),27077905,BUENAVISTA (BAJO BAUDÓ (PIZARRO) - CHOCÓ),2021,1,5.223,675.0,36.0,sábado,2021 Jan 02 04:00:00 PM,24.0
27,CHOCÓ,27077,BAJO BAUDÓ (PIZARRO),27077000,PIZARRO (BAJO BAUDÓ (PIZARRO) - CHOCÓ),2021,1,197.087,92.472,60.0,viernes,2021 Jan 22 07:30:00 PM,24.0
27,CHOCÓ,27099,BOJAYÁ (BELLAVISTA),27099000,BELLAVISTA (BOJAYÁ (BELLAVISTA) - CHOCÓ),2021,1,58.38,18.188,60.0,lunes,2021 Jan 18 07:00:00 PM,24.0
27,CHOCÓ,27099,BOJAYÁ (BELLAVISTA),27099002,LA LOMA DE BOJAYÁ (BOJAYÁ (BELLAVISTA) - CHOCÓ),2021,1,12.544,5.718,60.0,miércoles,2021 Jan 27 07:15:00 PM,24.0
27,CHOCÓ,27099,BOJAYÁ (BELLAVISTA),27099005,NAPIPÍ (BOJAYÁ (BELLAVISTA) - CHOCÓ),2021,1,9.737,3.077,60.0,viernes,2021 Jan 29 08:45:00 PM,24.0
27,CHOCÓ,27099,BOJAYÁ (BELLAVISTA),27099008,PUERTO CONTO (BOJAYÁ (BELLAVISTA) - CHOCO),2021,1,8.939,2.206,60.0,sábado,2021 Jan 30 07:45:00 PM,24.0
27,CHOCÓ,27372,JURADÓ,27372000,JURADÓ (JURADÓ - CHOCÓ),2021,1,157.001,78.058,60.0,jueves,2021 Jan 21 07:15:00 PM,24.0
27,CHOCÓ,27425,MEDIO ATRATO (BETÉ),27425000,BETÉ (MEDIO ATRATO (BETÉ) - CHOCÓ),2021,1,17.856,8.172,72.0,domingo,2021 Jan 31 08:45:00 PM,24.0
27,CHOCÓ,27495,NUQUÍ,27495001,ARUSÍ (NUQUÍ - CHOCO),2021,1,9.142,3.694,60.0,miércoles,2021 Jan 13 07:30:00 PM,24.0
27,CHOCÓ,27495,NUQUÍ,27495912,COMUNIDAD INDÍGENA DE PANGUÍ - EL YUCAL (NUQUÍ - CHOCÓ),2021,1,8.149,1.866,60.0,domingo,2021 Jan 17 05:15:00 PM,24.0
27,CHOCÓ,27495,NUQUÍ,27495000,NUQUÍ (NUQUÍ - CHOCÓ),2021,1,241.626,76.946,60.0,martes,2021 Jan 19 07:00:00 PM,24.0
27,CHOCÓ,27495,NUQUÍ,27495011,PUERTO JAGUA (NUQUÍ - CHOCÓ),2021,1,882.0,429.0,60.0,viernes,2021 Jan 02 12:15:00 AM,24.0
27,CHOCÓ,27800,UNGUÍA,27800001,BALBOA (UNGUÍA - CHOCÓ),2021,1,20.52,8.692,60.0,sábado,2021 Jan 30 08:00:00 PM,24.0
94,GUAINÍA,94343,BARRANCOMINAS,94343000,BARRANCOMINAS (BARRANCOMINAS - GUAINÍA),2021,1,44.355,16.017,60.0,viernes,2021 Jan 29 06:45:00 PM,24.0
94,GUAINÍA,94001,INÍRIDA,94001000,INÍRIDA (INÍRIDA - GUAINÍA),2021,1,10.326,539.349,60.0,lunes,2021 Jan 18 03:15:00 PM,24.0
95,GUAVIARE,95200,MIRAFLORES,95200000,MIRAFLORES (MIRAFLORES - GUAVIARE),2021,1,77.89,28.686,187.0,jueves,2021 Jan 28 06:45:00 PM,24.0
44,LA GUAJIRA,44847,URIBIA,44847012,NAZARETH (URIBIA - LA GUAJIRA),2021,1,27.52,12.331,60.0,jueves,2021 Jan 28 06:45:00 PM,24.0
47,MAGDALENA,47189,CIÉNAGA,47189018,PALMOR (CIÉNAGA - MAGDALENA),2021,1,102.284,40.811,60.0,sábado,2021 Jan 09 06:15:00 PM,24.0
50,META,50325,MAPIRIPÁN,50325000,MAPIRIPÁN (MAPIRIPÁN - META),2021,1,143.821,61.945,60.0,domingo,2021 Jan 31 06:45:00 PM,24.0
52,NARIÑO,52250,EL CHARCO,52250023,BAZÁN (EL CHARCO - NARIÑO),2021,1,18.559,10.302,60.0,miércoles,2021 Jan 20 08:15:00 PM,24.0
52,NARIÑO,52250,EL CHARCO,52250003,BOLÍVAR - SAN PEDRO (EL CHARCO - NARIÑO),2021,1,4.0,1.0,60.0,viernes,2021 Jan 02 12:00:00 AM,1.0
52,NARIÑO,52250,EL CHARCO,52250022,EL CUIL PUEBLO NUEVO (EL CHARCO - NARIÑO),2021,1,1.181,1.186,60.0,domingo,2021 Jan 03 07:15:00 PM,24.0
52,NARIÑO,52390,LA TOLA,52390013,AMÁRALES (LA TOLA - NARIÑO),2021,1,7.764,1.897,60.0,sábado,2021 Jan 30 07:30:00 PM,24.0
52,NARIÑO,52390,LA TOLA,52390003,LA VIGÍA DE LA MAR (LA TOLA - NARIÑO),2021,1,6.255,2.261,60.0,lunes,2021 Jan 04 12:45:00 AM,24.0
52,NARIÑO,52390,LA TOLA,52390009,MULATOS (LA TOLA - NARIÑO),2021,1,4.264,1.512,60.0,viernes,2021 Jan 15 06:00:00 PM,24.0
52,NARIÑO,52473,MOSQUERA,52473010,EL BAJITO DE ECHANDÍA (MOSQUERA - NARIÑO),2021,1,3.036,547.0,60.0,martes,2021 Jan 05 06:45:00 PM,24.0
52,NARIÑO,52490,OLAYA HERRERA,52490913,BOCA DE PRIETA (OLAYA HERRERA - NARIÑO),2021,1,2.462,594.0,15.0,lunes,2021 Jan 04 07:45:00 PM,24.0
52,NARIÑO,52835,SAN ANDRÉS DE TUMACO,52835055,BOCAS DE CURAY (TUMACO - NARIÑO),2021,1,7.245,3.98,60.0,sábado,2021 Jan 16 07:45:00 PM,24.0
52,NARIÑO,52835,SAN ANDRÉS DE TUMACO,52835012,CHAJAL (TUMACO - NARIÑO),2021,1,22.307,7.78,60.0,viernes,2021 Jan 15 07:45:00 PM,24.0
52,NARIÑO,52835,SAN ANDRÉS DE TUMACO,52835212,PUEBLO NUEVO (TABLÓN SALADO) (TUMACO - NARIÑO),2021,1,3.35,1.23,60.0,sábado,2021 Jan 16 07:00:00 PM,24.0
52,NARIÑO,52696,SANTA BÁRBARA (ISCUANDÉ),52696014,LA ENSENADA (SANTA BÁRBARA (ISCUANDÉ) - NARIÑO),2021,1,2.765,2.586,60.0,miércoles,2021 Jan 06 07:30:00 PM,24.0
86,PUTUMAYO,86573,PUERTO LEGUÍZAMO,86573009,PIÑUÑA NEGRO (PUERTO LEGUÍZAMO - PUTUMAYO),2021,1,3.927,2.368,60.0,sábado,2021 Jan 30 08:45:00 PM,24.0
76,VALLE DEL CAUCA,76109,BUENAVENTURA,76109028,PUERTO MERIZALDE (BUENAVENTURA - VALLE DEL CAUCA),2021,1,47.594,17.184,60.0,viernes,2021 Jan 29 08:30:00 PM,24.0
97,VAUPÉS,97161,CARURÚ,97161000,CARURÚ (CARURÚ - VAUPÉS),2021,1,17.93,4.487,60.0,sábado,2021 Jan 30 07:00:00 PM,24.0
97,VAUPÉS,97001,MITÚ,97001000,MITÚ (MITÚ - VAUPÉS),2021,1,10.326,383.071,60.0,martes,2021 Jan 19 11:45:00 PM,24.0
99,VICHADA,99773,CUMARIBO,99773000,CUMARIBO (CUMARIBO - VICHADA),2021,1,264.538,116.93,60.0,miércoles,2021 Jan 13 06:00:00 PM,24.0
99,VICHADA,99524,LA PRIMAVERA,99524000,LA PRIMAVERA (LA PRIMAVERA - VICHADA),2021,1,345.619,169.79,60.0,martes,2021 Jan 26 06:30:00 PM,24.0
99,VICHADA,99001,PUERTO CARREÑO,99001002,CASUARITO (PUERTO CARREÑO - VICHADA),2021,1,30.259,11.254,60.0,martes,2021 Jan 26 07:00:00 PM,24.0
99,VICHADA,99001,PUERTO CARREÑO,99001000,PUERTO CARREÑO (PUERTO CARREÑO - VICHADA),2021,1,10.326,739.039,60.0,martes,2021 Jan 26 02:15:00 PM,24.0
91,AMAZONAS,91001,LETICIA,91001000,LETICIA (LETICIA - AMAZONAS),2021,2,10.326,978.658,60.0,lunes,2021 Feb 15 03:15:00 PM,24.0
91,AMAZONAS,91540,PUERTO NARIÑO,91540000,PUERTO NARIÑO (PUERTO NARIÑO - AMAZONAS),2021,2,91.382,31.667,60.0,miércoles,2021 Feb 10 07:00:00 PM,24.0
91,AMAZONAS,91798,TARAPACÁ (ANM),91798000,TARAPACÁ (TARAPACÁ (ANM) - AMAZONAS),2021,2,19.676,8.856,60.0,martes,2021 Feb 02 07:15:00 PM,24.0
5,ANTIOQUIA,5873,VIGÍA DEL FUERTE,5873001,SAN ANTONIO DE PADUA (VIGÍA DEL FUERTE - ANTIOQUIA),2021,2,4.452,1.663,60.0,viernes,2021 Feb 26 08:45:00 PM,24.0
5,ANTIOQUIA,5873,VIGÍA DEL FUERTE,5873002,VEGÁEZ (VIGÍA DEL FUERTE - ANTIOQUIA),2021,2,4.809,578.0,60.0,miércoles,2021 Feb 10 08:00:00 PM,24.0
5,ANTIOQUIA,5873,VIGÍA DEL FUERTE,5873000,VIGÍA DEL FUERTE (VIGÍA DEL FUERTE - ANTIOQUIA),2021,2,103.19,41.456,60.0,lunes,2021 Feb 08 02:30:00 PM,24.0
88,"ARCHIPIÉLAGO DE SAN ANDRÉS, PROVIDENCIA Y SANTA CATALINA",88001,SAN ANDRÉS,88001000,SAN ANDRÉS (SAN ANDRÉS - ARCHIPIÉLAGO DE SAN ANDRÉS Y PROVIDENCIA),2021,2,10.326,8.475,60.0,lunes,2021 Feb 15 03:30:00 PM,24.0
13,BOLÍVAR,13001,CARTAGENA DE INDIAS,13001007,ISLA FUERTE (CARTAGENA DE INDIAS - BOLÍVAR),2021,2,29.571,15.821,60.0,viernes,2021 Feb 19 11:45:00 PM,24.0
13,BOLÍVAR,13001,CARTAGENA DE INDIAS,13001017,SANTA CRUZ DEL ISLOTE (CARTAGENA DE INDIAS - BOLÍVAR),2021,2,15.75,5.352,60.0,jueves,2021 Feb 18 09:45:00 PM,24.0
18,CAQUETÁ,18150,CARTAGENA DEL CHAIRÁ,18150001,REMOLINO DEL CAGUÁN (CARTAGENA DEL CHAIRA - CAQUETÁ),2021,2,14.088,6.697,60.0,sábado,2021 Feb 06 07:15:00 PM,24.0
18,CAQUETÁ,18753,SAN VICENTE DEL CAGUÁN,18753002,GUACAMAYAS (SAN VICENTE DEL CAGUÁN - CAQUETÁ),2021,2,11.614,4.992,60.0,sábado,2021 Feb 27 07:45:00 PM,24.0
18,CAQUETÁ,18753,SAN VICENTE DEL CAGUÁN,18753015,GUAYABAL (SAN VICENTE DEL CAGUÁN - CAQUETÁ),2021,2,5.869,3.247,38.0,domingo,2021 Feb 21 11:00:00 PM,24.0
18,CAQUETÁ,18753,SAN VICENTE DEL CAGUÁN,18753009,PUERTO BETANIA (SAN VICENTE DEL CAGUÁN - CAQUETÁ),2021,2,4.956,1.989,60.0,sábado,2021 Feb 13 08:00:00 PM,24.0
85,CASANARE,85430,TRINIDAD,85430001,BOCAS DEL PAUTO (TRINIDAD - CASANARE),2021,2,11.09,6.335,60.0,jueves,2021 Feb 11 06:45:00 PM,24.0
19,CAUCA,19318,GUAPI,19318008,LIMONES (GUAPI - CAUCA),2021,2,6.659,2.308,60.0,viernes,2021 Feb 26 05:00:00 PM,24.0
19,CAUCA,19318,GUAPI,19318013,SAN ANTONIO DE GUAJUÍ (GUAPI - CAUCA),2021,2,11.318,4.398,60.0,miércoles,2021 Feb 10 07:30:00 PM,24.0
19,CAUCA,19418,LÓPEZ DE MICAY,19418038,ISLA DE GALLO (LÓPEZ DE MICAY - CAUCA),2021,2,3.447,1.186,60.0,viernes,2021 Feb 12 06:45:00 PM,24.0
19,CAUCA,19418,LÓPEZ DE MICAY,19418007,LA CONCHA - CONCEPCIÓN NAYA (LOPEZ (MICAY) - CAUCA),2021,2,2.305,429.0,60.0,martes,2021 Feb 16 06:30:00 PM,24.0
19,CAUCA,19418,LÓPEZ DE MICAY,19418009,NOANAMITO (LÓPEZ DE MICAY - CAUCA),2021,2,7.259,2.239,40.0,domingo,2021 Feb 28 07:45:00 PM,24.0
19,CAUCA,19418,LÓPEZ DE MICAY,19418012,SAN ANTONIO DE CHUARÉ (LÓPEZ DE MICAY - CAUCA),2021,2,5.532,1.788,60.0,sábado,2021 Feb 06 07:30:00 PM,24.0
19,CAUCA,19418,LÓPEZ DE MICAY,19418019,ZARAGOZA (LOPEZ DE MICAY - CAUCA),2021,2,10.881,5.117,60.0,viernes,2021 Feb 05 07:00:00 PM,24.0
19,CAUCA,19809,TIMBIQUÍ,19809014,CHACÓN (TIMBIQUÍ - CAUCA),2021,2,3.046,555.0,60.0,lunes,2021 Feb 22 09:30:00 PM,24.0
19,CAUCA,19809,TIMBIQUÍ,19809010,COMUNIDAD DE CHETE (TIMBIQUÍ - CAUCA),2021,2,5.235,1.702,60.0,miércoles,2021 Feb 24 07:30:00 PM,24.0
19,CAUCA,19809,TIMBIQUÍ,19809003,COTEJE (TIMBIQUÍ - CAUCA),2021,2,6.039,3.472,60.0,lunes,2021 Feb 22 07:00:00 PM,24.0
19,CAUCA,19809,TIMBIQUÍ,19809026,LOS BRAZOS (TIMBIQUÍ - CAUCA),2021,2,7.8,1.477,60.0,viernes,2021 Feb 05 07:15:00 PM,24.0
19,CAUCA,19809,TIMBIQUÍ,19809023,PUERTO SAIJA (TIMBIQUÍ - CAUCA),2021,2,28.89,9.914,60.0,viernes,2021 Feb 26 07:00:00 PM,24.0
19,CAUCA,19809,TIMBIQUÍ,19809007,SAN JOSÉ (TIMBIQUÍ - CAUCA),2021,2,6.728,4.179,60.0,lunes,2021 Feb 08 07:30:00 PM,24.0
19,CAUCA,19809,TIMBIQUÍ,19809008,SANTA MARÍA (TIMBIQUÍ - CAUCA),2021,2,14.81,6.204,60.0,martes,2021 Feb 02 07:30:00 PM,24.0
27,CHOCÓ,27006,ACANDÍ,27006000,ACANDÍ (ACANDÍ - CHOCÓ),2021,2,539.542,216.056,60.0,lunes,2021 Feb 08 08:30:00 PM,24.0
27,CHOCÓ,27006,ACANDÍ,27006003,CAPURGANÁ (ACANDÍ - CHOCO),2021,2,271.275,104.026,60.0,viernes,2021 Feb 19 09:45:00 PM,24.0
27,CHOCÓ,27006,ACANDÍ,27006007,SAN FRANCISCO (ACANDÍ - CHOCÓ),2021,2,19.933,7.002,60.0,viernes,2021 Feb 26 08:15:00 PM,24.0
27,CHOCÓ,27025,ALTO BAUDÓ (PIE DE PATO),27025000,CIUDAD BAUDÓ - PIE DE PATO (ALTO BAUDÓ - CHOCÓ),2021,2,43.051,12.574,60.0,martes,2021 Feb 09 07:45:00 PM,24.0
27,CHOCÓ,27075,BAHÍA SOLANO (MUTIS),27075000,CIUDAD MUTIS (BAHÍA SOLANO - CHOCÓ),2021,2,613.16,189.501,60.0,jueves,2021 Feb 25 07:45:00 PM,24.0
27,CHOCÓ,27075,BAHÍA SOLANO (MUTIS),27075001,CUPICA (BAHÍA SOLANO - CHOCÓ),2021,2,55.47,22.238,60.0,martes,2021 Feb 09 07:15:00 PM,24.0
27,CHOCÓ,27075,BAHÍA SOLANO (MUTIS),27075002,EL VALLE (BAHÍA SOLANO - CHOCÓ),2021,2,143.405,67.06,60.0,miércoles,2021 Feb 03 07:15:00 PM,24.0
27,CHOCÓ,27077,BAJO BAUDÓ (PIZARRO),27077905,BUENAVISTA (BAJO BAUDÓ (PIZARRO) - CHOCÓ),2021,2,5.367,752.0,60.0,martes,2021 Feb 02 07:00:00 PM,24.0
27,CHOCÓ,27077,BAJO BAUDÓ (PIZARRO),27077000,PIZARRO (BAJO BAUDÓ (PIZARRO) - CHOCÓ),2021,2,180.241,84.311,60.0,miércoles,2021 Feb 10 07:30:00 PM,24.0
27,CHOCÓ,27099,BOJAYÁ (BELLAVISTA),27099000,BELLAVISTA (BOJAYÁ (BELLAVISTA) - CHOCÓ),2021,2,26.895,8.876,60.0,martes,2021 Feb 09 07:30:00 PM,24.0
27,CHOCÓ,27099,BOJAYÁ (BELLAVISTA),27099002,LA LOMA DE BOJAYÁ (BOJAYÁ (BELLAVISTA) - CHOCÓ),2021,2,10.977,4.951,60.0,sábado,2021 Feb 13 07:00:00 PM,24.0
27,CHOCÓ,27099,BOJAYÁ (BELLAVISTA),27099005,NAPIPÍ (BOJAYÁ (BELLAVISTA) - CHOCÓ),2021,2,9.081,2.828,60.0,domingo,2021 Feb 28 06:45:00 PM,24.0
27,CHOCÓ,27099,BOJAYÁ (BELLAVISTA),27099008,PUERTO CONTO (BOJAYÁ (BELLAVISTA) - CHOCO),2021,2,9.549,2.434,60.0,sábado,2021 Feb 27 11:00:00 PM,24.0
27,CHOCÓ,27250,EL LITORAL DEL SAN JUAN,27250000,SANTA GENOVEVA DE DOCORDÓ (EL LITORAL DEL SAN JUAN - CHOCÓ),2021,2,64.914,32.836,60.0,lunes,2021 Feb 16 12:45:00 AM,24.0
27,CHOCÓ,27372,JURADÓ,27372000,JURADÓ (JURADÓ - CHOCÓ),2021,2,145.467,72.286,60.0,jueves,2021 Feb 04 07:15:00 PM,24.0
27,CHOCÓ,27425,MEDIO ATRATO (BETÉ),27425000,BETÉ (MEDIO ATRATO (BETÉ) - CHOCÓ),2021,2,19.415,8.333,80.0,viernes,2021 Feb 26 08:00:00 PM,24.0
27,CHOCÓ,27495,NUQUÍ,27495001,ARUSÍ (NUQUÍ - CHOCO),2021,2,8.623,3.574,48.0,martes,2021 Feb 16 07:15:00 PM,24.0
27,CHOCÓ,27006,ACANDÍ,27006007,SAN FRANCISCO,2026,1,28.324,10.589,142.336,sábado,2026 Jan 02 07:15:00 PM,911.0
27,CHOCÓ,27495,NUQUÍ,27495912,COMUNIDAD INDÍGENA DE PANGUÍ - EL YUCAL (NUQUÍ - CHOCÓ),2021,2,3.466,1.104,60.0,jueves,2021 Feb 25 02:30:00 PM,24.0
27,CHOCÓ,27495,NUQUÍ,27495000,NUQUÍ (NUQUÍ - CHOCÓ),2021,2,227.597,73.614,60.0,martes,2021 Feb 23 07:45:00 PM,24.0
27,CHOCÓ,27495,NUQUÍ,27495011,PUERTO JAGUA (NUQUÍ - CHOCÓ),2021,2,638.0,341.0,60.0,martes,2021 Feb 02 08:30:00 PM,24.0
27,CHOCÓ,27800,UNGUÍA,27800001,BALBOA (UNGUÍA - CHOCÓ),2021,2,18.818,7.894,60.0,sábado,2021 Feb 27 07:00:00 PM,24.0
27,CHOCÓ,27800,UNGUÍA,27800005,TITUMATE (UNGUÍA - CHOCÓ),2021,2,15.568,4.826,60.0,miércoles,2021 Feb 24 08:15:00 PM,24.0
94,GUAINÍA,94343,BARRANCOMINAS,94343000,BARRANCOMINAS (BARRANCOMINAS - GUAINÍA),2021,2,44.781,16.05,60.0,lunes,2021 Feb 22 06:45:00 PM,24.0
94,GUAINÍA,94001,INÍRIDA,94001000,INÍRIDA (INÍRIDA - GUAINÍA),2021,2,10.326,531.339,60.0,viernes,2021 Feb 19 02:45:00 PM,24.0
95,GUAVIARE,95200,MIRAFLORES,95200000,MIRAFLORES (MIRAFLORES - GUAVIARE),2021,2,74.114,26.896,60.0,miércoles,2021 Feb 10 06:30:00 PM,24.0
44,LA GUAJIRA,44847,URIBIA,44847012,NAZARETH (URIBIA - LA GUAJIRA),2021,2,23.115,9.59,60.0,lunes,2021 Feb 15 06:45:00 PM,24.0
47,MAGDALENA,47189,CIÉNAGA,47189018,PALMOR (CIÉNAGA - MAGDALENA),2021,2,85.8,32.37,60.0,martes,2021 Feb 23 08:00:00 PM,24.0
50,META,50325,MAPIRIPÁN,50325000,MAPIRIPÁN (MAPIRIPÁN - META),2021,2,140.16,59.411,60.0,miércoles,2021 Feb 10 06:45:00 PM,24.0
52,NARIÑO,52250,EL CHARCO,52250023,BAZÁN (EL CHARCO - NARIÑO),2021,2,18.958,10.468,60.0,miércoles,2021 Feb 24 07:00:00 PM,24.0
52,NARIÑO,52250,EL CHARCO,52250003,BOLÍVAR - SAN PEDRO (EL CHARCO - NARIÑO),2021,2,3.384,2.488,60.0,viernes,2021 Feb 19 08:30:00 PM,24.0
52,NARIÑO,52250,EL CHARCO,52250007,SAN JOSÉ DEL TAPAJE (EL CHARCO - NARIÑO),2021,2,13.424,2.208,88.0,viernes,2021 Feb 05 08:45:00 PM,24.0
52,NARIÑO,52520,FRANCISCO PIZARRO,52520013,SAN PEDRO DEL VINO (FRANCISCO PIZARRO - NARIÑO),2021,2,5.24,2.562,60.0,domingo,2021 Feb 21 07:00:00 PM,24.0
52,NARIÑO,52390,LA TOLA,52390005,AGUACATAL (LA TOLA - NARIÑO),2021,2,1.963,414.0,60.0,sábado,2021 Feb 06 06:45:00 PM,24.0
52,NARIÑO,52390,LA TOLA,52390013,AMÁRALES (LA TOLA - NARIÑO),2021,2,10.316,2.768,60.0,martes,2021 Feb 02 07:15:00 PM,24.0
52,NARIÑO,52390,LA TOLA,52390003,LA VIGÍA DE LA MAR (LA TOLA - NARIÑO),2021,2,5.648,2.036,60.0,martes,2021 Feb 17 12:30:00 AM,24.0
52,NARIÑO,52390,LA TOLA,52390009,MULATOS (LA TOLA - NARIÑO),2021,2,3.627,1.507,60.0,domingo,2021 Feb 28 06:00:00 PM,24.0
52,NARIÑO,52473,MOSQUERA,52473010,EL BAJITO DE ECHANDÍA (MOSQUERA - NARIÑO),2021,2,3.173,637.0,60.0,sábado,2021 Feb 13 07:00:00 PM,24.0
52,NARIÑO,52490,OLAYA HERRERA,52490913,BOCA DE PRIETA (OLAYA HERRERA - NARIÑO),2021,2,2.206,739.0,60.0,martes,2021 Feb 23 06:45:00 PM,24.0
52,NARIÑO,52490,OLAYA HERRERA,52490008,SAN JOSÉ CALABAZAL (OLAYA HERRERA - NARIÑO),2021,2,2.933,1.264,60.0,sábado,2021 Feb 20 07:45:00 PM,24.0
52,NARIÑO,52835,SAN ANDRÉS DE TUMACO,52835055,BOCAS DE CURAY (TUMACO - NARIÑO),2021,2,8.44,4.277,60.0,viernes,2021 Feb 19 06:45:00 PM,24.0
52,NARIÑO,52835,SAN ANDRÉS DE TUMACO,52835012,CHAJAL (TUMACO - NARIÑO),2021,2,19.123,6.568,60.0,lunes,2021 Feb 22 07:30:00 PM,24.0
52,NARIÑO,52835,SAN ANDRÉS DE TUMACO,52835016,PITAL DE LA COSTA (TUMACO - NARIÑO),2021,2,20.688,12.003,88.0,sábado,2021 Feb 20 09:00:00 PM,24.0
52,NARIÑO,52835,SAN ANDRÉS DE TUMACO,52835212,PUEBLO NUEVO (TABLÓN SALADO) (TUMACO - NARIÑO),2021,2,3.12,1.108,60.0,domingo,2021 Feb 14 11:00:00 PM,24.0
52,NARIÑO,52835,SAN ANDRÉS DE TUMACO,52835217,SAN JUAN DE LA COSTA (SAN ANDRÉS DE TUMACO - NARIÑO),2021,2,22.355,8.222,60.0,martes,2021 Feb 23 06:45:00 PM,24.0
52,NARIÑO,52835,SAN ANDRÉS DE TUMACO,52835091,SANTA ROSA (TUMACO - NARIÑO),2021,2,2.641,920.0,60.0,miércoles,2021 Feb 24 08:00:00 PM,24.0
52,NARIÑO,52835,SAN ANDRÉS DE TUMACO,52835148,TABLÓN DULCE LA PAMPA (TUMACO - NARIÑO),2021,2,2.425,1.079,60.0,sábado,2021 Feb 06 07:00:00 PM,24.0
52,NARIÑO,52696,SANTA BÁRBARA (ISCUANDÉ),52696014,LA ENSENADA (SANTA BÁRBARA (ISCUANDÉ) - NARIÑO),2021,2,1.3,1.204,60.0,lunes,2021 Feb 15 07:00:00 PM,24.0
52,NARIÑO,52696,SANTA BÁRBARA (ISCUANDÉ),52696022,SECADERO (SANTA BÁRBARA (ISCUANDÉ) - NARIÑO),2021,2,2.528,1.777,60.0,martes,2021 Feb 02 07:30:00 PM,24.0
86,PUTUMAYO,86573,PUERTO LEGUÍZAMO,86573009,PIÑUÑA NEGRO (PUERTO LEGUÍZAMO - PUTUMAYO),2021,2,3.993,2.471,60.0,domingo,2021 Feb 28 08:15:00 PM,24.0
86,PUTUMAYO,86573,PUERTO LEGUÍZAMO,86573000,PUERTO LEGUÍZAMO (PUERTO LEGUÍZAMO - PUTUMAYO),2021,2,760.599,240.856,60.0,miércoles,2021 Feb 10 02:45:00 PM,24.0
76,VALLE DEL CAUCA,76109,BUENAVENTURA,76109028,PUERTO MERIZALDE (BUENAVENTURA - VALLE DEL CAUCA),2021,2,33.13,11.989,60.0,jueves,2021 Feb 18 08:00:00 PM,24.0
76,VALLE DEL CAUCA,76109,BUENAVENTURA,76109032,SAN FRANCISCO NAYA (BUENAVENTURA - VALLE DEL CAUCA),2021,2,4.91,2.349,60.0,jueves,2021 Feb 04 06:30:00 PM,24.0
97,VAUPÉS,97161,CARURÚ,97161000,CARURÚ (CARURÚ - VAUPÉS),2021,2,17.881,4.162,60.0,lunes,2021 Feb 15 07:30:00 PM,24.0
97,VAUPÉS,97001,MITÚ,97001000,MITÚ (MITÚ - VAUPÉS),2021,2,10.326,361.055,60.0,miércoles,2021 Feb 17 11:30:00 PM,24.0
97,VAUPÉS,97666,TARAIRA,97666000,TARAIRA (TARAIRA - VAUPÉS),2021,2,15.608,4.818,60.0,jueves,2021 Feb 04 07:00:00 PM,24.0
99,VICHADA,99773,CUMARIBO,99773000,CUMARIBO (CUMARIBO - VICHADA),2021,2,272.336,114.908,60.0,lunes,2021 Feb 08 11:30:00 PM,24.0
99,VICHADA,99524,LA PRIMAVERA,99524000,LA PRIMAVERA (LA PRIMAVERA - VICHADA),2021,2,330.69,149.455,60.0,lunes,2021 Feb 22 07:00:00 PM,24.0
99,VICHADA,99001,PUERTO CARREÑO,99001002,CASUARITO (PUERTO CARREÑO - VICHADA),2021,2,27.824,10.023,60.0,lunes,2021 Feb 08 07:15:00 PM,24.0
99,VICHADA,99001,PUERTO CARREÑO,99001000,PUERTO CARREÑO (PUERTO CARREÑO - VICHADA),2021,2,10.326,716.591,60.0,miércoles,2021 Feb 24 02:15:00 PM,24.0
99,VICHADA,99624,SANTA ROSALÍA,99624000,SANTA ROSALÍA (SANTA ROSALÍA - VICHADA),2021,2,121.585,58.697,60.0,domingo,2021 Feb 14 07:30:00 PM,24.0
91,AMAZONAS,91001,LETICIA,91001000,LETICIA (LETICIA - AMAZONAS),2021,3,10.326,8.475,60.0,lunes,2021 Mar 08 03:00:00 PM,24.0
91,AMAZONAS,91540,PUERTO NARIÑO,91540000,PUERTO NARIÑO (PUERTO NARIÑO - AMAZONAS),2021,3,103.25,36.336,60.0,martes,2021 Mar 30 06:45:00 PM,24.0
91,AMAZONAS,91798,TARAPACÁ (ANM),91798000,TARAPACÁ (TARAPACÁ (ANM) - AMAZONAS),2021,3,20.806,9.031,60.0,lunes,2021 Mar 15 07:00:00 PM,24.0
5,ANTIOQUIA,5873,VIGÍA DEL FUERTE,5873001,SAN ANTONIO DE PADUA (VIGÍA DEL FUERTE - ANTIOQUIA),2021,3,5.629,1.973,60.0,sábado,2021 Mar 14 12:45:00 AM,24.0
5,ANTIOQUIA,5873,VIGÍA DEL FUERTE,5873002,VEGÁEZ (VIGÍA DEL FUERTE - ANTIOQUIA),2021,3,5.046,561.0,60.0,miércoles,2021 Mar 10 09:45:00 PM,7.0
5,ANTIOQUIA,5873,VIGÍA DEL FUERTE,5873000,VIGÍA DEL FUERTE (VIGÍA DEL FUERTE - ANTIOQUIA),2021,3,102.734,44.446,60.0,viernes,2021 Mar 26 03:00:00 PM,24.0
88,"ARCHIPIÉLAGO DE SAN ANDRÉS, PROVIDENCIA Y SANTA CATALINA",88001,SAN ANDRÉS,88001000,SAN ANDRÉS (SAN ANDRÉS - ARCHIPIÉLAGO DE SAN ANDRÉS Y PROVIDENCIA),2021,3,10.326,8.475,60.0,miércoles,2021 Mar 31 03:15:00 PM,24.0
13,BOLÍVAR,13001,CARTAGENA DE INDIAS,13001007,ISLA FUERTE (CARTAGENA DE INDIAS - BOLÍVAR),2021,3,21.916,11.767,60.0,miércoles,2021 Mar 31 11:15:00 PM,24.0
13,BOLÍVAR,13001,CARTAGENA DE INDIAS,13001017,SANTA CRUZ DEL ISLOTE (CARTAGENA DE INDIAS - BOLÍVAR),2021,3,16.798,5.857,60.0,martes,2021 Mar 30 09:15:00 PM,24.0
18,CAQUETÁ,18150,CARTAGENA DEL CHAIRÁ,18150001,REMOLINO DEL CAGUÁN (CARTAGENA DEL CHAIRA - CAQUETÁ),2021,3,15.434,7.378,60.0,sábado,2021 Mar 20 06:45:00 PM,24.0
18,CAQUETÁ,18753,SAN VICENTE DEL CAGUÁN,18753002,GUACAMAYAS (SAN VICENTE DEL CAGUÁN - CAQUETÁ),2021,3,12.504,5.002,60.0,sábado,2021 Mar 20 07:15:00 PM,24.0
18,CAQUETÁ,18753,SAN VICENTE DEL CAGUÁN,18753015,GUAYABAL (SAN VICENTE DEL CAGUÁN - CAQUETÁ),2021,3,6.425,3.436,60.0,domingo,2021 Mar 07 10:45:00 PM,24.0
18,CAQUETÁ,18753,SAN VICENTE DEL CAGUÁN,18753009,PUERTO BETANIA (SAN VICENTE DEL CAGUÁN - CAQUETÁ),2021,3,5.384,2.143,60.0,sábado,2021 Mar 27 08:00:00 PM,24.0
85,CASANARE,85430,TRINIDAD,85430001,BOCAS DEL PAUTO (TRINIDAD - CASANARE),2021,3,12.839,7.438,60.0,jueves,2021 Mar 11 07:00:00 PM,24.0
19,CAUCA,19318,GUAPI,19318008,LIMONES (GUAPI - CAUCA),2021,3,8.836,3.242,60.0,lunes,2021 Mar 22 07:45:00 PM,24.0
19,CAUCA,19318,GUAPI,19318013,SAN ANTONIO DE GUAJUÍ (GUAPI - CAUCA),2021,3,12.101,4.848,60.0,martes,2021 Mar 02 07:45:00 PM,24.0
19,CAUCA,19418,LÓPEZ DE MICAY,19418038,ISLA DE GALLO (LÓPEZ DE MICAY - CAUCA),2021,3,3.916,1.356,60.0,martes,2021 Mar 30 06:30:00 PM,24.0
19,CAUCA,19418,LÓPEZ DE MICAY,19418009,NOANAMITO (LÓPEZ DE MICAY - CAUCA),2021,3,8.108,2.579,36.0,miércoles,2021 Mar 31 09:45:00 PM,24.0
19,CAUCA,19418,LÓPEZ DE MICAY,19418012,SAN ANTONIO DE CHUARÉ (LÓPEZ DE MICAY - CAUCA),2021,3,7.596,2.569,60.0,viernes,2021 Mar 05 07:45:00 PM,24.0
19,CAUCA,19418,LÓPEZ DE MICAY,19418019,ZARAGOZA (LOPEZ DE MICAY - CAUCA),2021,3,12.571,5.929,60.0,martes,2021 Mar 30 07:30:00 PM,24.0
19,CAUCA,19809,TIMBIQUÍ,19809014,CHACÓN (TIMBIQUÍ - CAUCA),2021,3,3.82,752.0,60.0,domingo,2021 Mar 28 03:30:00 PM,24.0
19,CAUCA,19809,TIMBIQUÍ,19809010,COMUNIDAD DE CHETE (TIMBIQUÍ - CAUCA),2021,3,5.795,1.927,60.0,miércoles,2021 Mar 31 08:15:00 PM,24.0
19,CAUCA,19809,TIMBIQUÍ,19809003,COTEJE (TIMBIQUÍ - CAUCA),2021,3,7.011,3.916,60.0,martes,2021 Mar 30 07:45:00 PM,24.0
19,CAUCA,19809,TIMBIQUÍ,19809026,LOS BRAZOS (TIMBIQUÍ - CAUCA),2021,3,9.598,1.798,60.0,miércoles,2021 Mar 31 07:15:00 PM,24.0
19,CAUCA,19809,TIMBIQUÍ,19809023,PUERTO SAIJA (TIMBIQUÍ - CAUCA),2021,3,29.928,10.306,60.0,jueves,2021 Mar 11 07:30:00 PM,24.0
19,CAUCA,19809,TIMBIQUÍ,19809007,SAN JOSÉ (TIMBIQUÍ - CAUCA),2021,3,8.306,5.26,60.0,miércoles,2021 Mar 31 08:15:00 PM,24.0
19,CAUCA,19809,TIMBIQUÍ,19809008,SANTA MARÍA (TIMBIQUÍ - CAUCA),2021,3,16.936,6.932,60.0,miércoles,2021 Mar 31 08:45:00 PM,24.0
27,CHOCÓ,27006,ACANDÍ,27006000,ACANDÍ (ACANDÍ - CHOCÓ),2021,3,595.727,237.934,60.0,miércoles,2021 Mar 31 02:15:00 PM,24.0
27,CHOCÓ,27006,ACANDÍ,27006003,CAPURGANÁ (ACANDÍ - CHOCO),2021,3,297.943,111.12,60.0,lunes,2021 Mar 29 09:30:00 PM,24.0
27,CHOCÓ,27006,ACANDÍ,27006007,SAN FRANCISCO (ACANDÍ - CHOCÓ),2021,3,23.597,8.422,60.0,domingo,2021 Mar 28 07:15:00 PM,24.0
27,CHOCÓ,27025,ALTO BAUDÓ (PIE DE PATO),27025000,CIUDAD BAUDÓ - PIE DE PATO (ALTO BAUDÓ - CHOCÓ),2021,3,42.941,12.923,60.0,lunes,2021 Mar 16 12:30:00 AM,24.0
27,CHOCÓ,27075,BAHÍA SOLANO (MUTIS),27075000,CIUDAD MUTIS (BAHÍA SOLANO - CHOCÓ),2021,3,669.196,223.396,1.265,miércoles,2021 Mar 24 07:30:00 PM,24.0
27,CHOCÓ,27075,BAHÍA SOLANO (MUTIS),27075001,CUPICA (BAHÍA SOLANO - CHOCÓ),2021,3,65.429,26.16,60.0,jueves,2021 Mar 25 07:00:00 PM,24.0
27,CHOCÓ,27075,BAHÍA SOLANO (MUTIS),27075002,EL VALLE (BAHÍA SOLANO - CHOCÓ),2021,3,154.153,71.647,60.0,jueves,2021 Mar 18 07:30:00 PM,24.0
27,CHOCÓ,27077,BAJO BAUDÓ (PIZARRO),27077905,BUENAVISTA (BAJO BAUDÓ (PIZARRO) - CHOCÓ),2021,3,5.262,801.0,60.0,jueves,2021 Mar 04 11:30:00 PM,24.0
27,CHOCÓ,27077,BAJO BAUDÓ (PIZARRO),27077000,PIZARRO (BAJO BAUDÓ (PIZARRO) - CHOCÓ),2021,3,20.858,99.409,60.0,miércoles,2021 Mar 24 07:00:00 PM,24.0
27,CHOCÓ,27099,BOJAYÁ (BELLAVISTA),27099000,BELLAVISTA (BOJAYÁ (BELLAVISTA) - CHOCÓ),2021,3,98.984,31.167,60.0,miércoles,2021 Mar 17 07:15:00 PM,24.0
27,CHOCÓ,27099,BOJAYÁ (BELLAVISTA),27099002,LA LOMA DE BOJAYÁ (BOJAYÁ (BELLAVISTA) - CHOCÓ),2021,3,11.694,5.31,60.0,domingo,2021 Mar 07 07:30:00 PM,24.0
27,CHOCÓ,27099,BOJAYÁ (BELLAVISTA),27099005,NAPIPÍ (BOJAYÁ (BELLAVISTA) - CHOCÓ),2021,3,9.823,3.074,60.0,miércoles,2021 Mar 31 10:00:00 PM,24.0
27,CHOCÓ,27099,BOJAYÁ (BELLAVISTA),27099008,PUERTO CONTO (BOJAYÁ (BELLAVISTA) - CHOCO),2021,3,10.563,2.695,72.0,sábado,2021 Mar 06 07:45:00 PM,24.0
27,CHOCÓ,27250,EL LITORAL DEL SAN JUAN,27250000,SANTA GENOVEVA DE DOCORDÓ (EL LITORAL DEL SAN JUAN - CHOCÓ),2021,3,72.058,37.684,60.0,lunes,2021 Mar 08 10:15:00 PM,24.0
27,CHOCÓ,27372,JURADÓ,27372000,JURADÓ (JURADÓ - CHOCÓ),2021,3,157.427,75.971,60.0,miércoles,2021 Mar 31 09:15:00 PM,24.0
27,CHOCÓ,27425,MEDIO ATRATO (BETÉ),27425000,BETÉ (MEDIO ATRATO (BETÉ) - CHOCÓ),2021,3,21.814,11.045,80.0,martes,2021 Mar 09 07:45:00 PM,24.0
27,CHOCÓ,27495,NUQUÍ,27495001,ARUSÍ (NUQUÍ - CHOCO),2021,3,11.056,4.85,48.0,martes,2021 Mar 30 06:30:00 PM,24.0
27,CHOCÓ,27495,NUQUÍ,27495912,COMUNIDAD INDÍGENA DE PANGUÍ - EL YUCAL (NUQUÍ - CHOCÓ),2021,3,3.434,1.048,60.0,lunes,2021 Mar 01 07:15:00 PM,24.0
27,CHOCÓ,27495,NUQUÍ,27495000,NUQUÍ (NUQUÍ - CHOCÓ),2021,3,256.445,83.318,60.0,jueves,2021 Mar 18 08:00:00 PM,24.0
27,CHOCÓ,27495,NUQUÍ,27495011,PUERTO JAGUA (NUQUÍ - CHOCÓ),2021,3,961.0,507.0,60.0,domingo,2021 Mar 07 07:45:00 PM,24.0
27,CHOCÓ,27800,UNGUÍA,27800001,BALBOA (UNGUÍA - CHOCÓ),2021,3,18.512,7.623,60.0,jueves,2021 Mar 25 07:30:00 PM,24.0
27,CHOCÓ,27800,UNGUÍA,27800005,TITUMATE (UNGUÍA - CHOCÓ),2021,3,17.379,5.246,60.0,martes,2021 Mar 30 09:15:00 PM,24.0
27,CHOCÓ,27800,UNGUÍA,27800000,UNGUÍA (UNGUÍA - CHOCÓ),2021,3,404.312,149.475,60.0,martes,2021 Mar 30 08:00:00 PM,24.0
94,GUAINÍA,94343,BARRANCOMINAS,94343000,BARRANCOMINAS (BARRANCOMINAS - GUAINÍA),2021,3,52.973,19.162,60.0,sábado,2021 Mar 20 06:30:00 PM,24.0
94,GUAINÍA,94001,INÍRIDA,94001000,INÍRIDA (INÍRIDA - GUAINÍA),2021,3,10.326,563.245,60.0,martes,2021 Mar 02 03:15:00 PM,24.0
95,GUAVIARE,95200,MIRAFLORES,95200000,MIRAFLORES (MIRAFLORES - GUAVIARE),2021,3,82.981,30.03,198.0,jueves,2021 Mar 04 08:30:00 PM,24.0
44,LA GUAJIRA,44847,URIBIA,44847012,NAZARETH (URIBIA - LA GUAJIRA),2021,3,31.36,16.391,60.0,martes,2021 Mar 02 07:00:00 PM,24.0
47,MAGDALENA,47189,CIÉNAGA,47189018,PALMOR (CIÉNAGA - MAGDALENA),2021,3,92.616,32.632,60.0,miércoles,2021 Mar 10 06:45:00 PM,24.0
50,META,50325,MAPIRIPÁN,50325000,MAPIRIPÁN (MAPIRIPÁN - META),2021,3,152.534,63.496,60.0,viernes,2021 Mar 19 06:45:00 PM,24.0
52,NARIÑO,52250,EL CHARCO,52250023,BAZÁN (EL CHARCO - NARIÑO),2021,3,20.658,11.334,60.0,jueves,2021 Mar 18 08:15:00 PM,24.0
52,NARIÑO,52250,EL CHARCO,52250003,BOLÍVAR - SAN PEDRO (EL CHARCO - NARIÑO),2021,3,4.448,3.343,60.0,miércoles,2021 Mar 31 07:45:00 PM,8.0
52,NARIÑO,52250,EL CHARCO,52250007,SAN JOSÉ DEL TAPAJE (EL CHARCO - NARIÑO),2021,3,15.776,2.962,88.0,martes,2021 Mar 30 07:45:00 PM,24.0
52,NARIÑO,52520,FRANCISCO PIZARRO,52520013,SAN PEDRO DEL VINO (FRANCISCO PIZARRO - NARIÑO),2021,3,5.512,2.615,60.0,miércoles,2021 Mar 31 05:45:00 PM,24.0
52,NARIÑO,52390,LA TOLA,52390005,AGUACATAL (LA TOLA - NARIÑO),2021,3,2.216,516.0,60.0,miércoles,2021 Mar 24 07:00:00 PM,24.0
52,NARIÑO,52390,LA TOLA,52390013,AMÁRALES (LA TOLA - NARIÑO),2021,3,10.957,2.796,60.0,sábado,2021 Mar 20 07:30:00 PM,24.0
52,NARIÑO,52390,LA TOLA,52390003,LA VIGÍA DE LA MAR (LA TOLA - NARIÑO),2021,3,6.328,2.314,60.0,viernes,2021 Mar 12 07:00:00 PM,24.0
52,NARIÑO,52390,LA TOLA,52390009,MULATOS (LA TOLA - NARIÑO),2021,3,3.919,2.648,60.0,miércoles,2021 Mar 17 07:00:00 PM,24.0
52,NARIÑO,52390,LA TOLA,52390016,SAN PABLO DEL MAR (LA TOLA - NARIÑO),2021,3,5.065,1.278,60.0,viernes,2021 Mar 05 07:30:00 PM,24.0
52,NARIÑO,52490,OLAYA HERRERA,52490913,BOCA DE PRIETA (OLAYA HERRERA - NARIÑO),2021,3,2.492,862.0,60.0,miércoles,2021 Mar 31 07:45:00 PM,24.0
52,NARIÑO,52490,OLAYA HERRERA,52490008,SAN JOSÉ CALABAZAL (OLAYA HERRERA - NARIÑO),2021,3,3.721,1.606,60.0,viernes,2021 Mar 05 07:45:00 PM,24.0
52,NARIÑO,52835,SAN ANDRÉS DE TUMACO,52835055,BOCAS DE CURAY (TUMACO - NARIÑO),2021,3,9.526,5.024,60.0,domingo,2021 Mar 28 11:45:00 PM,24.0
52,NARIÑO,52835,SAN ANDRÉS DE TUMACO,52835012,CHAJAL (TUMACO - NARIÑO),2021,3,20.571,6.991,60.0,viernes,2021 Mar 12 07:30:00 PM,6.0
52,NARIÑO,52835,SAN ANDRÉS DE TUMACO,52835016,PITAL DE LA COSTA (TUMACO - NARIÑO),2021,3,23.858,13.741,96.0,domingo,2021 Mar 15 12:30:00 AM,24.0
52,NARIÑO,52835,SAN ANDRÉS DE TUMACO,52835212,PUEBLO NUEVO (TABLÓN SALADO) (TUMACO - NARIÑO),2021,3,4.061,1.434,60.0,viernes,2021 Mar 12 07:15:00 PM,24.0
52,NARIÑO,52835,SAN ANDRÉS DE TUMACO,52835217,SAN JUAN DE LA COSTA (SAN ANDRÉS DE TUMACO - NARIÑO),2021,3,2.788,10.22,60.0,miércoles,2021 Mar 31 07:00:00 PM,24.0
52,NARIÑO,52835,SAN ANDRÉS DE TUMACO,52835091,SANTA ROSA (TUMACO - NARIÑO),2021,3,4.717,1.636,60.0,sábado,2021 Mar 13 08:00:00 PM,24.0
52,NARIÑO,52835,SAN ANDRÉS DE TUMACO,52835148,TABLÓN DULCE LA PAMPA (TUMACO - NARIÑO),2021,3,2.059,940.0,60.0,sábado,2021 Mar 20 07:00:00 PM,24.0
52,NARIÑO,52696,SANTA BÁRBARA (ISCUANDÉ),52696014,LA ENSENADA (SANTA BÁRBARA (ISCUANDÉ) - NARIÑO),2021,3,2.743,2.629,60.0,miércoles,2021 Mar 31 08:15:00 PM,6.0
52,NARIÑO,52696,SANTA BÁRBARA (ISCUANDÉ),52696022,SECADERO (SANTA BÁRBARA (ISCUANDÉ) - NARIÑO),2021,3,2.876,1.933,60.0,miércoles,2021 Mar 31 07:00:00 PM,24.0
86,PUTUMAYO,86573,PUERTO LEGUÍZAMO,86573009,PIÑUÑA NEGRO (PUERTO LEGUÍZAMO - PUTUMAYO),2021,3,4.475,2.51,60.0,sábado,2021 Mar 27 09:30:00 PM,24.0
76,VALLE DEL CAUCA,76109,BUENAVENTURA,76109028,PUERTO MERIZALDE (BUENAVENTURA - VALLE DEL CAUCA),2021,3,56.12,21.235,60.0,miércoles,2021 Mar 31 08:00:00 PM,24.0
76,VALLE DEL CAUCA,76109,BUENAVENTURA,76109032,SAN FRANCISCO NAYA (BUENAVENTURA - VALLE DEL CAUCA),2021,3,6.065,2.597,60.0,sábado,2021 Mar 27 11:30:00 PM,24.0
97,VAUPÉS,97161,CARURÚ,97161000,CARURÚ (CARURÚ - VAUPÉS),2021,3,19.606,5.039,60.0,martes,2021 Mar 16 06:30:00 PM,24.0
97,VAUPÉS,97001,MITÚ,97001000,MITÚ (MITÚ - VAUPÉS),2021,3,10.326,382.22,60.0,lunes,2021 Mar 15 11:45:00 PM,24.0
99,VICHADA,99773,CUMARIBO,99773000,CUMARIBO (CUMARIBO - VICHADA),2021,3,308.352,136.167,60.0,jueves,2021 Mar 11 02:15:00 PM,24.0
99,VICHADA,99524,LA PRIMAVERA,99524000,LA PRIMAVERA (LA PRIMAVERA - VICHADA),2021,3,363.668,168.862,60.0,jueves,2021 Mar 18 06:45:00 PM,24.0
99,VICHADA,99001,PUERTO CARREÑO,99001002,CASUARITO (PUERTO CARREÑO - VICHADA),2021,3,30.702,11.079,60.0,miércoles,2021 Mar 03 08:00:00 PM,24.0
99,VICHADA,99001,PUERTO CARREÑO,99001000,PUERTO CARREÑO (PUERTO CARREÑO - VICHADA),2021,3,10.326,811.894,60.0,lunes,2021 Mar 08 02:30:00 PM,24.0
99,VICHADA,99624,SANTA ROSALÍA,99624000,SANTA ROSALÍA (SANTA ROSALÍA - VICHADA),2021,3,132.848,66.274,60.0,jueves,2021 Mar 18 07:15:00 PM,24.0
91,AMAZONAS,91001,LETICIA,91001000,LETICIA (LETICIA - AMAZONAS),2021,4,10.326,8.475,60.0,jueves,2021 Apr 08 02:15:00 PM,24.0
91,AMAZONAS,91540,PUERTO NARIÑO,91540000,PUERTO NARIÑO (PUERTO NARIÑO - AMAZONAS),2021,4,103.983,36.71,60.0,lunes,2021 Apr 12 07:00:00 PM,24.0
91,AMAZONAS,91798,TARAPACÁ (ANM),91798000,TARAPACÁ (TARAPACÁ (ANM) - AMAZONAS),2021,4,22.2,10.205,60.0,lunes,2021 Apr 12 07:45:00 PM,24.0
5,ANTIOQUIA,5873,VIGÍA DEL FUERTE,5873002,VEGÁEZ (VIGÍA DEL FUERTE - ANTIOQUIA),2021,4,3.32,161.0,60.0,sábado,2021 Apr 24 07:00:00 PM,24.0
5,ANTIOQUIA,5873,VIGÍA DEL FUERTE,5873000,VIGÍA DEL FUERTE (VIGÍA DEL FUERTE - ANTIOQUIA),2021,4,93.016,38.286,60.0,miércoles,2021 Apr 07 02:00:00 PM,24.0
88,"ARCHIPIÉLAGO DE SAN ANDRÉS, PROVIDENCIA Y SANTA CATALINA",88001,SAN ANDRÉS,88001000,SAN ANDRÉS (SAN ANDRÉS - ARCHIPIÉLAGO DE SAN ANDRÉS Y PROVIDENCIA),2021,4,10.326,8.475,60.0,martes,2021 Apr 20 03:30:00 PM,24.0
13,BOLÍVAR,13001,CARTAGENA DE INDIAS,13001007,ISLA FUERTE (CARTAGENA DE INDIAS - BOLÍVAR),2021,4,17.858,9.518,60.0,sábado,2021 Apr 03 12:00:00 AM,24.0
13,BOLÍVAR,13001,CARTAGENA DE INDIAS,13001037,ISLA MÚCURA (CARTAGENA DE INDIAS - BOLÍVAR),2021,4,6.886,2.794,60.0,viernes,2021 Apr 02 11:45:00 PM,24.0
13,BOLÍVAR,13001,CARTAGENA DE INDIAS,13001017,SANTA CRUZ DEL ISLOTE (CARTAGENA DE INDIAS - BOLÍVAR),2021,4,13.114,4.518,60.0,viernes,2021 Apr 16 09:30:00 PM,24.0
18,CAQUETÁ,18150,CARTAGENA DEL CHAIRÁ,18150001,REMOLINO DEL CAGUÁN (CARTAGENA DEL CHAIRA - CAQUETÁ),2021,4,15.248,7.141,60.0,sábado,2021 Apr 17 07:15:00 PM,24.0
18,CAQUETÁ,18753,SAN VICENTE DEL CAGUÁN,18753002,GUACAMAYAS (SAN VICENTE DEL CAGUÁN - CAQUETÁ),2021,4,11.863,5.017,60.0,viernes,2021 Apr 30 07:00:00 PM,24.0
18,CAQUETÁ,18753,SAN VICENTE DEL CAGUÁN,18753015,GUAYABAL (SAN VICENTE DEL CAGUÁN - CAQUETÁ),2021,4,5.789,3.019,60.0,sábado,2021 Apr 24 06:45:00 PM,24.0
18,CAQUETÁ,18753,SAN VICENTE DEL CAGUÁN,18753009,PUERTO BETANIA (SAN VICENTE DEL CAGUÁN - CAQUETÁ),2021,4,5.149,2.022,60.0,sábado,2021 Apr 24 08:00:00 PM,24.0
85,CASANARE,85430,TRINIDAD,85430001,BOCAS DEL PAUTO (TRINIDAD - CASANARE),2021,4,3.573,2.106,60.0,viernes,2021 Apr 30 06:15:00 PM,24.0
19,CAUCA,19318,GUAPI,19318008,LIMONES (GUAPI - CAUCA),2021,4,8.156,3.213,60.0,jueves,2021 Apr 29 06:45:00 PM,24.0
19,CAUCA,19318,GUAPI,19318013,SAN ANTONIO DE GUAJUÍ (GUAPI - CAUCA),2021,4,11.498,3.048,60.0,sábado,2021 Apr 10 07:30:00 PM,24.0
19,CAUCA,19418,LÓPEZ DE MICAY,19418024,BETANIA - NAYA (LÓPEZ (MICAY) - CAUCA),2021,4,6.286,2.119,60.0,lunes,2021 Apr 26 04:15:00 PM,24.0
19,CAUCA,19418,LÓPEZ DE MICAY,19418033,BOCA GRANDE (LÓPEZ (MICAY) - CAUCA),2021,4,4.639,1.015,60.0,jueves,2021 Apr 22 07:30:00 PM,24.0
19,CAUCA,19418,LÓPEZ DE MICAY,19418038,ISLA DE GALLO (LÓPEZ DE MICAY - CAUCA),2021,4,4.112,1.482,60.0,sábado,2021 Apr 03 07:00:00 PM,24.0
19,CAUCA,19418,LÓPEZ DE MICAY,19418009,NOANAMITO (LÓPEZ DE MICAY - CAUCA),2021,4,7.568,2.427,40.0,viernes,2021 Apr 30 07:45:00 PM,24.0
19,CAUCA,19418,LÓPEZ DE MICAY,19418015,SAN ISIDRO (LÓPEZ DE MICAY - CAUCA),2021,4,915.0,326.0,60.0,martes,2021 Apr 21 12:45:00 AM,24.0
19,CAUCA,19418,LÓPEZ DE MICAY,19418019,ZARAGOZA (LOPEZ DE MICAY - CAUCA),2021,4,13.407,5.828,60.0,sábado,2021 Apr 03 08:00:00 PM,24.0
19,CAUCA,19809,TIMBIQUÍ,19809014,CHACÓN (TIMBIQUÍ - CAUCA),2021,4,4.119,987.0,60.0,viernes,2021 Apr 09 07:45:00 PM,24.0
19,CAUCA,19809,TIMBIQUÍ,19809010,COMUNIDAD DE CHETE (TIMBIQUÍ - CAUCA),2021,4,6.299,2.199,60.0,sábado,2021 Apr 10 07:15:00 PM,24.0
19,CAUCA,19809,TIMBIQUÍ,19809003,COTEJE (TIMBIQUÍ - CAUCA),2021,4,7.36,4.125,35.0,jueves,2021 Apr 08 08:00:00 PM,24.0
19,CAUCA,19809,TIMBIQUÍ,19809026,LOS BRAZOS (TIMBIQUÍ - CAUCA),2021,4,8.793,1.608,60.0,sábado,2021 Apr 10 07:45:00 PM,24.0
19,CAUCA,19809,TIMBIQUÍ,19809023,PUERTO SAIJA (TIMBIQUÍ - CAUCA),2021,4,27.027,9.253,60.0,jueves,2021 Apr 08 06:30:00 PM,24.0
19,CAUCA,19809,TIMBIQUÍ,19809007,SAN JOSÉ (TIMBIQUÍ - CAUCA),2021,4,8.109,5.114,60.0,sábado,2021 Apr 10 08:00:00 PM,24.0
19,CAUCA,19809,TIMBIQUÍ,19809008,SANTA MARÍA (TIMBIQUÍ - CAUCA),2021,4,15.984,6.527,60.0,jueves,2021 Apr 01 07:30:00 PM,24.0
27,CHOCÓ,27006,ACANDÍ,27006000,ACANDÍ (ACANDÍ - CHOCÓ),2021,4,556.658,220.397,60.0,jueves,2021 Apr 22 07:45:00 PM,24.0
27,CHOCÓ,27006,ACANDÍ,27006003,CAPURGANÁ (ACANDÍ - CHOCO),2021,4,303.988,112.821,60.0,jueves,2021 Apr 01 10:15:00 PM,24.0
27,CHOCÓ,27006,ACANDÍ,27006007,SAN FRANCISCO (ACANDÍ - CHOCÓ),2021,4,21.655,7.659,60.0,jueves,2021 Apr 01 07:15:00 PM,24.0
27,CHOCÓ,27025,ALTO BAUDÓ (PIE DE PATO),27025000,CIUDAD BAUDÓ - PIE DE PATO (ALTO BAUDÓ - CHOCÓ),2021,4,46.655,13.827,60.0,jueves,2021 Apr 16 12:00:00 AM,24.0
27,CHOCÓ,27075,BAHÍA SOLANO (MUTIS),27075000,CIUDAD MUTIS (BAHÍA SOLANO - CHOCÓ),2021,4,634.355,230.615,60.0,lunes,2021 Apr 19 07:30:00 PM,24.0
27,CHOCÓ,27075,BAHÍA SOLANO (MUTIS),27075001,CUPICA (BAHÍA SOLANO - CHOCÓ),2021,4,63.113,23.464,60.0,jueves,2021 Apr 29 07:30:00 PM,24.0
27,CHOCÓ,27075,BAHÍA SOLANO (MUTIS),27075002,EL VALLE (BAHÍA SOLANO - CHOCÓ),2021,4,147.693,65.713,60.0,jueves,2021 Apr 01 07:15:00 PM,24.0
27,CHOCÓ,27077,BAJO BAUDÓ (PIZARRO),27077905,BUENAVISTA (BAJO BAUDÓ (PIZARRO) - CHOCÓ),2021,4,5.813,1.022,60.0,miércoles,2021 Apr 21 07:45:00 PM,24.0
27,CHOCÓ,27077,BAJO BAUDÓ (PIZARRO),27077000,PIZARRO (BAJO BAUDÓ (PIZARRO) - CHOCÓ),2021,4,199.84,95.308,60.0,jueves,2021 Apr 29 07:30:00 PM,24.0
27,CHOCÓ,27099,BOJAYÁ (BELLAVISTA),27099000,BELLAVISTA (BOJAYÁ (BELLAVISTA) - CHOCÓ),2021,4,98.307,13.956,60.0,jueves,2021 Apr 29 07:45:00 PM,24.0
27,CHOCÓ,27099,BOJAYÁ (BELLAVISTA),27099002,LA LOMA DE BOJAYÁ (BOJAYÁ (BELLAVISTA) - CHOCÓ),2021,4,12.049,5.517,60.0,martes,2021 Apr 20 07:00:00 PM,24.0
27,CHOCÓ,27099,BOJAYÁ (BELLAVISTA),27099005,NAPIPÍ (BOJAYÁ (BELLAVISTA) - CHOCÓ),2021,4,11.723,3.565,64.0,jueves,2021 Apr 29 06:45:00 PM,24.0
27,CHOCÓ,27099,BOJAYÁ (BELLAVISTA),27099008,PUERTO CONTO (BOJAYÁ (BELLAVISTA) - CHOCO),2021,4,11.317,2.854,60.0,miércoles,2021 Apr 14 07:30:00 PM,24.0
27,CHOCÓ,27250,EL LITORAL DEL SAN JUAN,27250000,SANTA GENOVEVA DE DOCORDÓ (EL LITORAL DEL SAN JUAN - CHOCÓ),2021,4,66.994,36.181,60.0,miércoles,2021 Apr 14 01:00:00 PM,24.0
27,CHOCÓ,27372,JURADÓ,27372000,JURADÓ (JURADÓ - CHOCÓ),2021,4,154.67,71.127,60.0,miércoles,2021 Apr 28 07:30:00 PM,24.0
27,CHOCÓ,27425,MEDIO ATRATO (BETÉ),27425000,BETÉ (MEDIO ATRATO (BETÉ) - CHOCÓ),2021,4,21.552,10.592,80.0,jueves,2021 Apr 22 07:15:00 PM,24.0
27,CHOCÓ,27495,NUQUÍ,27495001,ARUSÍ (NUQUÍ - CHOCO),2021,4,11.045,4.619,48.0,martes,2021 Apr 13 08:30:00 PM,24.0
27,CHOCÓ,27495,NUQUÍ,27495912,COMUNIDAD INDÍGENA DE PANGUÍ - EL YUCAL (NUQUÍ - CHOCÓ),2021,4,3.3,1.4,60.0,jueves,2021 Apr 29 06:00:00 PM,24.0
27,CHOCÓ,27495,NUQUÍ,27495000,NUQUÍ (NUQUÍ - CHOCÓ),2021,4,247.974,80.087,60.0,jueves,2021 Apr 22 07:45:00 PM,24.0
27,CHOCÓ,27495,NUQUÍ,27495011,PUERTO JAGUA (NUQUÍ - CHOCÓ),2021,4,794.0,1.653,60.0,viernes,2021 Apr 16 08:45:00 PM,24.0
27,CHOCÓ,27800,UNGUÍA,27800001,BALBOA (UNGUÍA - CHOCÓ),2021,4,20.04,8.148,60.0,sábado,2021 Apr 24 08:00:00 PM,24.0
27,CHOCÓ,27800,UNGUÍA,27800005,TITUMATE (UNGUÍA - CHOCÓ),2021,4,15.783,4.726,60.0,jueves,2021 Apr 29 07:30:00 PM,24.0
27,CHOCÓ,27800,UNGUÍA,27800000,UNGUÍA (UNGUÍA - CHOCÓ),2021,4,402.583,143.376,60.0,jueves,2021 Apr 22 08:30:00 PM,24.0
94,GUAINÍA,94343,BARRANCOMINAS,94343000,BARRANCOMINAS (BARRANCOMINAS - GUAINÍA),2021,4,57.209,20.041,60.0,jueves,2021 Apr 22 07:00:00 PM,24.0
94,GUAINÍA,94001,INÍRIDA,94001000,INÍRIDA (INÍRIDA - GUAINÍA),2021,4,10.326,521.989,60.0,jueves,2021 Apr 22 02:30:00 PM,24.0
95,GUAVIARE,95200,MIRAFLORES,95200000,MIRAFLORES (MIRAFLORES - GUAVIARE),2021,4,78.95,28.189,60.0,miércoles,2021 Apr 21 06:30:00 PM,24.0
44,LA GUAJIRA,44847,URIBIA,44847012,NAZARETH (URIBIA - LA GUAJIRA),2021,4,35.845,17.755,60.0,lunes,2021 Apr 26 07:45:00 PM,24.0
47,MAGDALENA,47189,CIÉNAGA,47189018,PALMOR (CIÉNAGA - MAGDALENA),2021,4,77.55,27.68,60.0,jueves,2021 Apr 29 08:30:00 PM,24.0
50,META,50325,MAPIRIPÁN,50325000,MAPIRIPÁN (MAPIRIPÁN - META),2021,4,149.555,61.921,60.0,viernes,2021 Apr 23 07:00:00 PM,24.0
52,NARIÑO,52250,EL CHARCO,52250023,BAZÁN (EL CHARCO - NARIÑO),2021,4,19.102,10.249,60.0,sábado,2021 Apr 17 08:45:00 PM,8.0
52,NARIÑO,52250,EL CHARCO,52250003,BOLÍVAR - SAN PEDRO (EL CHARCO - NARIÑO),2021,4,4.182,3.196,60.0,viernes,2021 Apr 16 04:00:00 PM,24.0
52,NARIÑO,52250,EL CHARCO,52250007,SAN JOSÉ DEL TAPAJE (EL CHARCO - NARIÑO),2021,4,15.392,3.048,80.0,viernes,2021 Apr 30 08:15:00 PM,24.0
52,NARIÑO,52520,FRANCISCO PIZARRO,52520013,SAN PEDRO DEL VINO (FRANCISCO PIZARRO - NARIÑO),2021,4,5.481,2.631,60.0,jueves,2021 Apr 02 12:30:00 AM,24.0
52,NARIÑO,52390,LA TOLA,52390005,AGUACATAL (LA TOLA - NARIÑO),2021,4,2.401,553.0,60.0,domingo,2021 Apr 25 07:00:00 PM,8.0
52,NARIÑO,52390,LA TOLA,52390013,AMÁRALES (LA TOLA - NARIÑO),2021,4,8.736,2.378,60.0,lunes,2021 Apr 26 07:45:00 PM,24.0
52,NARIÑO,52390,LA TOLA,52390003,LA VIGÍA DE LA MAR (LA TOLA - NARIÑO),2021,4,5.686,2.2,60.0,miércoles,2021 Apr 07 06:30:00 PM,24.0
52,NARIÑO,52390,LA TOLA,52390009,MULATOS (LA TOLA - NARIÑO),2021,4,3.425,1.531,60.0,jueves,2021 Apr 29 07:15:00 PM,24.0
52,NARIÑO,52390,LA TOLA,52390016,SAN PABLO DEL MAR (LA TOLA - NARIÑO),2021,4,4.886,1.294,60.0,lunes,2021 Apr 05 05:00:00 PM,24.0
52,NARIÑO,52490,OLAYA HERRERA,52490913,BOCA DE PRIETA (OLAYA HERRERA - NARIÑO),2021,4,1.427,404.0,60.0,jueves,2021 Apr 01 07:45:00 PM,24.0
52,NARIÑO,52835,SAN ANDRÉS DE TUMACO,52835012,CHAJAL (TUMACO - NARIÑO),2021,4,10.669,3.619,60.0,martes,2021 Apr 13 08:00:00 PM,24.0
52,NARIÑO,52835,SAN ANDRÉS DE TUMACO,52835016,PITAL DE LA COSTA (TUMACO - NARIÑO),2021,4,19.894,11.383,92.0,sábado,2021 Apr 17 08:00:00 PM,24.0
52,NARIÑO,52835,SAN ANDRÉS DE TUMACO,52835212,PUEBLO NUEVO (TABLÓN SALADO) (TUMACO - NARIÑO),2021,4,3.288,1.207,60.0,domingo,2021 Apr 04 09:30:00 PM,24.0
52,NARIÑO,52835,SAN ANDRÉS DE TUMACO,52835217,SAN JUAN DE LA COSTA (SAN ANDRÉS DE TUMACO - NARIÑO),2021,4,16.922,6.309,60.0,viernes,2021 Apr 02 07:15:00 PM,24.0
52,NARIÑO,52835,SAN ANDRÉS DE TUMACO,52835091,SANTA ROSA (TUMACO - NARIÑO),2021,4,4.055,1.514,60.0,miércoles,2021 Apr 14 06:45:00 PM,24.0
52,NARIÑO,52835,SAN ANDRÉS DE TUMACO,52835148,TABLÓN DULCE LA PAMPA (TUMACO - NARIÑO),2021,4,939.0,437.0,60.0,sábado,2021 Apr 10 07:30:00 PM,3.0
52,NARIÑO,52696,SANTA BÁRBARA (ISCUANDÉ),52696014,LA ENSENADA (SANTA BÁRBARA (ISCUANDÉ) - NARIÑO),2021,4,3.095,2.903,60.0,jueves,2021 Apr 22 07:30:00 PM,24.0
52,NARIÑO,52696,SANTA BÁRBARA (ISCUANDÉ),52696022,SECADERO (SANTA BÁRBARA (ISCUANDÉ) - NARIÑO),2021,4,2.761,1.792,60.0,lunes,2021 Apr 12 06:15:00 PM,24.0
86,PUTUMAYO,86573,PUERTO LEGUÍZAMO,86573009,PIÑUÑA NEGRO (PUERTO LEGUÍZAMO - PUTUMAYO),2021,4,4.159,2.224,60.0,sábado,2021 Apr 24 08:00:00 PM,24.0
76,VALLE DEL CAUCA,76109,BUENAVENTURA,76109028,PUERTO MERIZALDE (BUENAVENTURA - VALLE DEL CAUCA),2021,4,30.937,10.601,60.0,viernes,2021 Apr 09 07:45:00 PM,24.0
76,VALLE DEL CAUCA,76109,BUENAVENTURA,76109032,SAN FRANCISCO NAYA (BUENAVENTURA - VALLE DEL CAUCA),2021,4,5.733,2.769,60.0,lunes,2021 Apr 12 11:45:00 PM,24.0
97,VAUPÉS,97161,CARURÚ,97161000,CARURÚ (CARURÚ - VAUPÉS),2021,4,20.059,5.339,60.0,jueves,2021 Apr 22 06:30:00 PM,24.0
97,VAUPÉS,97001,MITÚ,97001000,MITÚ (MITÚ - VAUPÉS),2021,4,927.609,280.657,60.0,miércoles,2021 Apr 07 11:30:00 PM,24.0
97,VAUPÉS,97666,TARAIRA,97666000,TARAIRA (TARAIRA - VAUPÉS),2021,4,28.14,8.763,60.0,viernes,2021 Apr 09 07:00:00 PM,24.0
99,VICHADA,99773,CUMARIBO,99773000,CUMARIBO (CUMARIBO - VICHADA),2021,4,303.736,133.946,60.0,viernes,2021 Apr 23 02:30:00 PM,24.0
99,VICHADA,99524,LA PRIMAVERA,99524000,LA PRIMAVERA (LA PRIMAVERA - VICHADA),2021,4,335.72,156.561,60.0,viernes,2021 Apr 23 07:15:00 PM,24.0
99,VICHADA,99001,PUERTO CARREÑO,99001002,CASUARITO (PUERTO CARREÑO - VICHADA),2021,4,28.829,10.675,60.0,jueves,2021 Apr 22 06:45:00 PM,24.0
99,VICHADA,99001,PUERTO CARREÑO,99001000,PUERTO CARREÑO (PUERTO CARREÑO - VICHADA),2021,4,10.326,794.934,60.0,viernes,2021 Apr 23 02:15:00 PM,24.0
99,VICHADA,99624,SANTA ROSALÍA,99624000,SANTA ROSALÍA (SANTA ROSALÍA - VICHADA),2021,4,128.741,63.352,60.0,sábado,2021 Apr 24 07:30:00 PM,24.0
91,AMAZONAS,91001,LETICIA,91001000,LETICIA (LETICIA - AMAZONAS),2021,5,10.326,8.475,60.0,viernes,2021 May 21 02:45:00 PM,24.0
91,AMAZONAS,91540,PUERTO NARIÑO,91540000,PUERTO NARIÑO (PUERTO NARIÑO - AMAZONAS),2021,5,104.516,36.339,60.0,miércoles,2021 May 05 07:15:00 PM,24.0
91,AMAZONAS,91798,TARAPACÁ (ANM),91798000,TARAPACÁ (TARAPACÁ (ANM) - AMAZONAS),2021,5,24.043,10.115,60.0,sábado,2021 May 29 07:15:00 PM,24.0
5,ANTIOQUIA,5873,VIGÍA DEL FUERTE,5873002,VEGÁEZ (VIGÍA DEL FUERTE - ANTIOQUIA),2021,5,3.997,294.0,60.0,miércoles,2021 May 19 07:00:00 PM,24.0
5,ANTIOQUIA,5873,VIGÍA DEL FUERTE,5873000,VIGÍA DEL FUERTE (VIGÍA DEL FUERTE - ANTIOQUIA),2021,5,84.101,36.704,60.0,sábado,2021 May 30 12:00:00 AM,24.0
88,"ARCHIPIÉLAGO DE SAN ANDRÉS, PROVIDENCIA Y SANTA CATALINA",88001,SAN ANDRÉS,88001000,SAN ANDRÉS (SAN ANDRÉS - ARCHIPIÉLAGO DE SAN ANDRÉS Y PROVIDENCIA),2021,5,10.326,8.475,60.0,viernes,2021 May 21 03:15:00 PM,24.0
13,BOLÍVAR,13001,CARTAGENA DE INDIAS,13001007,ISLA FUERTE (CARTAGENA DE INDIAS - BOLÍVAR),2021,5,15.612,8.376,60.0,domingo,2021 May 16 02:30:00 PM,24.0
13,BOLÍVAR,13001,CARTAGENA DE INDIAS,13001037,ISLA MÚCURA (CARTAGENA DE INDIAS - BOLÍVAR),2021,5,6.065,2.5,60.0,viernes,2021 May 07 01:45:00 PM,24.0
13,BOLÍVAR,13001,CARTAGENA DE INDIAS,13001017,SANTA CRUZ DEL ISLOTE (CARTAGENA DE INDIAS - BOLÍVAR),2021,5,17.415,5.974,60.0,miércoles,2021 May 05 09:15:00 PM,24.0
18,CAQUETÁ,18150,CARTAGENA DEL CHAIRÁ,18150001,REMOLINO DEL CAGUÁN (CARTAGENA DEL CHAIRA - CAQUETÁ),2021,5,11.337,4.771,60.0,sábado,2021 May 22 06:45:00 PM,24.0
18,CAQUETÁ,18753,SAN VICENTE DEL CAGUÁN,18753002,GUACAMAYAS (SAN VICENTE DEL CAGUÁN - CAQUETÁ),2021,5,9.17,3.448,60.0,domingo,2021 May 30 07:00:00 PM,24.0
18,CAQUETÁ,18753,SAN VICENTE DEL CAGUÁN,18753015,GUAYABAL (SAN VICENTE DEL CAGUÁN - CAQUETÁ),2021,5,5.112,2.627,60.0,domingo,2021 May 03 12:30:00 AM,24.0
18,CAQUETÁ,18753,SAN VICENTE DEL CAGUÁN,18753009,PUERTO BETANIA (SAN VICENTE DEL CAGUÁN - CAQUETÁ),2021,5,4.216,1.582,60.0,jueves,2021 May 27 06:45:00 PM,4.0
85,CASANARE,85430,TRINIDAD,85430001,BOCAS DEL PAUTO (TRINIDAD - CASANARE),2021,5,9.06,5.273,60.0,sábado,2021 May 15 06:45:00 PM,24.0
19,CAUCA,19318,GUAPI,19318008,LIMONES (GUAPI - CAUCA),2021,5,8.69,3.527,60.0,lunes,2021 May 24 06:45:00 PM,24.0
19,CAUCA,19318,GUAPI,19318013,SAN ANTONIO DE GUAJUÍ (GUAPI - CAUCA),2021,5,11.115,4.889,60.0,viernes,2021 May 21 07:15:00 PM,24.0
19,CAUCA,19418,LÓPEZ DE MICAY,19418024,BETANIA - NAYA (LÓPEZ (MICAY) - CAUCA),2021,5,6.403,2.197,60.0,lunes,2021 May 24 05:30:00 PM,24.0
19,CAUCA,19418,LÓPEZ DE MICAY,19418033,BOCA GRANDE (LÓPEZ (MICAY) - CAUCA),2021,5,4.509,983.0,60.0,viernes,2021 May 07 07:30:00 PM,24.0
19,CAUCA,19418,LÓPEZ DE MICAY,19418038,ISLA DE GALLO (LÓPEZ DE MICAY - CAUCA),2021,5,4.218,1.715,60.0,viernes,2021 May 07 06:30:00 PM,24.0
19,CAUCA,19418,LÓPEZ DE MICAY,19418009,NOANAMITO (LÓPEZ DE MICAY - CAUCA),2021,5,4.597,1.396,40.0,martes,2021 May 25 03:45:00 PM,24.0
19,CAUCA,19418,LÓPEZ DE MICAY,19418015,SAN ISIDRO (LÓPEZ DE MICAY - CAUCA),2021,5,948.0,347.0,60.0,lunes,2021 May 31 05:30:00 PM,24.0
19,CAUCA,19418,LÓPEZ DE MICAY,19418019,ZARAGOZA (LOPEZ DE MICAY - CAUCA),2021,5,12.556,5.553,60.0,sábado,2021 May 01 07:15:00 PM,9.0
19,CAUCA,19809,TIMBIQUÍ,19809014,CHACÓN (TIMBIQUÍ - CAUCA),2021,5,4.445,1.298,60.0,sábado,2021 May 01 08:00:00 PM,24.0
19,CAUCA,19809,TIMBIQUÍ,19809010,COMUNIDAD DE CHETE (TIMBIQUÍ - CAUCA),2021,5,4.19,1.471,60.0,viernes,2021 May 07 08:00:00 PM,24.0
19,CAUCA,19809,TIMBIQUÍ,19809003,COTEJE (TIMBIQUÍ - CAUCA),2021,5,6.93,4.043,34.0,jueves,2021 May 27 07:15:00 PM,24.0
19,CAUCA,19809,TIMBIQUÍ,19809026,LOS BRAZOS (TIMBIQUÍ - CAUCA),2021,5,4.91,900.0,60.0,jueves,2021 May 13 07:15:00 PM,24.0
19,CAUCA,19809,TIMBIQUÍ,19809023,PUERTO SAIJA (TIMBIQUÍ - CAUCA),2021,5,15.238,5.047,60.0,viernes,2021 May 07 07:00:00 PM,24.0
19,CAUCA,19809,TIMBIQUÍ,19809007,SAN JOSÉ (TIMBIQUÍ - CAUCA),2021,5,7.549,4.853,60.0,martes,2021 May 11 06:30:00 PM,24.0
19,CAUCA,19809,TIMBIQUÍ,19809008,SANTA MARÍA (TIMBIQUÍ - CAUCA),2021,5,14.585,5.922,60.0,viernes,2021 May 28 07:00:00 PM,24.0
27,CHOCÓ,27006,ACANDÍ,27006000,ACANDÍ (ACANDÍ - CHOCÓ),2021,5,604.75,232.018,60.0,miércoles,2021 May 05 07:00:00 PM,24.0
27,CHOCÓ,27006,ACANDÍ,27006003,CAPURGANÁ (ACANDÍ - CHOCO),2021,5,268.997,100.681,60.0,viernes,2021 May 14 09:45:00 PM,24.0
27,CHOCÓ,27006,ACANDÍ,27006007,SAN FRANCISCO (ACANDÍ - CHOCÓ),2021,5,21.171,7.639,60.0,sábado,2021 May 15 06:45:00 PM,24.0
27,CHOCÓ,27025,ALTO BAUDÓ (PIE DE PATO),27025000,CIUDAD BAUDÓ - PIE DE PATO (ALTO BAUDÓ - CHOCÓ),2021,5,47.415,14.585,60.0,martes,2021 May 12 12:00:00 AM,24.0
27,CHOCÓ,27075,BAHÍA SOLANO (MUTIS),27075000,CIUDAD MUTIS (BAHÍA SOLANO - CHOCÓ),2021,5,687.123,252.377,60.0,miércoles,2021 May 26 07:30:00 PM,24.0
27,CHOCÓ,27075,BAHÍA SOLANO (MUTIS),27075001,CUPICA (BAHÍA SOLANO - CHOCÓ),2021,5,65.489,23.692,60.0,lunes,2021 May 24 07:15:00 PM,24.0
27,CHOCÓ,27075,BAHÍA SOLANO (MUTIS),27075002,EL VALLE (BAHÍA SOLANO - CHOCÓ),2021,5,152.969,64.056,60.0,lunes,2021 May 17 07:30:00 PM,24.0
27,CHOCÓ,27077,BAJO BAUDÓ (PIZARRO),27077905,BUENAVISTA (BAJO BAUDÓ (PIZARRO) - CHOCÓ),2021,5,6.458,1.053,60.0,domingo,2021 May 23 06:15:00 PM,24.0
27,CHOCÓ,27077,BAJO BAUDÓ (PIZARRO),27077000,PIZARRO (BAJO BAUDÓ (PIZARRO) - CHOCÓ),2021,5,203.902,96.357,60.0,jueves,2021 May 20 07:45:00 PM,24.0
27,CHOCÓ,27099,BOJAYÁ (BELLAVISTA),27099000,BELLAVISTA (BOJAYÁ (BELLAVISTA) - CHOCÓ),2021,5,104.812,30.818,60.0,jueves,2021 May 13 07:15:00 PM,24.0
27,CHOCÓ,27099,BOJAYÁ (BELLAVISTA),27099002,LA LOMA DE BOJAYÁ (BOJAYÁ (BELLAVISTA) - CHOCÓ),2021,5,4.754,2.098,60.0,sábado,2021 May 15 09:00:00 PM,24.0
27,CHOCÓ,27099,BOJAYÁ (BELLAVISTA),27099005,NAPIPÍ (BOJAYÁ (BELLAVISTA) - CHOCÓ),2021,5,12.609,3.742,60.0,lunes,2021 May 31 09:30:00 PM,24.0
27,CHOCÓ,27099,BOJAYÁ (BELLAVISTA),27099008,PUERTO CONTO (BOJAYÁ (BELLAVISTA) - CHOCO),2021,5,13.107,3.413,84.0,domingo,2021 May 23 06:15:00 PM,24.0
27,CHOCÓ,27250,EL LITORAL DEL SAN JUAN,27250000,SANTA GENOVEVA DE DOCORDÓ (EL LITORAL DEL SAN JUAN - CHOCÓ),2021,5,70.139,38.52,60.0,martes,2021 May 26 12:30:00 AM,24.0
27,CHOCÓ,27372,JURADÓ,27372000,JURADÓ (JURADÓ - CHOCÓ),2021,5,161.498,73.009,60.0,miércoles,2021 May 19 07:45:00 PM,24.0
27,CHOCÓ,27425,MEDIO ATRATO (BETÉ),27425000,BETÉ (MEDIO ATRATO (BETÉ) - CHOCÓ),2021,5,21.576,10.795,72.0,lunes,2021 May 31 08:00:00 PM,24.0
27,CHOCÓ,27495,NUQUÍ,27495001,ARUSÍ (NUQUÍ - CHOCO),2021,5,11.042,4.901,48.0,jueves,2021 May 27 07:15:00 PM,24.0
27,CHOCÓ,27495,NUQUÍ,27495912,COMUNIDAD INDÍGENA DE PANGUÍ - EL YUCAL (NUQUÍ - CHOCÓ),2021,5,5.29,1.951,60.0,domingo,2021 May 30 04:00:00 PM,24.0
27,CHOCÓ,27495,NUQUÍ,27495000,NUQUÍ (NUQUÍ - CHOCÓ),2021,5,243.203,77.055,60.0,sábado,2021 May 08 07:45:00 PM,24.0
27,CHOCÓ,27495,NUQUÍ,27495011,PUERTO JAGUA (NUQUÍ - CHOCÓ),2021,5,795.0,399.0,60.0,miércoles,2021 May 19 07:00:00 PM,24.0
27,CHOCÓ,27001,QUIBDÓ,27001029,TAGACHI (QUIBDÓ - CHOCÓ),2021,5,9.391,3.091,60.0,domingo,2021 May 10 12:45:00 AM,24.0
27,CHOCÓ,27800,UNGUÍA,27800001,BALBOA (UNGUÍA - CHOCÓ),2021,5,21.339,8.718,60.0,viernes,2021 May 14 08:15:00 PM,24.0
27,CHOCÓ,27800,UNGUÍA,27800005,TITUMATE (UNGUÍA - CHOCÓ),2021,5,17.127,5.084,60.0,miércoles,2021 May 26 07:45:00 PM,24.0
27,CHOCÓ,27800,UNGUÍA,27800000,UNGUÍA (UNGUÍA - CHOCÓ),2021,5,411.243,143.941,60.0,martes,2021 May 11 08:30:00 PM,24.0
94,GUAINÍA,94343,BARRANCOMINAS,94343000,BARRANCOMINAS (BARRANCOMINAS - GUAINÍA),2021,5,51.807,15.993,60.0,viernes,2021 May 28 06:45:00 PM,24.0
94,GUAINÍA,94001,INÍRIDA,94001000,INÍRIDA (INÍRIDA - GUAINÍA),2021,5,10.326,528.498,60.0,viernes,2021 May 21 02:30:00 PM,24.0
95,GUAVIARE,95200,MIRAFLORES,95200000,MIRAFLORES (MIRAFLORES - GUAVIARE),2021,5,74.794,25.564,60.0,jueves,2021 May 20 07:00:00 PM,24.0
47,MAGDALENA,47189,CIÉNAGA,47189018,PALMOR (CIÉNAGA - MAGDALENA),2021,5,92.113,33.292,60.0,sábado,2021 May 22 10:30:00 PM,24.0
50,META,50325,MAPIRIPÁN,50325000,MAPIRIPÁN (MAPIRIPÁN - META),2021,5,146.793,58.974,308.0,jueves,2021 May 20 06:45:00 PM,24.0
52,NARIÑO,52250,EL CHARCO,52250023,BAZÁN (EL CHARCO - NARIÑO),2021,5,18.944,8.303,96.0,jueves,2021 May 20 08:00:00 PM,24.0
52,NARIÑO,52250,EL CHARCO,52250003,BOLÍVAR - SAN PEDRO (EL CHARCO - NARIÑO),2021,5,4.217,3.171,60.0,martes,2021 May 25 06:45:00 PM,7.0
52,NARIÑO,52250,EL CHARCO,52250007,SAN JOSÉ DEL TAPAJE (EL CHARCO - NARIÑO),2021,5,13.298,3.176,80.0,lunes,2021 May 31 07:30:00 PM,24.0
52,NARIÑO,52390,LA TOLA,52390005,AGUACATAL (LA TOLA - NARIÑO),2021,5,2.14,455.0,60.0,martes,2021 May 18 06:15:00 PM,24.0
52,NARIÑO,52390,LA TOLA,52390013,AMÁRALES (LA TOLA - NARIÑO),2021,5,9.668,2.976,60.0,martes,2021 May 25 08:30:00 PM,24.0
52,NARIÑO,52390,LA TOLA,52390003,LA VIGÍA DE LA MAR (LA TOLA - NARIÑO),2021,5,6.076,3.261,31.0,domingo,2021 May 31 12:45:00 AM,24.0
52,NARIÑO,52390,LA TOLA,52390009,MULATOS (LA TOLA - NARIÑO),2021,5,4.295,2.401,60.0,lunes,2021 May 10 06:30:00 PM,24.0
52,NARIÑO,52390,LA TOLA,52390016,SAN PABLO DEL MAR (LA TOLA - NARIÑO),2021,5,4.918,1.494,60.0,martes,2021 May 25 06:45:00 PM,24.0
52,NARIÑO,52835,SAN ANDRÉS DE TUMACO,52835016,PITAL DE LA COSTA (TUMACO - NARIÑO),2021,5,19.821,11.634,96.0,martes,2021 May 11 07:00:00 PM,24.0
52,NARIÑO,52835,SAN ANDRÉS DE TUMACO,52835212,PUEBLO NUEVO (TABLÓN SALADO) (TUMACO - NARIÑO),2021,5,2.842,1.022,60.0,sábado,2021 May 29 06:15:00 PM,24.0
52,NARIÑO,52835,SAN ANDRÉS DE TUMACO,52835217,SAN JUAN DE LA COSTA (SAN ANDRÉS DE TUMACO - NARIÑO),2021,5,18.638,6.634,60.0,miércoles,2021 May 26 07:00:00 PM,24.0
52,NARIÑO,52835,SAN ANDRÉS DE TUMACO,52835091,SANTA ROSA (TUMACO - NARIÑO),2021,5,3.795,1.466,60.0,miércoles,2021 May 05 06:15:00 PM,24.0
52,NARIÑO,52696,SANTA BÁRBARA (ISCUANDÉ),52696022,SECADERO (SANTA BÁRBARA (ISCUANDÉ) - NARIÑO),2021,5,2.719,1.876,60.0,miércoles,2021 May 26 06:45:00 PM,24.0
86,PUTUMAYO,86573,PUERTO LEGUÍZAMO,86573009,PIÑUÑA NEGRO (PUERTO LEGUÍZAMO - PUTUMAYO),2021,5,4.428,2.394,60.0,domingo,2021 May 16 08:00:00 PM,24.0
76,VALLE DEL CAUCA,76109,BUENAVENTURA,76109032,SAN FRANCISCO NAYA (BUENAVENTURA - VALLE DEL CAUCA),2021,5,5.578,2.264,60.0,martes,2021 May 25 11:30:00 PM,8.0
97,VAUPÉS,97161,CARURÚ,97161000,CARURÚ (CARURÚ - VAUPÉS),2021,5,20.423,5.268,60.0,miércoles,2021 May 19 06:45:00 PM,24.0
97,VAUPÉS,97001,MITÚ,97001000,MITÚ (MITÚ - VAUPÉS),2021,5,10.326,375.515,60.0,miércoles,2021 May 06 12:00:00 AM,24.0
97,VAUPÉS,97666,TARAIRA,97666000,TARAIRA (TARAIRA - VAUPÉS),2021,5,29.461,9.16,60.0,lunes,2021 May 25 12:45:00 AM,24.0
99,VICHADA,99773,CUMARIBO,99773000,CUMARIBO (CUMARIBO - VICHADA),2021,5,299.048,130.192,638.0,viernes,2021 May 21 02:45:00 PM,24.0
99,VICHADA,99524,LA PRIMAVERA,99524000,LA PRIMAVERA (LA PRIMAVERA - VICHADA),2021,5,346.303,160.982,60.0,miércoles,2021 May 05 06:30:00 PM,24.0
99,VICHADA,99001,PUERTO CARREÑO,99001002,CASUARITO (PUERTO CARREÑO - VICHADA),2021,5,23.418,8.498,60.0,sábado,2021 May 22 06:30:00 PM,24.0
99,VICHADA,99001,PUERTO CARREÑO,99001000,PUERTO CARREÑO (PUERTO CARREÑO - VICHADA),2021,5,10.326,769.016,60.0,viernes,2021 May 21 02:15:00 PM,24.0
99,VICHADA,99624,SANTA ROSALÍA,99624000,SANTA ROSALÍA (SANTA ROSALÍA - VICHADA),2021,5,133.752,68.289,60.0,miércoles,2021 May 26 07:00:00 PM,24.0
91,AMAZONAS,91001,LETICIA,91001000,LETICIA (LETICIA - AMAZONAS),2021,6,10.326,8.475,60.0,jueves,2021 Jun 10 02:45:00 PM,24.0
91,AMAZONAS,91540,PUERTO NARIÑO,91540000,PUERTO NARIÑO (PUERTO NARIÑO - AMAZONAS),2021,6,100.352,34.091,60.0,jueves,2021 Jun 03 06:30:00 PM,24.0
91,AMAZONAS,91798,TARAPACÁ (ANM),91798000,TARAPACÁ (TARAPACÁ (ANM) - AMAZONAS),2021,6,22.248,9.635,60.0,jueves,2021 Jun 17 03:15:00 PM,24.0
5,ANTIOQUIA,5873,VIGÍA DEL FUERTE,5873002,VEGÁEZ (VIGÍA DEL FUERTE - ANTIOQUIA),2021,6,4.629,305.0,60.0,viernes,2021 Jun 18 05:30:00 PM,24.0
5,ANTIOQUIA,5873,VIGÍA DEL FUERTE,5873000,VIGÍA DEL FUERTE (VIGÍA DEL FUERTE - ANTIOQUIA),2021,6,114.198,50.553,60.0,domingo,2021 Jun 06 07:30:00 PM,14.0
88,"ARCHIPIÉLAGO DE SAN ANDRÉS, PROVIDENCIA Y SANTA CATALINA",88001,SAN ANDRÉS,88001000,SAN ANDRÉS (SAN ANDRÉS - ARCHIPIÉLAGO DE SAN ANDRÉS Y PROVIDENCIA),2021,6,10.326,8.475,60.0,jueves,2021 Jun 17 03:45:00 PM,24.0
13,BOLÍVAR,13001,CARTAGENA DE INDIAS,13001007,ISLA FUERTE (CARTAGENA DE INDIAS - BOLÍVAR),2021,6,27.979,15.039,60.0,sábado,2021 Jun 19 09:00:00 PM,24.0
13,BOLÍVAR,13001,CARTAGENA DE INDIAS,13001037,ISLA MÚCURA (CARTAGENA DE INDIAS - BOLÍVAR),2021,6,6.701,2.324,60.0,lunes,2021 Jun 07 02:45:00 PM,24.0
13,BOLÍVAR,13001,CARTAGENA DE INDIAS,13001017,SANTA CRUZ DEL ISLOTE (CARTAGENA DE INDIAS - BOLÍVAR),2021,6,18.743,6.651,60.0,martes,2021 Jun 29 10:15:00 PM,24.0
18,CAQUETÁ,18150,CARTAGENA DEL CHAIRÁ,18150001,REMOLINO DEL CAGUÁN (CARTAGENA DEL CHAIRA - CAQUETÁ),2021,6,14.606,6.595,60.0,sábado,2021 Jun 19 06:45:00 PM,24.0
18,CAQUETÁ,18753,SAN VICENTE DEL CAGUÁN,18753002,GUACAMAYAS (SAN VICENTE DEL CAGUÁN - CAQUETÁ),2021,6,1.137,455.0,60.0,jueves,2021 Jun 03 07:15:00 PM,24.0
18,CAQUETÁ,18753,SAN VICENTE DEL CAGUÁN,18753015,GUAYABAL (SAN VICENTE DEL CAGUÁN - CAQUETÁ),2021,6,5.187,2.622,60.0,domingo,2021 Jun 07 12:00:00 AM,24.0
18,CAQUETÁ,18753,SAN VICENTE DEL CAGUÁN,18753009,PUERTO BETANIA (SAN VICENTE DEL CAGUÁN - CAQUETÁ),2021,6,5.144,1.989,60.0,sábado,2021 Jun 05 07:00:00 PM,24.0
85,CASANARE,85430,TRINIDAD,85430001,BOCAS DEL PAUTO (TRINIDAD - CASANARE),2021,6,12.348,7.301,60.0,miércoles,2021 Jun 09 06:45:00 PM,24.0
19,CAUCA,19318,GUAPI,19318008,LIMONES (GUAPI - CAUCA),2021,6,8.067,3.358,60.0,viernes,2021 Jun 25 04:30:00 PM,24.0
19,CAUCA,19318,GUAPI,19318013,SAN ANTONIO DE GUAJUÍ (GUAPI - CAUCA),2021,6,11.594,5.021,60.0,sábado,2021 Jun 12 07:30:00 PM,24.0
19,CAUCA,19418,LÓPEZ DE MICAY,19418024,BETANIA - NAYA (LÓPEZ (MICAY) - CAUCA),2021,6,6.346,2.215,60.0,sábado,2021 Jun 26 07:45:00 PM,24.0
19,CAUCA,19418,LÓPEZ DE MICAY,19418033,BOCA GRANDE (LÓPEZ (MICAY) - CAUCA),2021,6,4.352,855.0,60.0,lunes,2021 Jun 21 06:45:00 PM,24.0
19,CAUCA,19418,LÓPEZ DE MICAY,19418038,ISLA DE GALLO (LÓPEZ DE MICAY - CAUCA),2021,6,3.59,1.456,60.0,sábado,2021 Jun 26 06:30:00 PM,24.0
19,CAUCA,19418,LÓPEZ DE MICAY,19418009,NOANAMITO (LÓPEZ DE MICAY - CAUCA),2021,6,7.106,2.037,40.0,sábado,2021 Jun 26 07:00:00 PM,24.0
19,CAUCA,19418,LÓPEZ DE MICAY,19418015,SAN ISIDRO (LÓPEZ DE MICAY - CAUCA),2021,6,846.0,316.0,60.0,viernes,2021 Jun 04 06:15:00 PM,24.0
19,CAUCA,19418,LÓPEZ DE MICAY,19418019,ZARAGOZA (LOPEZ DE MICAY - CAUCA),2021,6,11.364,5.167,60.0,viernes,2021 Jun 25 06:45:00 PM,24.0
19,CAUCA,19809,TIMBIQUÍ,19809014,CHACÓN (TIMBIQUÍ - CAUCA),2021,6,4.179,1.136,60.0,lunes,2021 Jun 28 08:00:00 PM,24.0
19,CAUCA,19809,TIMBIQUÍ,19809010,COMUNIDAD DE CHETE (TIMBIQUÍ - CAUCA),2021,6,4.504,1.712,60.0,jueves,2021 Jun 03 07:15:00 PM,24.0
19,CAUCA,19809,TIMBIQUÍ,19809003,COTEJE (TIMBIQUÍ - CAUCA),2021,6,7.137,4.191,60.0,miércoles,2021 Jun 30 07:00:00 PM,24.0
19,CAUCA,19809,TIMBIQUÍ,19809026,LOS BRAZOS (TIMBIQUÍ - CAUCA),2021,6,3.521,682.0,60.0,sábado,2021 Jun 05 07:45:00 PM,24.0
19,CAUCA,19809,TIMBIQUÍ,19809023,PUERTO SAIJA (TIMBIQUÍ - CAUCA),2021,6,15.392,5.516,60.0,domingo,2021 Jun 13 08:15:00 PM,24.0
19,CAUCA,19809,TIMBIQUÍ,19809007,SAN JOSÉ (TIMBIQUÍ - CAUCA),2021,6,7.047,4.288,60.0,domingo,2021 Jun 20 06:45:00 PM,24.0
19,CAUCA,19809,TIMBIQUÍ,19809008,SANTA MARÍA (TIMBIQUÍ - CAUCA),2021,6,10.462,4.312,60.0,sábado,2021 Jun 19 07:45:00 PM,24.0
27,CHOCÓ,27006,ACANDÍ,27006000,ACANDÍ (ACANDÍ - CHOCÓ),2021,6,553.208,210.812,60.0,martes,2021 Jun 29 08:00:00 PM,24.0
27,CHOCÓ,27006,ACANDÍ,27006003,CAPURGANÁ (ACANDÍ - CHOCO),2021,6,282.317,98.813,60.0,domingo,2021 Jun 13 10:15:00 PM,24.0
27,CHOCÓ,27006,ACANDÍ,27006007,SAN FRANCISCO (ACANDÍ - CHOCÓ),2021,6,20.512,7.599,60.0,sábado,2021 Jun 12 07:30:00 PM,24.0
27,CHOCÓ,27025,ALTO BAUDÓ (PIE DE PATO),27025000,CIUDAD BAUDÓ - PIE DE PATO (ALTO BAUDÓ - CHOCÓ),2021,6,46.537,14.67,60.0,lunes,2021 Jun 28 07:30:00 PM,24.0
27,CHOCÓ,27075,BAHÍA SOLANO (MUTIS),27075000,CIUDAD MUTIS (BAHÍA SOLANO - CHOCÓ),2021,6,638.399,234.941,60.0,jueves,2021 Jun 10 07:00:00 PM,24.0
27,CHOCÓ,27075,BAHÍA SOLANO (MUTIS),27075001,CUPICA (BAHÍA SOLANO - CHOCÓ),2021,6,56.613,20.817,60.0,jueves,2021 Jun 24 07:45:00 PM,24.0
27,CHOCÓ,27075,BAHÍA SOLANO (MUTIS),27075002,EL VALLE (BAHÍA SOLANO - CHOCÓ),2021,6,148.007,60.77,60.0,martes,2021 Jun 08 07:15:00 PM,24.0
27,CHOCÓ,27077,BAJO BAUDÓ (PIZARRO),27077905,BUENAVISTA (BAJO BAUDÓ (PIZARRO) - CHOCÓ),2021,6,5.274,863.0,60.0,sábado,2021 Jun 19 07:00:00 PM,24.0
27,CHOCÓ,27077,BAJO BAUDÓ (PIZARRO),27077000,PIZARRO (BAJO BAUDÓ (PIZARRO) - CHOCÓ),2021,6,192.293,92.453,60.0,jueves,2021 Jun 03 07:15:00 PM,24.0
27,CHOCÓ,27099,BOJAYÁ (BELLAVISTA),27099000,BELLAVISTA (BOJAYÁ (BELLAVISTA) - CHOCÓ),2021,6,89.218,26.542,60.0,martes,2021 Jun 29 07:30:00 PM,24.0
27,CHOCÓ,27099,BOJAYÁ (BELLAVISTA),27099002,LA LOMA DE BOJAYÁ (BOJAYÁ (BELLAVISTA) - CHOCÓ),2021,6,12.198,5.787,60.0,martes,2021 Jun 01 02:15:00 PM,24.0
27,CHOCÓ,27099,BOJAYÁ (BELLAVISTA),27099005,NAPIPÍ (BOJAYÁ (BELLAVISTA) - CHOCÓ),2021,6,11.897,3.596,60.0,miércoles,2021 Jun 30 08:45:00 PM,24.0
91,AMAZONAS,91540,PUERTO NARIÑO,91540000,PUERTO NARIÑO,2025,12,138.439,42.399,2.784,miércoles,2025 Dec 10 06:30:00 PM,2.306
27,CHOCÓ,27099,BOJAYÁ (BELLAVISTA),27099008,PUERTO CONTO (BOJAYÁ (BELLAVISTA) - CHOCO),2021,6,13.748,3.748,60.0,sábado,2021 Jun 19 07:30:00 PM,24.0
27,CHOCÓ,27250,EL LITORAL DEL SAN JUAN,27250000,SANTA GENOVEVA DE DOCORDÓ (EL LITORAL DEL SAN JUAN - CHOCÓ),2021,6,71.708,39.399,60.0,sábado,2021 Jun 19 11:30:00 PM,24.0
27,CHOCÓ,27372,JURADÓ,27372000,JURADÓ (JURADÓ - CHOCÓ),2021,6,150.303,68.54,60.0,lunes,2021 Jun 28 07:30:00 PM,24.0
27,CHOCÓ,27425,MEDIO ATRATO (BETÉ),27425000,BETÉ (MEDIO ATRATO (BETÉ) - CHOCÓ),2021,6,19.853,10.197,76.0,sábado,2021 Jun 12 08:00:00 PM,24.0
27,CHOCÓ,27495,NUQUÍ,27495001,ARUSÍ (NUQUÍ - CHOCO),2021,6,10.799,5.055,48.0,martes,2021 Jun 29 07:15:00 PM,24.0
27,CHOCÓ,27495,NUQUÍ,27495912,COMUNIDAD INDÍGENA DE PANGUÍ - EL YUCAL (NUQUÍ - CHOCÓ),2021,6,7.572,2.492,60.0,lunes,2021 Jun 29 12:45:00 AM,24.0
27,CHOCÓ,27495,NUQUÍ,27495000,NUQUÍ (NUQUÍ - CHOCÓ),2021,6,229.898,69.451,60.0,martes,2021 Jun 29 07:30:00 PM,24.0
27,CHOCÓ,27495,NUQUÍ,27495011,PUERTO JAGUA (NUQUÍ - CHOCÓ),2021,6,919.0,389.0,60.0,martes,2021 Jun 15 07:45:00 PM,24.0
27,CHOCÓ,27001,QUIBDÓ,27001029,TAGACHI (QUIBDÓ - CHOCÓ),2021,6,8.794,3.002,60.0,sábado,2021 Jun 12 01:15:00 PM,24.0
27,CHOCÓ,27800,UNGUÍA,27800001,BALBOA (UNGUÍA - CHOCÓ),2021,6,20.048,8.075,60.0,sábado,2021 Jun 05 06:45:00 PM,24.0
27,CHOCÓ,27800,UNGUÍA,27800005,TITUMATE (UNGUÍA - CHOCÓ),2021,6,15.235,4.545,60.0,sábado,2021 Jun 19 09:45:00 PM,24.0
27,CHOCÓ,27800,UNGUÍA,27800000,UNGUÍA (UNGUÍA - CHOCÓ),2021,6,375.976,132.286,60.0,miércoles,2021 Jun 16 08:00:00 PM,24.0
91,AMAZONAS,91001,LETICIA,91001000,LETICIA (LETICIA - AMAZONAS),2021,7,10.326,8.475,60.0,viernes,2021 Jul 23 02:30:00 PM,24.0
91,AMAZONAS,91540,PUERTO NARIÑO,91540000,PUERTO NARIÑO (PUERTO NARIÑO - AMAZONAS),2021,7,101.229,35.227,60.0,viernes,2021 Jul 09 07:00:00 PM,24.0
91,AMAZONAS,91798,TARAPACÁ (ANM),91798000,TARAPACÁ (TARAPACÁ (ANM) - AMAZONAS),2021,7,22.753,10.194,60.0,viernes,2021 Jul 23 07:30:00 PM,24.0
5,ANTIOQUIA,5873,VIGÍA DEL FUERTE,5873002,VEGÁEZ (VIGÍA DEL FUERTE - ANTIOQUIA),2021,7,5.563,339.0,60.0,miércoles,2021 Jul 07 07:15:00 PM,24.0
5,ANTIOQUIA,5873,VIGÍA DEL FUERTE,5873000,VIGÍA DEL FUERTE (VIGÍA DEL FUERTE - ANTIOQUIA),2021,7,107.662,47.536,60.0,miércoles,2021 Jul 07 07:15:00 PM,24.0
88,"ARCHIPIÉLAGO DE SAN ANDRÉS, PROVIDENCIA Y SANTA CATALINA",88001,SAN ANDRÉS,88001000,SAN ANDRÉS (SAN ANDRÉS - ARCHIPIÉLAGO DE SAN ANDRÉS Y PROVIDENCIA),2021,7,10.326,8.475,60.0,lunes,2021 Jul 19 03:45:00 PM,24.0
13,BOLÍVAR,13001,CARTAGENA DE INDIAS,13001007,ISLA FUERTE (CARTAGENA DE INDIAS - BOLÍVAR),2021,7,28.819,15.362,60.0,sábado,2021 Jul 17 10:45:00 PM,24.0
13,BOLÍVAR,13001,CARTAGENA DE INDIAS,13001037,ISLA MÚCURA (CARTAGENA DE INDIAS - BOLÍVAR),2021,7,6.984,2.342,60.0,domingo,2021 Jul 04 02:15:00 PM,24.0
13,BOLÍVAR,13001,CARTAGENA DE INDIAS,13001017,SANTA CRUZ DEL ISLOTE (CARTAGENA DE INDIAS - BOLÍVAR),2021,7,20.586,7.161,60.0,martes,2021 Jul 13 10:30:00 PM,24.0
18,CAQUETÁ,18150,CARTAGENA DEL CHAIRÁ,18150001,REMOLINO DEL CAGUÁN (CARTAGENA DEL CHAIRA - CAQUETÁ),2021,7,15.208,6.995,60.0,sábado,2021 Jul 17 06:30:00 PM,9.0
18,CAQUETÁ,18753,SAN VICENTE DEL CAGUÁN,18753002,GUACAMAYAS (SAN VICENTE DEL CAGUÁN - CAQUETÁ),2021,7,10.049,5.073,60.0,sábado,2021 Jul 24 07:15:00 PM,24.0
18,CAQUETÁ,18753,SAN VICENTE DEL CAGUÁN,18753015,GUAYABAL (SAN VICENTE DEL CAGUÁN - CAQUETÁ),2021,7,5.762,2.817,60.0,sábado,2021 Jul 10 12:15:00 AM,24.0
18,CAQUETÁ,18753,SAN VICENTE DEL CAGUÁN,18753009,PUERTO BETANIA (SAN VICENTE DEL CAGUÁN - CAQUETÁ),2021,7,5.23,2.088,60.0,jueves,2021 Jul 08 07:30:00 PM,24.0
85,CASANARE,85430,TRINIDAD,85430001,BOCAS DEL PAUTO (TRINIDAD - CASANARE),2021,7,12.206,6.91,60.0,sábado,2021 Jul 17 07:00:00 PM,24.0
19,CAUCA,19318,GUAPI,19318008,LIMONES (GUAPI - CAUCA),2021,7,8.397,3.349,60.0,viernes,2021 Jul 02 07:00:00 PM,24.0
19,CAUCA,19318,GUAPI,19318013,SAN ANTONIO DE GUAJUÍ (GUAPI - CAUCA),2021,7,11.919,5.301,60.0,miércoles,2021 Jul 21 07:00:00 PM,24.0
19,CAUCA,19418,LÓPEZ DE MICAY,19418024,BETANIA - NAYA (LÓPEZ (MICAY) - CAUCA),2021,7,5.777,2.059,60.0,domingo,2021 Jul 25 07:00:00 PM,24.0
19,CAUCA,19418,LÓPEZ DE MICAY,19418033,BOCA GRANDE (LÓPEZ (MICAY) - CAUCA),2021,7,4.135,854.0,60.0,martes,2021 Jul 06 07:15:00 PM,24.0
19,CAUCA,19418,LÓPEZ DE MICAY,19418038,ISLA DE GALLO (LÓPEZ DE MICAY - CAUCA),2021,7,3.92,1.615,60.0,viernes,2021 Jul 30 07:00:00 PM,24.0
19,CAUCA,19418,LÓPEZ DE MICAY,19418007,LA CONCHA - CONCEPCIÓN NAYA (LOPEZ (MICAY) - CAUCA),2021,7,1.034,247.0,60.0,sábado,2021 Jul 31 06:15:00 PM,24.0
19,CAUCA,19418,LÓPEZ DE MICAY,19418009,NOANAMITO (LÓPEZ DE MICAY - CAUCA),2021,7,7.66,2.416,40.0,sábado,2021 Jul 31 09:00:00 PM,24.0
19,CAUCA,19418,LÓPEZ DE MICAY,19418012,SAN ANTONIO DE CHUARÉ (LÓPEZ DE MICAY - CAUCA),2021,7,7.44,2.566,60.0,domingo,2021 Jul 25 07:30:00 PM,24.0
19,CAUCA,19418,LÓPEZ DE MICAY,19418015,SAN ISIDRO (LÓPEZ DE MICAY - CAUCA),2021,7,897.0,334.0,60.0,sábado,2021 Jul 31 05:30:00 PM,24.0
19,CAUCA,19418,LÓPEZ DE MICAY,19418019,ZARAGOZA (LOPEZ DE MICAY - CAUCA),2021,7,9.865,4.618,60.0,viernes,2021 Jul 23 08:30:00 PM,24.0
19,CAUCA,19809,TIMBIQUÍ,19809010,COMUNIDAD DE CHETE (TIMBIQUÍ - CAUCA),2021,7,5.521,2.254,60.0,jueves,2021 Jul 15 08:30:00 PM,24.0
19,CAUCA,19809,TIMBIQUÍ,19809003,COTEJE (TIMBIQUÍ - CAUCA),2021,7,7.378,4.256,60.0,sábado,2021 Jul 10 07:30:00 PM,24.0
19,CAUCA,19809,TIMBIQUÍ,19809026,LOS BRAZOS (TIMBIQUÍ - CAUCA),2021,7,8.936,1.727,60.0,sábado,2021 Jul 17 07:30:00 PM,24.0
19,CAUCA,19809,TIMBIQUÍ,19809023,PUERTO SAIJA (TIMBIQUÍ - CAUCA),2021,7,26.959,9.298,60.0,miércoles,2021 Jul 28 07:15:00 PM,24.0
19,CAUCA,19809,TIMBIQUÍ,19809007,SAN JOSÉ (TIMBIQUÍ - CAUCA),2021,7,7.033,4.386,60.0,martes,2021 Jul 27 07:45:00 PM,24.0
19,CAUCA,19809,TIMBIQUÍ,19809008,SANTA MARÍA (TIMBIQUÍ - CAUCA),2021,7,15.828,6.815,60.0,jueves,2021 Jul 15 09:00:00 PM,24.0
19,CAUCA,19809,TIMBIQUÍ,19809009,SANTA ROSA DE SAIJA (TIMBIQUÍ - CAUCA),2021,7,4.556,2.748,60.0,martes,2021 Jul 13 07:00:00 PM,24.0
27,CHOCÓ,27006,ACANDÍ,27006000,ACANDÍ (ACANDÍ - CHOCÓ),2021,7,514.513,198.418,60.0,viernes,2021 Jul 23 07:45:00 PM,24.0
27,CHOCÓ,27006,ACANDÍ,27006003,CAPURGANÁ (ACANDÍ - CHOCO),2021,7,337.622,128.121,60.0,domingo,2021 Jul 04 08:00:00 PM,24.0
27,CHOCÓ,27006,ACANDÍ,27006007,SAN FRANCISCO (ACANDÍ - CHOCÓ),2021,7,24.539,8.898,60.0,lunes,2021 Jul 19 07:45:00 PM,24.0
27,CHOCÓ,27025,ALTO BAUDÓ (PIE DE PATO),27025000,CIUDAD BAUDÓ - PIE DE PATO (ALTO BAUDÓ - CHOCÓ),2021,7,49.047,14.855,60.0,lunes,2021 Jul 19 12:00:00 AM,24.0
27,CHOCÓ,27075,BAHÍA SOLANO (MUTIS),27075000,CIUDAD MUTIS (BAHÍA SOLANO - CHOCÓ),2021,7,674.516,236.268,60.0,jueves,2021 Jul 22 07:45:00 PM,24.0
27,CHOCÓ,27075,BAHÍA SOLANO (MUTIS),27075001,CUPICA (BAHÍA SOLANO - CHOCÓ),2021,7,59.119,20.817,60.0,lunes,2021 Jul 12 07:30:00 PM,24.0
27,CHOCÓ,27075,BAHÍA SOLANO (MUTIS),27075002,EL VALLE (BAHÍA SOLANO - CHOCÓ),2021,7,159.362,65.978,60.0,jueves,2021 Jul 22 07:30:00 PM,24.0
27,CHOCÓ,27077,BAJO BAUDÓ (PIZARRO),27077011,PILIZA (BAJO BAUDÓ (PIZARRO) - CHOCÓ),2021,7,5.959,5.988,60.0,viernes,2021 Jul 02 07:00:00 PM,24.0
27,CHOCÓ,27077,BAJO BAUDÓ (PIZARRO),27077000,PIZARRO (BAJO BAUDÓ (PIZARRO) - CHOCÓ),2021,7,206.504,102.075,60.0,martes,2021 Jul 06 07:15:00 PM,24.0
27,CHOCÓ,27099,BOJAYÁ (BELLAVISTA),27099000,BELLAVISTA (BOJAYÁ (BELLAVISTA) - CHOCÓ),2021,7,84.736,24.667,60.0,lunes,2021 Jul 05 07:00:00 PM,24.0
27,CHOCÓ,27099,BOJAYÁ (BELLAVISTA),27099002,LA LOMA DE BOJAYÁ (BOJAYÁ (BELLAVISTA) - CHOCÓ),2021,7,11.242,5.062,64.0,jueves,2021 Jul 08 07:30:00 PM,24.0
27,CHOCÓ,27099,BOJAYÁ (BELLAVISTA),27099005,NAPIPÍ (BOJAYÁ (BELLAVISTA) - CHOCÓ),2021,7,10.215,3.108,64.0,viernes,2021 Jul 09 07:30:00 PM,24.0
27,CHOCÓ,27099,BOJAYÁ (BELLAVISTA),27099008,PUERTO CONTO (BOJAYÁ (BELLAVISTA) - CHOCO),2021,7,9.421,2.585,60.0,jueves,2021 Jul 22 07:15:00 PM,24.0
27,CHOCÓ,27250,EL LITORAL DEL SAN JUAN,27250000,SANTA GENOVEVA DE DOCORDÓ (EL LITORAL DEL SAN JUAN - CHOCÓ),2021,7,70.378,39.934,60.0,viernes,2021 Jul 16 01:30:00 PM,24.0
27,CHOCÓ,27372,JURADÓ,27372000,JURADÓ (JURADÓ - CHOCÓ),2021,7,161.638,74.315,60.0,miércoles,2021 Jul 07 07:45:00 PM,24.0
27,CHOCÓ,27425,MEDIO ATRATO (BETÉ),27425000,BETÉ (MEDIO ATRATO (BETÉ) - CHOCÓ),2021,7,20.289,10.538,84.0,miércoles,2021 Jul 21 07:45:00 PM,24.0
27,CHOCÓ,27425,MEDIO ATRATO (BETÉ),27425008,SAN ROQUE (MEDIO ATRATO (BETÉ) - CHOCÓ),2021,7,3.181,889.0,60.0,jueves,2021 Jul 15 07:15:00 PM,24.0
27,CHOCÓ,27495,NUQUÍ,27495001,ARUSÍ (NUQUÍ - CHOCO),2021,7,10.999,5.376,48.0,viernes,2021 Jul 09 08:00:00 PM,24.0
27,CHOCÓ,27495,NUQUÍ,27495912,COMUNIDAD INDÍGENA DE PANGUÍ - EL YUCAL (NUQUÍ - CHOCÓ),2021,7,7.175,2.445,60.0,sábado,2021 Jul 24 05:45:00 PM,24.0
27,CHOCÓ,27495,NUQUÍ,27495000,NUQUÍ (NUQUÍ - CHOCÓ),2021,7,250.756,76.581,60.0,jueves,2021 Jul 15 07:45:00 PM,24.0
27,CHOCÓ,27495,NUQUÍ,27495011,PUERTO JAGUA (NUQUÍ - CHOCÓ),2021,7,426.0,75.0,60.0,jueves,2021 Jul 01 09:00:00 PM,24.0
27,CHOCÓ,27001,QUIBDÓ,27001029,TAGACHI (QUIBDÓ - CHOCÓ),2021,7,8.633,2.975,60.0,lunes,2021 Jul 26 01:15:00 PM,24.0
27,CHOCÓ,27800,UNGUÍA,27800001,BALBOA (UNGUÍA - CHOCÓ),2021,7,21.354,8.561,60.0,sábado,2021 Jul 17 07:45:00 PM,24.0
27,CHOCÓ,27800,UNGUÍA,27800005,TITUMATE (UNGUÍA - CHOCÓ),2021,7,18.246,5.516,60.0,miércoles,2021 Jul 07 08:30:00 PM,24.0
27,CHOCÓ,27800,UNGUÍA,27800000,UNGUÍA (UNGUÍA - CHOCÓ),2021,7,426.751,151.03,60.0,lunes,2021 Jul 19 08:30:00 PM,24.0
94,GUAINÍA,94343,BARRANCOMINAS,94343000,BARRANCOMINAS (BARRANCOMINAS - GUAINÍA),2021,7,53.463,17.307,60.0,miércoles,2021 Jul 21 07:00:00 PM,24.0
94,GUAINÍA,94001,INÍRIDA,94001000,INÍRIDA (INÍRIDA - GUAINÍA),2021,7,10.326,517.74,60.0,jueves,2021 Jul 29 02:45:00 PM,24.0
95,GUAVIARE,95200,MIRAFLORES,95200000,MIRAFLORES (MIRAFLORES - GUAVIARE),2021,7,72.315,24.881,60.0,viernes,2021 Jul 23 06:46:00 PM,24.0
47,MAGDALENA,47189,CIÉNAGA,47189018,PALMOR (CIÉNAGA - MAGDALENA),2021,7,80.159,30.431,60.0,domingo,2021 Jul 04 12:45:00 AM,24.0
50,META,50325,MAPIRIPÁN,50325000,MAPIRIPÁN (MAPIRIPÁN - META),2021,7,149.997,59.258,60.0,miércoles,2021 Jul 28 06:45:00 PM,24.0
52,NARIÑO,52250,EL CHARCO,52250016,ALTERÓN (URIBE URIBE) (EL CHARCO - NARIÑO),2021,7,1.321,238.0,60.0,martes,2021 Jul 27 06:45:00 PM,24.0
52,NARIÑO,52250,EL CHARCO,52250023,BAZÁN (EL CHARCO - NARIÑO),2021,7,18.182,8.786,60.0,viernes,2021 Jul 30 08:15:00 PM,24.0
52,NARIÑO,52250,EL CHARCO,52250003,BOLÍVAR - SAN PEDRO (EL CHARCO - NARIÑO),2021,7,3.677,2.501,60.0,jueves,2021 Jul 15 07:15:00 PM,24.0
52,NARIÑO,52250,EL CHARCO,52250022,EL CUIL PUEBLO NUEVO (EL CHARCO - NARIÑO),2021,7,5.563,7.257,60.0,viernes,2021 Jul 09 07:30:00 PM,24.0
52,NARIÑO,52250,EL CHARCO,52250005,LAS MERCEDES (EL CHARCO - NARIÑO),2021,7,1.921,805.0,60.0,sábado,2021 Jul 10 07:00:00 PM,24.0
52,NARIÑO,52250,EL CHARCO,52250007,SAN JOSÉ DEL TAPAJE (EL CHARCO - NARIÑO),2021,7,16.244,4.164,80.0,sábado,2021 Jul 31 09:15:00 PM,24.0
52,NARIÑO,52520,FRANCISCO PIZARRO,52520013,SAN PEDRO DEL VINO (FRANCISCO PIZARRO - NARIÑO),2021,7,4.411,2.141,60.0,sábado,2021 Jul 10 07:15:00 PM,24.0
52,NARIÑO,52390,LA TOLA,52390005,AGUACATAL (LA TOLA - NARIÑO),2021,7,2.053,424.0,60.0,jueves,2021 Jul 15 06:45:00 PM,24.0
52,NARIÑO,52390,LA TOLA,52390013,AMÁRALES (LA TOLA - NARIÑO),2021,7,7.561,2.063,60.0,miércoles,2021 Jul 21 08:00:00 PM,24.0
52,NARIÑO,52390,LA TOLA,52390003,LA VIGÍA DE LA MAR (LA TOLA - NARIÑO),2021,7,6.297,2.533,60.0,sábado,2021 Jul 03 12:30:00 AM,24.0
52,NARIÑO,52390,LA TOLA,52390009,MULATOS (LA TOLA - NARIÑO),2021,7,4.832,3.888,60.0,miércoles,2021 Jul 21 07:15:00 PM,24.0
52,NARIÑO,52390,LA TOLA,52390016,SAN PABLO DEL MAR (LA TOLA - NARIÑO),2021,7,5.049,1.511,60.0,jueves,2021 Jul 08 06:45:00 PM,24.0
52,NARIÑO,52473,MOSQUERA,52473010,EL BAJITO DE ECHANDÍA (MOSQUERA - NARIÑO),2021,7,3.705,821.0,60.0,jueves,2021 Jul 08 06:30:00 PM,24.0
52,NARIÑO,52490,OLAYA HERRERA,52490913,BOCA DE PRIETA (OLAYA HERRERA - NARIÑO),2021,7,3.654,996.0,60.0,viernes,2021 Jul 16 07:45:00 PM,24.0
52,NARIÑO,52835,SAN ANDRÉS DE TUMACO,52835055,BOCAS DE CURAY (TUMACO - NARIÑO),2021,7,8.487,2.807,60.0,jueves,2021 Jul 15 06:30:00 PM,24.0
52,NARIÑO,52835,SAN ANDRÉS DE TUMACO,52835016,PITAL DE LA COSTA (TUMACO - NARIÑO),2021,7,19.896,11.314,100.0,sábado,2021 Jul 31 12:00:00 AM,24.0
52,NARIÑO,52835,SAN ANDRÉS DE TUMACO,52835217,SAN JUAN DE LA COSTA (SAN ANDRÉS DE TUMACO - NARIÑO),2021,7,24.442,8.274,60.0,viernes,2021 Jul 23 06:30:00 PM,24.0
52,NARIÑO,52696,SANTA BÁRBARA (ISCUANDÉ),52696014,LA ENSENADA (SANTA BÁRBARA (ISCUANDÉ) - NARIÑO),2021,7,1.956,1.972,60.0,miércoles,2021 Jul 28 07:45:00 PM,24.0
52,NARIÑO,52696,SANTA BÁRBARA (ISCUANDÉ),52696017,SANTA RITA (SANTA BARBARA (ISCUANDÉ) - NARIÑO),2021,7,3.384,1.769,60.0,jueves,2021 Jul 22 07:15:00 PM,24.0
52,NARIÑO,52696,SANTA BÁRBARA (ISCUANDÉ),52696022,SECADERO (SANTA BÁRBARA (ISCUANDÉ) - NARIÑO),2021,7,2.704,1.945,60.0,martes,2021 Jul 27 06:30:00 PM,24.0
86,PUTUMAYO,86573,PUERTO LEGUÍZAMO,86573009,PIÑUÑA NEGRO (PUERTO LEGUÍZAMO - PUTUMAYO),2021,7,4.35,2.478,60.0,sábado,2021 Jul 31 08:00:00 PM,24.0
86,PUTUMAYO,86573,PUERTO LEGUÍZAMO,86573000,PUERTO LEGUÍZAMO (PUERTO LEGUÍZAMO - PUTUMAYO),2021,7,861.962,342.04,60.0,jueves,2021 Jul 08 02:30:00 PM,24.0
76,VALLE DEL CAUCA,76109,BUENAVENTURA,76109032,SAN FRANCISCO NAYA (BUENAVENTURA - VALLE DEL CAUCA),2021,7,5.823,2.633,60.0,miércoles,2021 Jul 07 11:45:00 PM,24.0
97,VAUPÉS,97161,CARURÚ,97161000,CARURÚ (CARURÚ - VAUPÉS),2021,7,17.752,2.813,60.0,jueves,2021 Jul 29 07:15:00 PM,24.0
97,VAUPÉS,97001,MITÚ,97001000,MITÚ (MITÚ - VAUPÉS),2021,7,10.326,377.485,60.0,jueves,2021 Jul 29 11:45:00 PM,24.0
97,VAUPÉS,97666,TARAIRA,97666000,TARAIRA (TARAIRA - VAUPÉS),2021,7,28.872,8.92,60.0,martes,2021 Jul 27 12:30:00 AM,24.0
99,VICHADA,99773,CUMARIBO,99773000,CUMARIBO (CUMARIBO - VICHADA),2021,7,278.417,122.022,60.0,martes,2021 Jul 13 02:45:00 PM,24.0
99,VICHADA,99524,LA PRIMAVERA,99524000,LA PRIMAVERA (LA PRIMAVERA - VICHADA),2021,7,302.496,137.297,60.0,lunes,2021 Jul 12 06:30:00 PM,24.0
99,VICHADA,99001,PUERTO CARREÑO,99001002,CASUARITO (PUERTO CARREÑO - VICHADA),2021,7,22.27,8.64,60.0,jueves,2021 Jul 15 07:15:00 PM,24.0
99,VICHADA,99001,PUERTO CARREÑO,99001000,PUERTO CARREÑO (PUERTO CARREÑO - VICHADA),2021,7,10.326,748.079,60.0,jueves,2021 Jul 29 02:15:00 PM,24.0
99,VICHADA,99624,SANTA ROSALÍA,99624000,SANTA ROSALÍA (SANTA ROSALÍA - VICHADA),2021,7,126.001,66.15,60.0,martes,2021 Jul 06 07:30:00 PM,24.0
91,AMAZONAS,91001,LETICIA,91001000,LETICIA (LETICIA - AMAZONAS),2021,8,10.326,8.475,60.0,miércoles,2021 Aug 25 03:15:00 PM,24.0
91,AMAZONAS,91540,PUERTO NARIÑO,91540000,PUERTO NARIÑO (PUERTO NARIÑO - AMAZONAS),2021,8,110.682,39.445,60.0,martes,2021 Aug 24 06:45:00 PM,24.0
91,AMAZONAS,91798,TARAPACÁ (ANM),91798000,TARAPACÁ (TARAPACÁ (ANM) - AMAZONAS),2021,8,23.827,10.761,60.0,jueves,2021 Aug 26 06:30:00 PM,24.0
5,ANTIOQUIA,5873,VIGÍA DEL FUERTE,5873001,SAN ANTONIO DE PADUA (VIGÍA DEL FUERTE - ANTIOQUIA),2021,8,5.399,2.044,60.0,sábado,2021 Aug 21 01:00:00 PM,24.0
5,ANTIOQUIA,5873,VIGÍA DEL FUERTE,5873002,VEGÁEZ (VIGÍA DEL FUERTE - ANTIOQUIA),2021,8,1.47,106.0,60.0,lunes,2021 Aug 02 07:15:00 PM,24.0
5,ANTIOQUIA,5873,VIGÍA DEL FUERTE,5873000,VIGÍA DEL FUERTE (VIGÍA DEL FUERTE - ANTIOQUIA),2021,8,86.883,37.8,60.0,sábado,2021 Aug 28 01:30:00 PM,24.0
88,"ARCHIPIÉLAGO DE SAN ANDRÉS, PROVIDENCIA Y SANTA CATALINA",88001,SAN ANDRÉS,88001000,SAN ANDRÉS (SAN ANDRÉS - ARCHIPIÉLAGO DE SAN ANDRÉS Y PROVIDENCIA),2021,8,10.326,8.475,60.0,viernes,2021 Aug 13 03:30:00 PM,24.0
13,BOLÍVAR,13001,CARTAGENA DE INDIAS,13001007,ISLA FUERTE (CARTAGENA DE INDIAS - BOLÍVAR),2021,8,14.79,7.712,60.0,domingo,2021 Aug 01 03:00:00 PM,24.0
13,BOLÍVAR,13001,CARTAGENA DE INDIAS,13001037,ISLA MÚCURA (CARTAGENA DE INDIAS - BOLÍVAR),2021,8,6.17,2.136,60.0,domingo,2021 Aug 15 12:30:00 AM,24.0
13,BOLÍVAR,13001,CARTAGENA DE INDIAS,13001017,SANTA CRUZ DEL ISLOTE (CARTAGENA DE INDIAS - BOLÍVAR),2021,8,20.083,7.311,60.0,miércoles,2021 Aug 18 10:15:00 PM,24.0
18,CAQUETÁ,18150,CARTAGENA DEL CHAIRÁ,18150001,REMOLINO DEL CAGUÁN (CARTAGENA DEL CHAIRA - CAQUETÁ),2021,8,17.548,7.603,60.0,sábado,2021 Aug 28 08:00:00 PM,24.0
18,CAQUETÁ,18753,SAN VICENTE DEL CAGUÁN,18753002,GUACAMAYAS (SAN VICENTE DEL CAGUÁN - CAQUETÁ),2021,8,12.445,6.071,60.0,jueves,2021 Aug 26 06:45:00 PM,24.0
18,CAQUETÁ,18753,SAN VICENTE DEL CAGUÁN,18753015,GUAYABAL (SAN VICENTE DEL CAGUÁN - CAQUETÁ),2021,8,6.469,3.127,60.0,sábado,2021 Aug 14 06:30:00 PM,24.0
18,CAQUETÁ,18753,SAN VICENTE DEL CAGUÁN,18753009,PUERTO BETANIA (SAN VICENTE DEL CAGUÁN - CAQUETÁ),2021,8,5.662,2.226,60.0,viernes,2021 Aug 27 06:30:00 PM,24.0
85,CASANARE,85430,TRINIDAD,85430001,BOCAS DEL PAUTO (TRINIDAD - CASANARE),2021,8,12.634,7.253,60.0,martes,2021 Aug 31 06:45:00 PM,24.0
19,CAUCA,19318,GUAPI,19318008,LIMONES (GUAPI - CAUCA),2021,8,8.95,3.734,60.0,sábado,2021 Aug 21 08:15:00 PM,10.0
19,CAUCA,19318,GUAPI,19318013,SAN ANTONIO DE GUAJUÍ (GUAPI - CAUCA),2021,8,11.744,5.105,60.0,viernes,2021 Aug 06 07:45:00 PM,24.0
19,CAUCA,19418,LÓPEZ DE MICAY,19418033,BOCA GRANDE (LÓPEZ (MICAY) - CAUCA),2021,8,4.112,845.0,60.0,martes,2021 Aug 24 07:15:00 PM,24.0
19,CAUCA,19418,LÓPEZ DE MICAY,19418038,ISLA DE GALLO (LÓPEZ DE MICAY - CAUCA),2021,8,3.72,1.509,60.0,sábado,2021 Aug 14 07:45:00 PM,24.0
19,CAUCA,19418,LÓPEZ DE MICAY,19418007,LA CONCHA - CONCEPCIÓN NAYA (LOPEZ (MICAY) - CAUCA),2021,8,2.213,479.0,60.0,sábado,2021 Aug 14 07:30:00 PM,24.0
19,CAUCA,19418,LÓPEZ DE MICAY,19418009,NOANAMITO (LÓPEZ DE MICAY - CAUCA),2021,8,5.418,1.801,40.0,miércoles,2021 Aug 18 08:15:00 PM,6.0
19,CAUCA,19418,LÓPEZ DE MICAY,19418012,SAN ANTONIO DE CHUARÉ (LÓPEZ DE MICAY - CAUCA),2021,8,8.774,3.212,60.0,jueves,2021 Aug 05 07:00:00 PM,24.0
19,CAUCA,19418,LÓPEZ DE MICAY,19418015,SAN ISIDRO (LÓPEZ DE MICAY - CAUCA),2021,8,836.0,360.0,60.0,miércoles,2021 Aug 25 06:45:00 PM,24.0
19,CAUCA,19809,TIMBIQUÍ,19809010,COMUNIDAD DE CHETE (TIMBIQUÍ - CAUCA),2021,8,4.619,1.957,60.0,jueves,2021 Aug 19 06:30:00 PM,24.0
19,CAUCA,19809,TIMBIQUÍ,19809003,COTEJE (TIMBIQUÍ - CAUCA),2021,8,6.831,4.015,60.0,viernes,2021 Aug 06 07:15:00 PM,24.0
19,CAUCA,19809,TIMBIQUÍ,19809007,SAN JOSÉ (TIMBIQUÍ - CAUCA),2021,8,7.907,5.353,60.0,lunes,2021 Aug 09 08:00:00 PM,24.0
19,CAUCA,19809,TIMBIQUÍ,19809008,SANTA MARÍA (TIMBIQUÍ - CAUCA),2021,8,16.142,6.865,60.0,lunes,2021 Aug 02 07:15:00 PM,24.0
19,CAUCA,19809,TIMBIQUÍ,19809009,SANTA ROSA DE SAIJA (TIMBIQUÍ - CAUCA),2021,8,5.031,3.0,60.0,sábado,2021 Aug 28 08:45:00 PM,24.0
27,CHOCÓ,27006,ACANDÍ,27006000,ACANDÍ (ACANDÍ - CHOCÓ),2021,8,557.523,215.995,60.0,jueves,2021 Aug 05 08:15:00 PM,24.0
27,CHOCÓ,27006,ACANDÍ,27006003,CAPURGANÁ (ACANDÍ - CHOCO),2021,8,223.554,91.867,60.0,jueves,2021 Aug 05 09:00:00 PM,24.0
27,CHOCÓ,27006,ACANDÍ,27006007,SAN FRANCISCO (ACANDÍ - CHOCÓ),2021,8,22.177,7.911,60.0,lunes,2021 Aug 30 06:45:00 PM,24.0
27,CHOCÓ,27025,ALTO BAUDÓ (PIE DE PATO),27025000,CIUDAD BAUDÓ - PIE DE PATO (ALTO BAUDÓ - CHOCÓ),2021,8,48.295,14.438,60.0,viernes,2021 Aug 06 12:00:00 AM,24.0
27,CHOCÓ,27075,BAHÍA SOLANO (MUTIS),27075000,CIUDAD MUTIS (BAHÍA SOLANO - CHOCÓ),2021,8,657.328,214.127,60.0,lunes,2021 Aug 02 07:15:00 PM,24.0
27,CHOCÓ,27075,BAHÍA SOLANO (MUTIS),27075001,CUPICA (BAHÍA SOLANO - CHOCÓ),2021,8,58.747,23.51,60.0,lunes,2021 Aug 23 11:30:00 PM,24.0
27,CHOCÓ,27075,BAHÍA SOLANO (MUTIS),27075002,EL VALLE (BAHÍA SOLANO - CHOCÓ),2021,8,149.273,64.719,60.0,miércoles,2021 Aug 04 07:15:00 PM,24.0
27,CHOCÓ,27077,BAJO BAUDÓ (PIZARRO),27077905,BUENAVISTA (BAJO BAUDÓ (PIZARRO) - CHOCÓ),2021,8,1.494,267.0,60.0,jueves,2021 Aug 26 05:45:00 PM,24.0
27,CHOCÓ,27077,BAJO BAUDÓ (PIZARRO),27077000,PIZARRO (BAJO BAUDÓ (PIZARRO) - CHOCÓ),2021,8,204.214,99.883,60.0,miércoles,2021 Aug 04 07:45:00 PM,24.0
27,CHOCÓ,27099,BOJAYÁ (BELLAVISTA),27099000,BELLAVISTA (BOJAYÁ (BELLAVISTA) - CHOCÓ),2021,8,92.763,26.609,60.0,jueves,2021 Aug 05 07:30:00 PM,24.0
27,CHOCÓ,27099,BOJAYÁ (BELLAVISTA),27099002,LA LOMA DE BOJAYÁ (BOJAYÁ (BELLAVISTA) - CHOCÓ),2021,8,12.07,5.437,64.0,viernes,2021 Aug 06 07:00:00 PM,24.0
27,CHOCÓ,27099,BOJAYÁ (BELLAVISTA),27099005,NAPIPÍ (BOJAYÁ (BELLAVISTA) - CHOCÓ),2021,8,11.006,2.945,60.0,lunes,2021 Aug 30 08:15:00 PM,24.0
27,CHOCÓ,27099,BOJAYÁ (BELLAVISTA),27099008,PUERTO CONTO (BOJAYÁ (BELLAVISTA) - CHOCO),2021,8,12.719,3.531,60.0,viernes,2021 Aug 27 07:00:00 PM,24.0
27,CHOCÓ,27250,EL LITORAL DEL SAN JUAN,27250000,SANTA GENOVEVA DE DOCORDÓ (EL LITORAL DEL SAN JUAN - CHOCÓ),2021,8,51.902,30.085,60.0,lunes,2021 Aug 02 07:15:00 PM,24.0
27,CHOCÓ,27372,JURADÓ,27372000,JURADÓ (JURADÓ - CHOCÓ),2021,8,157.126,71.49,60.0,sábado,2021 Aug 21 07:15:00 PM,24.0
27,CHOCÓ,27425,MEDIO ATRATO (BETÉ),27425000,BETÉ (MEDIO ATRATO (BETÉ) - CHOCÓ),2021,8,14.772,8.182,56.0,martes,2021 Aug 03 07:45:00 PM,24.0
27,CHOCÓ,27495,NUQUÍ,27495001,ARUSÍ (NUQUÍ - CHOCO),2021,8,10.316,4.993,60.0,domingo,2021 Aug 22 07:30:00 PM,24.0
27,CHOCÓ,27495,NUQUÍ,27495912,COMUNIDAD INDÍGENA DE PANGUÍ - EL YUCAL (NUQUÍ - CHOCÓ),2021,8,6.132,2.262,60.0,domingo,2021 Aug 22 06:30:00 PM,24.0
27,CHOCÓ,27495,NUQUÍ,27495000,NUQUÍ (NUQUÍ - CHOCÓ),2021,8,243.14,74.218,60.0,viernes,2021 Aug 13 06:45:00 PM,24.0
27,CHOCÓ,27495,NUQUÍ,27495011,PUERTO JAGUA (NUQUÍ - CHOCÓ),2021,8,880.0,128.0,60.0,lunes,2021 Aug 09 06:45:00 PM,24.0
27,CHOCÓ,27001,QUIBDÓ,27001029,TAGACHI (QUIBDÓ - CHOCÓ),2021,8,8.686,3.061,60.0,domingo,2021 Aug 22 07:15:00 PM,24.0
27,CHOCÓ,27800,UNGUÍA,27800001,BALBOA (UNGUÍA - CHOCÓ),2021,8,20.171,7.392,60.0,sábado,2021 Aug 07 07:30:00 PM,24.0
27,CHOCÓ,27800,UNGUÍA,27800005,TITUMATE (UNGUÍA - CHOCÓ),2021,8,18.716,5.483,60.0,jueves,2021 Aug 12 08:00:00 PM,24.0
27,CHOCÓ,27800,UNGUÍA,27800000,UNGUÍA (UNGUÍA - CHOCÓ),2021,8,420.962,149.705,60.0,viernes,2021 Aug 06 08:15:00 PM,24.0
94,GUAINÍA,94343,BARRANCOMINAS,94343000,BARRANCOMINAS (BARRANCOMINAS - GUAINÍA),2021,8,59.261,19.836,60.0,jueves,2021 Aug 26 06:15:00 PM,24.0
94,GUAINÍA,94001,INÍRIDA,94001000,INÍRIDA (INÍRIDA - GUAINÍA),2021,8,10.326,556.149,60.0,martes,2021 Aug 24 02:45:00 PM,24.0
95,GUAVIARE,95200,MIRAFLORES,95200000,MIRAFLORES (MIRAFLORES - GUAVIARE),2021,8,75.422,26.209,60.0,jueves,2021 Aug 19 07:00:00 PM,24.0
44,LA GUAJIRA,44847,URIBIA,44847012,NAZARETH (URIBIA - LA GUAJIRA),2021,8,70.977,22.091,60.0,lunes,2021 Aug 23 07:00:00 PM,24.0
47,MAGDALENA,47189,CIÉNAGA,47189018,PALMOR (CIÉNAGA - MAGDALENA),2021,8,85.325,30.76,60.0,domingo,2021 Aug 08 11:00:00 PM,24.0
50,META,50325,MAPIRIPÁN,50325000,MAPIRIPÁN (MAPIRIPÁN - META),2021,8,154.955,61.917,60.0,jueves,2021 Aug 19 06:30:00 PM,24.0
52,NARIÑO,52250,EL CHARCO,52250023,BAZÁN (EL CHARCO - NARIÑO),2021,8,20.533,12.886,60.0,sábado,2021 Aug 28 07:45:00 PM,24.0
52,NARIÑO,52250,EL CHARCO,52250003,BOLÍVAR - SAN PEDRO (EL CHARCO - NARIÑO),2021,8,3.38,2.051,60.0,sábado,2021 Aug 14 07:30:00 PM,24.0
52,NARIÑO,52250,EL CHARCO,52250022,EL CUIL PUEBLO NUEVO (EL CHARCO - NARIÑO),2021,8,6.046,7.853,60.0,sábado,2021 Aug 21 07:30:00 PM,24.0
52,NARIÑO,52250,EL CHARCO,52250007,SAN JOSÉ DEL TAPAJE (EL CHARCO - NARIÑO),2021,8,16.506,4.14,88.0,sábado,2021 Aug 07 08:00:00 PM,24.0
52,NARIÑO,52520,FRANCISCO PIZARRO,52520013,SAN PEDRO DEL VINO (FRANCISCO PIZARRO - NARIÑO),2021,8,4.834,2.334,60.0,domingo,2021 Aug 01 12:00:00 AM,24.0
52,NARIÑO,52390,LA TOLA,52390005,AGUACATAL (LA TOLA - NARIÑO),2021,8,2.261,447.0,60.0,miércoles,2021 Aug 04 05:45:00 PM,24.0
52,NARIÑO,52390,LA TOLA,52390013,AMÁRALES (LA TOLA - NARIÑO),2021,8,6.967,1.817,60.0,miércoles,2021 Aug 11 07:15:00 PM,24.0
52,NARIÑO,52390,LA TOLA,52390003,LA VIGÍA DE LA MAR (LA TOLA - NARIÑO),2021,8,6.064,2.461,60.0,jueves,2021 Aug 26 11:30:00 PM,24.0
52,NARIÑO,52390,LA TOLA,52390009,MULATOS (LA TOLA - NARIÑO),2021,8,4.746,3.922,60.0,miércoles,2021 Aug 11 07:00:00 PM,24.0
52,NARIÑO,52390,LA TOLA,52390016,SAN PABLO DEL MAR (LA TOLA - NARIÑO),2021,8,4.761,1.351,60.0,miércoles,2021 Aug 04 07:00:00 PM,24.0
52,NARIÑO,52473,MOSQUERA,52473010,EL BAJITO DE ECHANDÍA (MOSQUERA - NARIÑO),2021,8,4.205,929.0,60.0,lunes,2021 Aug 16 06:45:00 PM,24.0
52,NARIÑO,52490,OLAYA HERRERA,52490913,BOCA DE PRIETA (OLAYA HERRERA - NARIÑO),2021,8,3.546,899.0,60.0,martes,2021 Aug 10 06:15:00 PM,24.0
52,NARIÑO,52835,SAN ANDRÉS DE TUMACO,52835055,BOCAS DE CURAY (TUMACO - NARIÑO),2021,8,9.664,3.078,60.0,martes,2021 Aug 31 07:00:00 PM,24.0
52,NARIÑO,52835,SAN ANDRÉS DE TUMACO,52835016,PITAL DE LA COSTA (TUMACO - NARIÑO),2021,8,20.977,11.894,96.0,martes,2021 Aug 31 07:30:00 PM,24.0
52,NARIÑO,52835,SAN ANDRÉS DE TUMACO,52835217,SAN JUAN DE LA COSTA (SAN ANDRÉS DE TUMACO - NARIÑO),2021,8,23.247,8.498,60.0,sábado,2021 Aug 21 06:45:00 PM,24.0
52,NARIÑO,52696,SANTA BÁRBARA (ISCUANDÉ),52696014,LA ENSENADA (SANTA BÁRBARA (ISCUANDÉ) - NARIÑO),2021,8,2.474,1.349,60.0,domingo,2021 Aug 01 08:00:00 PM,24.0
52,NARIÑO,52696,SANTA BÁRBARA (ISCUANDÉ),52696022,SECADERO (SANTA BÁRBARA (ISCUANDÉ) - NARIÑO),2021,8,2.899,2.219,60.0,sábado,2021 Aug 21 12:15:00 AM,24.0
86,PUTUMAYO,86573,PUERTO LEGUÍZAMO,86573009,PIÑUÑA NEGRO (PUERTO LEGUÍZAMO - PUTUMAYO),2021,8,4.394,2.594,60.0,sábado,2021 Aug 28 06:30:00 PM,7.0
86,PUTUMAYO,86573,PUERTO LEGUÍZAMO,86573000,PUERTO LEGUÍZAMO (PUERTO LEGUÍZAMO - PUTUMAYO),2021,8,961.358,369.644,60.0,jueves,2021 Aug 26 02:15:00 PM,24.0
76,VALLE DEL CAUCA,76109,BUENAVENTURA,76109032,SAN FRANCISCO NAYA (BUENAVENTURA - VALLE DEL CAUCA),2021,8,5.921,2.588,60.0,lunes,2021 Aug 30 11:30:00 PM,8.0
97,VAUPÉS,97161,CARURÚ,97161000,CARURÚ (CARURÚ - VAUPÉS),2021,8,19.39,3.104,60.0,martes,2021 Aug 24 07:00:00 PM,24.0
97,VAUPÉS,97001,MITÚ,97001000,MITÚ (MITÚ - VAUPÉS),2021,8,10.326,390.768,60.0,miércoles,2021 Aug 11 11:45:00 PM,24.0
97,VAUPÉS,97666,TARAIRA,97666000,TARAIRA (TARAIRA - VAUPÉS),2021,8,30.762,9.153,60.0,martes,2021 Aug 24 12:30:00 AM,24.0
99,VICHADA,99773,CUMARIBO,99773000,CUMARIBO (CUMARIBO - VICHADA),2021,8,294.302,126.008,60.0,jueves,2021 Aug 26 02:45:00 PM,24.0
99,VICHADA,99524,LA PRIMAVERA,99524000,LA PRIMAVERA (LA PRIMAVERA - VICHADA),2021,8,312.98,139.626,60.0,miércoles,2021 Aug 18 03:45:00 PM,24.0
99,VICHADA,99001,PUERTO CARREÑO,99001002,CASUARITO (PUERTO CARREÑO - VICHADA),2021,8,23.993,9.524,60.0,domingo,2021 Aug 29 07:00:00 PM,24.0
99,VICHADA,99001,PUERTO CARREÑO,99001000,PUERTO CARREÑO (PUERTO CARREÑO - VICHADA),2021,8,10.326,745.045,60.0,viernes,2021 Aug 27 01:15:00 PM,24.0
99,VICHADA,99624,SANTA ROSALÍA,99624000,SANTA ROSALÍA (SANTA ROSALÍA - VICHADA),2021,8,134.645,70.101,60.0,jueves,2021 Aug 26 06:45:00 PM,24.0
19,CAUCA,19418,LÓPEZ DE MICAY,19418009,NOANAMITO (LÓPEZ DE MICAY - CAUCA),2021,9,5.674,1.841,44.0,sábado,2021 Sep 18 08:30:00 PM,24.0
91,AMAZONAS,91001,LETICIA,91001000,LETICIA (LETICIA - AMAZONAS),2021,9,10.326,8.475,60.0,lunes,2021 Sep 20 03:45:00 PM,24.0
91,AMAZONAS,91540,PUERTO NARIÑO,91540000,PUERTO NARIÑO (PUERTO NARIÑO - AMAZONAS),2021,9,109.597,38.862,60.0,sábado,2021 Sep 04 07:00:00 PM,24.0
91,AMAZONAS,91798,TARAPACÁ (ANM),91798000,TARAPACÁ (TARAPACÁ (ANM) - AMAZONAS),2021,9,23.838,10.769,60.0,martes,2021 Sep 28 06:15:00 PM,24.0
5,ANTIOQUIA,5873,VIGÍA DEL FUERTE,5873001,SAN ANTONIO DE PADUA (VIGÍA DEL FUERTE - ANTIOQUIA),2021,9,4.52,1.671,60.0,martes,2021 Sep 21 07:00:00 PM,24.0
5,ANTIOQUIA,5873,VIGÍA DEL FUERTE,5873002,VEGÁEZ (VIGÍA DEL FUERTE - ANTIOQUIA),2021,9,4.371,511.0,60.0,jueves,2021 Sep 16 07:30:00 PM,24.0
5,ANTIOQUIA,5873,VIGÍA DEL FUERTE,5873000,VIGÍA DEL FUERTE (VIGÍA DEL FUERTE - ANTIOQUIA),2021,9,95.811,39.504,60.0,lunes,2021 Sep 06 12:30:00 AM,24.0
88,"ARCHIPIÉLAGO DE SAN ANDRÉS, PROVIDENCIA Y SANTA CATALINA",88564,PROVIDENCIA,88564000,PROVIDENCIA (PROVIDENCIA - ARCHIPIÉLAGO DE SAN ANDRÉS Y PROVIDENCIA),2021,9,10.326,278.455,60.0,jueves,2021 Sep 16 09:15:00 PM,24.0
88,"ARCHIPIÉLAGO DE SAN ANDRÉS, PROVIDENCIA Y SANTA CATALINA",88001,SAN ANDRÉS,88001000,SAN ANDRÉS (SAN ANDRÉS - ARCHIPIÉLAGO DE SAN ANDRÉS Y PROVIDENCIA),2021,9,10.326,8.475,60.0,jueves,2021 Sep 23 03:30:00 PM,24.0
13,BOLÍVAR,13001,CARTAGENA DE INDIAS,13001007,ISLA FUERTE (CARTAGENA DE INDIAS - BOLÍVAR),2021,9,13.611,7.311,60.0,viernes,2021 Sep 17 03:00:00 PM,24.0
13,BOLÍVAR,13001,CARTAGENA DE INDIAS,13001037,ISLA MÚCURA (CARTAGENA DE INDIAS - BOLÍVAR),2021,9,6.464,2.355,60.0,sábado,2021 Sep 25 10:15:00 PM,24.0
13,BOLÍVAR,13001,CARTAGENA DE INDIAS,13001017,SANTA CRUZ DEL ISLOTE (CARTAGENA DE INDIAS - BOLÍVAR),2021,9,19.617,7.176,60.0,jueves,2021 Sep 30 09:45:00 PM,24.0
18,CAQUETÁ,18150,CARTAGENA DEL CHAIRÁ,18150001,REMOLINO DEL CAGUÁN (CARTAGENA DEL CHAIRA - CAQUETÁ),2021,9,15.904,6.818,60.0,sábado,2021 Sep 11 06:45:00 PM,24.0
18,CAQUETÁ,18753,SAN VICENTE DEL CAGUÁN,18753002,GUACAMAYAS (SAN VICENTE DEL CAGUÁN - CAQUETÁ),2021,9,12.661,6.607,60.0,sábado,2021 Sep 25 07:00:00 PM,24.0
18,CAQUETÁ,18753,SAN VICENTE DEL CAGUÁN,18753015,GUAYABAL (SAN VICENTE DEL CAGUÁN - CAQUETÁ),2021,9,6.544,3.157,60.0,sábado,2021 Sep 25 06:30:00 PM,24.0
18,CAQUETÁ,18753,SAN VICENTE DEL CAGUÁN,18753009,PUERTO BETANIA (SAN VICENTE DEL CAGUÁN - CAQUETÁ),2021,9,5.861,2.302,60.0,jueves,2021 Sep 09 07:30:00 PM,24.0
85,CASANARE,85430,TRINIDAD,85430001,BOCAS DEL PAUTO (TRINIDAD - CASANARE),2021,9,13.022,7.142,60.0,martes,2021 Sep 14 07:00:00 PM,24.0
19,CAUCA,19318,GUAPI,19318008,LIMONES (GUAPI - CAUCA),2021,9,7.729,3.452,60.0,jueves,2021 Sep 02 06:00:00 PM,24.0
19,CAUCA,19318,GUAPI,19318013,SAN ANTONIO DE GUAJUÍ (GUAPI - CAUCA),2021,9,8.896,3.861,60.0,miércoles,2021 Sep 15 06:45:00 PM,24.0
19,CAUCA,19418,LÓPEZ DE MICAY,19418033,BOCA GRANDE (LÓPEZ (MICAY) - CAUCA),2021,9,4.195,859.0,60.0,martes,2021 Sep 21 06:45:00 PM,24.0
19,CAUCA,19418,LÓPEZ DE MICAY,19418011,DOS QUEBRADAS RÍO NAYA (LÓPEZ DE MICAY - CAUCA),2021,9,2.874,1.215,60.0,lunes,2021 Sep 20 06:30:00 PM,24.0
19,CAUCA,19418,LÓPEZ DE MICAY,19418038,ISLA DE GALLO (LÓPEZ DE MICAY - CAUCA),2021,9,3.573,1.572,60.0,sábado,2021 Sep 18 06:30:00 PM,24.0
19,CAUCA,19418,LÓPEZ DE MICAY,19418007,LA CONCHA - CONCEPCIÓN NAYA (LOPEZ (MICAY) - CAUCA),2021,9,2.518,462.0,60.0,viernes,2021 Sep 10 07:45:00 PM,24.0
19,CAUCA,19418,LÓPEZ DE MICAY,19418012,SAN ANTONIO DE CHUARÉ (LÓPEZ DE MICAY - CAUCA),2021,9,8.156,2.975,60.0,viernes,2021 Sep 17 06:45:00 PM,24.0
19,CAUCA,19418,LÓPEZ DE MICAY,19418015,SAN ISIDRO (LÓPEZ DE MICAY - CAUCA),2021,9,776.0,333.0,60.0,viernes,2021 Sep 17 05:30:00 PM,24.0
19,CAUCA,19418,LÓPEZ DE MICAY,19418019,ZARAGOZA (LOPEZ DE MICAY - CAUCA),2021,9,4.09,1.786,60.0,domingo,2021 Sep 19 07:15:00 PM,24.0
19,CAUCA,19809,TIMBIQUÍ,19809014,CHACÓN (TIMBIQUÍ - CAUCA),2021,9,38.0,6.0,60.0,jueves,2021 Sep 09 03:00:00 PM,24.0
19,CAUCA,19809,TIMBIQUÍ,19809010,COMUNIDAD DE CHETE (TIMBIQUÍ - CAUCA),2021,9,5.737,2.711,60.0,lunes,2021 Sep 06 08:00:00 PM,24.0
19,CAUCA,19809,TIMBIQUÍ,19809003,COTEJE (TIMBIQUÍ - CAUCA),2021,9,7.108,4.204,60.0,miércoles,2021 Sep 22 07:30:00 PM,24.0
19,CAUCA,19809,TIMBIQUÍ,19809007,SAN JOSÉ (TIMBIQUÍ - CAUCA),2021,9,7.793,5.4,60.0,sábado,2021 Sep 18 08:15:00 PM,24.0
19,CAUCA,19809,TIMBIQUÍ,19809008,SANTA MARÍA (TIMBIQUÍ - CAUCA),2021,9,14.985,6.47,60.0,jueves,2021 Sep 02 07:45:00 PM,24.0
19,CAUCA,19809,TIMBIQUÍ,19809009,SANTA ROSA DE SAIJA (TIMBIQUÍ - CAUCA),2021,9,5.154,3.102,60.0,martes,2021 Sep 07 07:15:00 PM,24.0
27,CHOCÓ,27006,ACANDÍ,27006000,ACANDÍ (ACANDÍ - CHOCÓ),2021,9,555.951,214.374,60.0,viernes,2021 Sep 17 09:00:00 PM,24.0
27,CHOCÓ,27006,ACANDÍ,27006003,CAPURGANÁ (ACANDÍ - CHOCO),2021,9,284.499,111.601,60.0,viernes,2021 Sep 17 09:15:00 PM,24.0
27,CHOCÓ,27006,ACANDÍ,27006007,SAN FRANCISCO (ACANDÍ - CHOCÓ),2021,9,21.444,7.742,60.0,domingo,2021 Sep 26 08:15:00 PM,24.0
27,CHOCÓ,27025,ALTO BAUDÓ (PIE DE PATO),27025000,CIUDAD BAUDÓ - PIE DE PATO (ALTO BAUDÓ - CHOCÓ),2021,9,47.784,15.047,60.0,miércoles,2021 Sep 08 07:30:00 PM,24.0
27,CHOCÓ,27075,BAHÍA SOLANO (MUTIS),27075000,CIUDAD MUTIS (BAHÍA SOLANO - CHOCÓ),2021,9,670.181,241.618,60.0,sábado,2021 Sep 25 11:30:00 PM,24.0
27,CHOCÓ,27075,BAHÍA SOLANO (MUTIS),27075001,CUPICA (BAHÍA SOLANO - CHOCÓ),2021,9,61.966,22.999,60.0,martes,2021 Sep 07 07:15:00 PM,24.0
27,CHOCÓ,27075,BAHÍA SOLANO (MUTIS),27075002,EL VALLE (BAHÍA SOLANO - CHOCÓ),2021,9,149.526,65.553,60.0,jueves,2021 Sep 02 07:15:00 PM,24.0
27,CHOCÓ,27077,BAJO BAUDÓ (PIZARRO),27077011,PILIZA (BAJO BAUDÓ (PIZARRO) - CHOCÓ),2021,9,5.44,6.529,32.0,sábado,2021 Sep 25 06:30:00 PM,24.0
27,CHOCÓ,27077,BAJO BAUDÓ (PIZARRO),27077000,PIZARRO (BAJO BAUDÓ (PIZARRO) - CHOCÓ),2021,9,198.443,96.052,60.0,viernes,2021 Sep 10 07:15:00 PM,24.0
27,CHOCÓ,27099,BOJAYÁ (BELLAVISTA),27099000,BELLAVISTA (BOJAYÁ (BELLAVISTA) - CHOCÓ),2021,9,96.786,28.38,60.0,lunes,2021 Sep 06 07:45:00 PM,18.0
27,CHOCÓ,27099,BOJAYÁ (BELLAVISTA),27099002,LA LOMA DE BOJAYÁ (BOJAYÁ (BELLAVISTA) - CHOCÓ),2021,9,10.188,4.506,60.0,sábado,2021 Sep 18 07:45:00 PM,24.0
27,CHOCÓ,27099,BOJAYÁ (BELLAVISTA),27099005,NAPIPÍ (BOJAYÁ (BELLAVISTA) - CHOCÓ),2021,9,5.946,1.558,60.0,domingo,2021 Sep 12 06:30:00 PM,24.0
27,CHOCÓ,27099,BOJAYÁ (BELLAVISTA),27099008,PUERTO CONTO (BOJAYÁ (BELLAVISTA) - CHOCO),2021,9,10.991,3.086,72.0,viernes,2021 Sep 03 06:45:00 PM,24.0
27,CHOCÓ,27250,EL LITORAL DEL SAN JUAN,27250000,SANTA GENOVEVA DE DOCORDÓ (EL LITORAL DEL SAN JUAN - CHOCÓ),2021,9,50.714,29.07,60.0,viernes,2021 Sep 03 12:45:00 AM,24.0
27,CHOCÓ,27372,JURADÓ,27372000,JURADÓ (JURADÓ - CHOCÓ),2021,9,157.094,71.722,60.0,lunes,2021 Sep 20 07:15:00 PM,24.0
27,CHOCÓ,27425,MEDIO ATRATO (BETÉ),27425000,BETÉ (MEDIO ATRATO (BETÉ) - CHOCÓ),2021,9,15.956,9.568,56.0,jueves,2021 Sep 30 07:30:00 PM,24.0
27,CHOCÓ,27425,MEDIO ATRATO (BETÉ),27425008,SAN ROQUE (MEDIO ATRATO (BETÉ) - CHOCÓ),2021,9,2.148,611.0,60.0,miércoles,2021 Sep 01 07:30:00 PM,24.0
27,CHOCÓ,27495,NUQUÍ,27495001,ARUSÍ (NUQUÍ - CHOCO),2021,9,9.379,4.585,60.0,lunes,2021 Sep 06 07:30:00 PM,24.0
27,CHOCÓ,27495,NUQUÍ,27495912,COMUNIDAD INDÍGENA DE PANGUÍ - EL YUCAL (NUQUÍ - CHOCÓ),2021,9,6.811,1.707,60.0,lunes,2021 Sep 06 07:00:00 PM,24.0
27,CHOCÓ,27495,NUQUÍ,27495000,NUQUÍ (NUQUÍ - CHOCÓ),2021,9,241.075,74.436,60.0,viernes,2021 Sep 17 07:15:00 PM,24.0
27,CHOCÓ,27495,NUQUÍ,27495011,PUERTO JAGUA (NUQUÍ - CHOCÓ),2021,9,671.0,559.0,60.0,miércoles,2021 Sep 22 06:45:00 PM,7.0
27,CHOCÓ,27001,QUIBDÓ,27001029,TAGACHI (QUIBDÓ - CHOCÓ),2021,9,7.785,2.827,60.0,sábado,2021 Sep 25 01:45:00 PM,24.0
27,CHOCÓ,27800,UNGUÍA,27800001,BALBOA (UNGUÍA - CHOCÓ),2021,9,21.46,8.135,60.0,sábado,2021 Sep 04 08:15:00 PM,24.0
27,CHOCÓ,27800,UNGUÍA,27800005,TITUMATE (UNGUÍA - CHOCÓ),2021,9,20.48,6.066,60.0,domingo,2021 Sep 12 07:00:00 PM,24.0
27,CHOCÓ,27800,UNGUÍA,27800000,UNGUÍA (UNGUÍA - CHOCÓ),2021,9,411.202,144.187,60.0,viernes,2021 Sep 03 01:45:00 PM,24.0
94,GUAINÍA,94001,INÍRIDA,94001000,INÍRIDA (INÍRIDA - GUAINÍA),2021,9,10.326,536.099,60.0,jueves,2021 Sep 02 03:15:00 PM,24.0
95,GUAVIARE,95200,MIRAFLORES,95200000,MIRAFLORES (MIRAFLORES - GUAVIARE),2021,9,77.896,28.647,60.0,lunes,2021 Sep 13 06:45:00 PM,24.0
44,LA GUAJIRA,44847,URIBIA,44847012,NAZARETH (URIBIA - LA GUAJIRA),2021,9,71.218,22.324,60.0,jueves,2021 Sep 02 07:00:00 PM,24.0
47,MAGDALENA,47189,CIÉNAGA,47189018,PALMOR (CIÉNAGA - MAGDALENA),2021,9,84.503,30.837,60.0,sábado,2021 Sep 18 06:45:00 PM,24.0
50,META,50325,MAPIRIPÁN,50325000,MAPIRIPÁN (MAPIRIPÁN - META),2021,9,157.12,61.697,60.0,jueves,2021 Sep 09 06:45:00 PM,24.0
52,NARIÑO,52250,EL CHARCO,52250016,ALTERÓN (URIBE URIBE) (EL CHARCO - NARIÑO),2021,9,1.133,219.0,60.0,martes,2021 Sep 07 05:45:00 PM,24.0
52,NARIÑO,52250,EL CHARCO,52250023,BAZÁN (EL CHARCO - NARIÑO),2021,9,9.806,6.036,60.0,sábado,2021 Sep 18 07:00:00 PM,24.0
52,NARIÑO,52250,EL CHARCO,52250003,BOLÍVAR - SAN PEDRO (EL CHARCO - NARIÑO),2021,9,3.516,2.167,60.0,jueves,2021 Sep 16 07:30:00 PM,24.0
52,NARIÑO,52250,EL CHARCO,52250022,EL CUIL PUEBLO NUEVO (EL CHARCO - NARIÑO),2021,9,5.054,6.476,60.0,domingo,2021 Sep 12 06:45:00 PM,24.0
52,NARIÑO,52250,EL CHARCO,52250005,LAS MERCEDES (EL CHARCO - NARIÑO),2021,9,2.034,759.0,60.0,viernes,2021 Sep 10 08:00:00 PM,24.0
52,NARIÑO,52250,EL CHARCO,52250007,SAN JOSÉ DEL TAPAJE (EL CHARCO - NARIÑO),2021,9,16.044,4.25,88.0,sábado,2021 Sep 18 06:45:00 PM,8.0
52,NARIÑO,52520,FRANCISCO PIZARRO,52520013,SAN PEDRO DEL VINO (FRANCISCO PIZARRO - NARIÑO),2021,9,4.073,2.024,60.0,miércoles,2021 Sep 01 07:30:00 PM,24.0
52,NARIÑO,52390,LA TOLA,52390005,AGUACATAL (LA TOLA - NARIÑO),2021,9,2.088,468.0,60.0,miércoles,2021 Sep 22 04:45:00 PM,24.0
52,NARIÑO,52390,LA TOLA,52390003,LA VIGÍA DE LA MAR (LA TOLA - NARIÑO),2021,9,5.97,2.647,60.0,sábado,2021 Sep 11 11:30:00 PM,24.0
52,NARIÑO,52390,LA TOLA,52390009,MULATOS (LA TOLA - NARIÑO),2021,9,4.026,3.335,60.0,lunes,2021 Sep 27 06:45:00 PM,24.0
52,NARIÑO,52390,LA TOLA,52390016,SAN PABLO DEL MAR (LA TOLA - NARIÑO),2021,9,4.675,1.318,60.0,sábado,2021 Sep 18 06:45:00 PM,24.0
52,NARIÑO,52490,OLAYA HERRERA,52490913,BOCA DE PRIETA (OLAYA HERRERA - NARIÑO),2021,9,3.466,847.0,60.0,jueves,2021 Sep 30 07:15:00 PM,24.0
52,NARIÑO,52835,SAN ANDRÉS DE TUMACO,52835055,BOCAS DE CURAY (TUMACO - NARIÑO),2021,9,8.557,2.698,60.0,miércoles,2021 Sep 29 06:15:00 PM,24.0
52,NARIÑO,52835,SAN ANDRÉS DE TUMACO,52835016,PITAL DE LA COSTA (TUMACO - NARIÑO),2021,9,12.194,6.995,96.0,sábado,2021 Sep 18 01:00:00 PM,24.0
52,NARIÑO,52835,SAN ANDRÉS DE TUMACO,52835217,SAN JUAN DE LA COSTA (SAN ANDRÉS DE TUMACO - NARIÑO),2021,9,23.581,8.294,60.0,sábado,2021 Sep 18 06:45:00 PM,24.0
52,NARIÑO,52696,SANTA BÁRBARA (ISCUANDÉ),52696014,LA ENSENADA (SANTA BÁRBARA (ISCUANDÉ) - NARIÑO),2021,9,2.664,1.037,60.0,jueves,2021 Sep 30 07:15:00 PM,24.0
52,NARIÑO,52696,SANTA BÁRBARA (ISCUANDÉ),52696022,SECADERO (SANTA BÁRBARA (ISCUANDÉ) - NARIÑO),2021,9,2.813,2.084,60.0,viernes,2021 Sep 10 06:30:00 PM,24.0
86,PUTUMAYO,86573,PUERTO LEGUÍZAMO,86573009,PIÑUÑA NEGRO (PUERTO LEGUÍZAMO - PUTUMAYO),2021,9,3.863,2.238,60.0,lunes,2021 Sep 27 07:00:00 PM,24.0
86,PUTUMAYO,86573,PUERTO LEGUÍZAMO,86573000,PUERTO LEGUÍZAMO (PUERTO LEGUÍZAMO - PUTUMAYO),2021,9,938.441,362.606,60.0,lunes,2021 Sep 27 03:15:00 PM,24.0
76,VALLE DEL CAUCA,76109,BUENAVENTURA,76109032,SAN FRANCISCO NAYA (BUENAVENTURA - VALLE DEL CAUCA),2021,9,5.735,3.014,60.0,sábado,2021 Sep 18 12:00:00 AM,24.0
97,VAUPÉS,97001,MITÚ,97001000,MITÚ (MITÚ - VAUPÉS),2021,9,10.326,397.946,60.0,lunes,2021 Sep 06 12:00:00 AM,24.0
97,VAUPÉS,97666,TARAIRA,97666000,TARAIRA (TARAIRA - VAUPÉS),2021,9,32.757,10.214,60.0,martes,2021 Sep 14 12:30:00 AM,24.0
99,VICHADA,99773,CUMARIBO,99773000,CUMARIBO (CUMARIBO - VICHADA),2021,9,313.026,129.26,704.0,lunes,2021 Sep 20 02:45:00 PM,24.0
99,VICHADA,99524,LA PRIMAVERA,99524000,LA PRIMAVERA (LA PRIMAVERA - VICHADA),2021,9,314.855,138.177,60.0,jueves,2021 Sep 02 06:15:00 PM,24.0
99,VICHADA,99001,PUERTO CARREÑO,99001002,CASUARITO (PUERTO CARREÑO - VICHADA),2021,9,25.753,9.7,60.0,jueves,2021 Sep 09 06:45:00 PM,24.0
99,VICHADA,99001,PUERTO CARREÑO,99001000,PUERTO CARREÑO (PUERTO CARREÑO - VICHADA),2021,9,10.326,757.876,60.0,jueves,2021 Sep 02 02:30:00 PM,24.0
99,VICHADA,99624,SANTA ROSALÍA,99624000,SANTA ROSALÍA (SANTA ROSALÍA - VICHADA),2021,9,135.039,69.389,60.0,lunes,2021 Sep 20 06:45:00 PM,24.0
91,AMAZONAS,91001,LETICIA,91001000,LETICIA (LETICIA - AMAZONAS),2021,10,10.326,8.475,60.0,viernes,2021 Oct 15 02:30:00 PM,24.0
91,AMAZONAS,91540,PUERTO NARIÑO,91540000,PUERTO NARIÑO (PUERTO NARIÑO - AMAZONAS),2021,10,110.001,40.089,60.0,jueves,2021 Oct 07 06:15:00 PM,24.0
91,AMAZONAS,91798,TARAPACÁ (ANM),91798000,TARAPACÁ (TARAPACÁ (ANM) - AMAZONAS),2021,10,24.608,11.094,60.0,viernes,2021 Oct 15 06:45:00 PM,24.0
5,ANTIOQUIA,5873,VIGÍA DEL FUERTE,5873002,VEGÁEZ (VIGÍA DEL FUERTE - ANTIOQUIA),2021,10,5.006,500.0,60.0,sábado,2021 Oct 23 07:45:00 PM,7.0
5,ANTIOQUIA,5873,VIGÍA DEL FUERTE,5873000,VIGÍA DEL FUERTE (VIGÍA DEL FUERTE - ANTIOQUIA),2021,10,64.864,24.729,60.0,jueves,2021 Oct 28 08:30:00 PM,24.0
88,"ARCHIPIÉLAGO DE SAN ANDRÉS, PROVIDENCIA Y SANTA CATALINA",88564,PROVIDENCIA,88564000,PROVIDENCIA (PROVIDENCIA - ARCHIPIÉLAGO DE SAN ANDRÉS Y PROVIDENCIA),2021,10,10.326,291.374,60.0,jueves,2021 Oct 28 10:00:00 PM,24.0
88,"ARCHIPIÉLAGO DE SAN ANDRÉS, PROVIDENCIA Y SANTA CATALINA",88001,SAN ANDRÉS,88001000,SAN ANDRÉS (SAN ANDRÉS - ARCHIPIÉLAGO DE SAN ANDRÉS Y PROVIDENCIA),2021,10,10.326,8.475,60.0,viernes,2021 Oct 29 03:30:00 PM,24.0
13,BOLÍVAR,13001,CARTAGENA DE INDIAS,13001007,ISLA FUERTE (CARTAGENA DE INDIAS - BOLÍVAR),2021,10,16.314,8.875,60.0,domingo,2021 Oct 31 03:00:00 PM,24.0
13,BOLÍVAR,13001,CARTAGENA DE INDIAS,13001037,ISLA MÚCURA (CARTAGENA DE INDIAS - BOLÍVAR),2021,10,7.19,2.522,60.0,lunes,2021 Oct 18 03:15:00 PM,24.0
13,BOLÍVAR,13001,CARTAGENA DE INDIAS,13001017,SANTA CRUZ DEL ISLOTE (CARTAGENA DE INDIAS - BOLÍVAR),2021,10,20.04,7.202,60.0,jueves,2021 Oct 14 09:30:00 PM,24.0
18,CAQUETÁ,18150,CARTAGENA DEL CHAIRÁ,18150001,REMOLINO DEL CAGUÁN (CARTAGENA DEL CHAIRA - CAQUETÁ),2021,10,16.823,7.085,60.0,sábado,2021 Oct 23 06:30:00 PM,24.0
18,CAQUETÁ,18753,SAN VICENTE DEL CAGUÁN,18753002,GUACAMAYAS (SAN VICENTE DEL CAGUÁN - CAQUETÁ),2021,10,12.852,6.491,60.0,domingo,2021 Oct 03 07:00:00 PM,24.0
18,CAQUETÁ,18753,SAN VICENTE DEL CAGUÁN,18753015,GUAYABAL (SAN VICENTE DEL CAGUÁN - CAQUETÁ),2021,10,7.139,3.543,60.0,martes,2021 Oct 26 05:45:00 PM,24.0
18,CAQUETÁ,18753,SAN VICENTE DEL CAGUÁN,18753009,PUERTO BETANIA (SAN VICENTE DEL CAGUÁN - CAQUETÁ),2021,10,5.993,2.322,60.0,miércoles,2021 Oct 20 07:00:00 PM,24.0
85,CASANARE,85430,TRINIDAD,85430001,BOCAS DEL PAUTO (TRINIDAD - CASANARE),2021,10,12.327,6.694,60.0,lunes,2021 Oct 25 07:00:00 PM,24.0
19,CAUCA,19318,GUAPI,19318008,LIMONES (GUAPI - CAUCA),2021,10,8.323,3.782,60.0,viernes,2021 Oct 22 06:15:00 PM,24.0
19,CAUCA,19318,GUAPI,19318013,SAN ANTONIO DE GUAJUÍ (GUAPI - CAUCA),2021,10,10.113,4.21,60.0,domingo,2021 Oct 17 08:00:00 PM,24.0
19,CAUCA,19418,LÓPEZ DE MICAY,19418033,BOCA GRANDE (LÓPEZ (MICAY) - CAUCA),2021,10,4.429,863.0,60.0,domingo,2021 Oct 31 06:30:00 PM,24.0
19,CAUCA,19418,LÓPEZ DE MICAY,19418011,DOS QUEBRADAS RÍO NAYA (LÓPEZ DE MICAY - CAUCA),2021,10,4.914,2.04,60.0,martes,2021 Oct 12 06:15:00 PM,24.0
19,CAUCA,19418,LÓPEZ DE MICAY,19418038,ISLA DE GALLO (LÓPEZ DE MICAY - CAUCA),2021,10,3.436,1.553,60.0,sábado,2021 Oct 09 07:00:00 PM,24.0
19,CAUCA,19418,LÓPEZ DE MICAY,19418009,NOANAMITO (LÓPEZ DE MICAY - CAUCA),2021,10,6.657,2.07,44.0,jueves,2021 Oct 28 06:30:00 PM,24.0
19,CAUCA,19418,LÓPEZ DE MICAY,19418012,SAN ANTONIO DE CHUARÉ (LÓPEZ DE MICAY - CAUCA),2021,10,6.339,2.235,60.0,jueves,2021 Oct 28 06:45:00 PM,24.0
19,CAUCA,19418,LÓPEZ DE MICAY,19418015,SAN ISIDRO (LÓPEZ DE MICAY - CAUCA),2021,10,834.0,390.0,60.0,lunes,2021 Oct 04 06:00:00 PM,24.0
19,CAUCA,19418,LÓPEZ DE MICAY,19418019,ZARAGOZA (LOPEZ DE MICAY - CAUCA),2021,10,9.358,3.864,60.0,sábado,2021 Oct 09 08:00:00 PM,24.0
19,CAUCA,19809,TIMBIQUÍ,19809014,CHACÓN (TIMBIQUÍ - CAUCA),2021,10,2.967,694.0,60.0,domingo,2021 Oct 17 07:30:00 PM,24.0
19,CAUCA,19809,TIMBIQUÍ,19809010,COMUNIDAD DE CHETE (TIMBIQUÍ - CAUCA),2021,10,5.093,2.472,60.0,sábado,2021 Oct 30 07:00:00 PM,24.0
19,CAUCA,19809,TIMBIQUÍ,19809003,COTEJE (TIMBIQUÍ - CAUCA),2021,10,5.46,3.118,60.0,jueves,2021 Oct 28 07:15:00 PM,24.0
19,CAUCA,19809,TIMBIQUÍ,19809007,SAN JOSÉ (TIMBIQUÍ - CAUCA),2021,10,7.706,5.41,60.0,miércoles,2021 Oct 27 07:30:00 PM,24.0
19,CAUCA,19809,TIMBIQUÍ,19809008,SANTA MARÍA (TIMBIQUÍ - CAUCA),2021,10,9.591,3.958,60.0,viernes,2021 Oct 15 07:15:00 PM,24.0
19,CAUCA,19809,TIMBIQUÍ,19809009,SANTA ROSA DE SAIJA (TIMBIQUÍ - CAUCA),2021,10,4.002,2.418,60.0,sábado,2021 Oct 02 10:00:00 PM,24.0
27,CHOCÓ,27006,ACANDÍ,27006000,ACANDÍ (ACANDÍ - CHOCÓ),2021,10,550.551,211.845,60.0,martes,2021 Oct 19 07:15:00 PM,24.0
27,CHOCÓ,27006,ACANDÍ,27006003,CAPURGANÁ (ACANDÍ - CHOCO),2021,10,341.968,125.983,60.0,domingo,2021 Oct 17 07:45:00 PM,24.0
27,CHOCÓ,27025,ALTO BAUDÓ (PIE DE PATO),27025000,CIUDAD BAUDÓ - PIE DE PATO (ALTO BAUDÓ - CHOCÓ),2021,10,48.365,14.617,60.0,viernes,2021 Oct 08 12:15:00 AM,24.0
27,CHOCÓ,27075,BAHÍA SOLANO (MUTIS),27075000,CIUDAD MUTIS (BAHÍA SOLANO - CHOCÓ),2021,10,680.368,247.385,60.0,jueves,2021 Oct 28 07:00:00 PM,24.0
27,CHOCÓ,27075,BAHÍA SOLANO (MUTIS),27075001,CUPICA (BAHÍA SOLANO - CHOCÓ),2021,10,62.953,21.749,60.0,lunes,2021 Oct 11 07:00:00 PM,24.0
27,CHOCÓ,27075,BAHÍA SOLANO (MUTIS),27075002,EL VALLE (BAHÍA SOLANO - CHOCÓ),2021,10,157.458,68.223,60.0,jueves,2021 Oct 28 07:00:00 PM,24.0
27,CHOCÓ,27077,BAJO BAUDÓ (PIZARRO),27077905,BUENAVISTA (BAJO BAUDÓ (PIZARRO) - CHOCÓ),2021,10,4.99,581.0,60.0,miércoles,2021 Oct 06 05:45:00 PM,24.0
27,CHOCÓ,27077,BAJO BAUDÓ (PIZARRO),27077011,PILIZA (BAJO BAUDÓ (PIZARRO) - CHOCÓ),2021,10,5.67,6.342,32.0,sábado,2021 Oct 02 07:45:00 PM,24.0
27,CHOCÓ,27077,BAJO BAUDÓ (PIZARRO),27077000,PIZARRO (BAJO BAUDÓ (PIZARRO) - CHOCÓ),2021,10,212.097,102.147,60.0,sábado,2021 Oct 16 07:00:00 PM,24.0
27,CHOCÓ,27099,BOJAYÁ (BELLAVISTA),27099000,BELLAVISTA (BOJAYÁ (BELLAVISTA) - CHOCÓ),2021,10,100.361,28.454,60.0,jueves,2021 Oct 28 07:00:00 PM,24.0
27,CHOCÓ,27099,BOJAYÁ (BELLAVISTA),27099002,LA LOMA DE BOJAYÁ (BOJAYÁ (BELLAVISTA) - CHOCÓ),2021,10,11.785,5.93,64.0,miércoles,2021 Oct 13 07:30:00 PM,24.0
27,CHOCÓ,27099,BOJAYÁ (BELLAVISTA),27099005,NAPIPÍ (BOJAYÁ (BELLAVISTA) - CHOCÓ),2021,10,7.662,2.113,60.0,sábado,2021 Oct 30 09:30:00 PM,24.0
27,CHOCÓ,27250,EL LITORAL DEL SAN JUAN,27250000,SANTA GENOVEVA DE DOCORDÓ (EL LITORAL DEL SAN JUAN - CHOCÓ),2021,10,51.775,29.429,60.0,martes,2021 Oct 12 09:30:00 PM,24.0
27,CHOCÓ,27372,JURADÓ,27372000,JURADÓ (JURADÓ - CHOCÓ),2021,10,163.233,71.738,60.0,jueves,2021 Oct 28 08:15:00 PM,24.0
27,CHOCÓ,27425,MEDIO ATRATO (BETÉ),27425000,BETÉ (MEDIO ATRATO (BETÉ) - CHOCÓ),2021,10,16.522,10.113,60.0,lunes,2021 Oct 11 07:00:00 PM,24.0
27,CHOCÓ,27495,NUQUÍ,27495912,COMUNIDAD INDÍGENA DE PANGUÍ - EL YUCAL (NUQUÍ - CHOCÓ),2021,10,8.207,1.799,60.0,lunes,2021 Oct 11 11:15:00 PM,24.0
27,CHOCÓ,27495,NUQUÍ,27495000,NUQUÍ (NUQUÍ - CHOCÓ),2021,10,249.402,75.889,60.0,miércoles,2021 Oct 13 07:30:00 PM,24.0
27,CHOCÓ,27495,NUQUÍ,27495011,PUERTO JAGUA (NUQUÍ - CHOCÓ),2021,10,996.0,755.0,60.0,domingo,2021 Oct 17 07:45:00 PM,24.0
27,CHOCÓ,27001,QUIBDÓ,27001029,TAGACHI (QUIBDÓ - CHOCÓ),2021,10,9.699,3.527,60.0,domingo,2021 Oct 24 07:30:00 PM,24.0
27,CHOCÓ,27800,UNGUÍA,27800001,BALBOA (UNGUÍA - CHOCÓ),2021,10,22.124,8.431,60.0,jueves,2021 Oct 07 09:00:00 PM,24.0
27,CHOCÓ,27800,UNGUÍA,27800005,TITUMATE (UNGUÍA - CHOCÓ),2021,10,19.142,5.428,60.0,viernes,2021 Oct 08 07:00:00 PM,24.0
27,CHOCÓ,27800,UNGUÍA,27800000,UNGUÍA (UNGUÍA - CHOCÓ),2021,10,432.673,151.105,60.0,domingo,2021 Oct 24 08:00:00 PM,22.0
94,GUAINÍA,94343,BARRANCOMINAS,94343000,BARRANCOMINAS (BARRANCOMINAS - GUAINÍA),2021,10,69.451,24.46,60.0,jueves,2021 Oct 14 06:30:00 PM,24.0
94,GUAINÍA,94001,INÍRIDA,94001000,INÍRIDA (INÍRIDA - GUAINÍA),2021,10,10.326,583.191,60.0,jueves,2021 Oct 14 05:45:00 PM,24.0
95,GUAVIARE,95200,MIRAFLORES,95200000,MIRAFLORES (MIRAFLORES - GUAVIARE),2021,10,82.653,30.237,60.0,jueves,2021 Oct 21 06:30:00 PM,24.0
44,LA GUAJIRA,44847,URIBIA,44847012,NAZARETH (URIBIA - LA GUAJIRA),2021,10,60.853,16.581,60.0,martes,2021 Oct 26 06:15:00 PM,24.0
47,MAGDALENA,47189,CIÉNAGA,47189018,PALMOR (CIÉNAGA - MAGDALENA),2021,10,96.684,35.992,60.0,martes,2021 Oct 12 12:30:00 AM,24.0
50,META,50325,MAPIRIPÁN,50325000,MAPIRIPÁN (MAPIRIPÁN - META),2021,10,167.93,65.062,60.0,jueves,2021 Oct 14 06:00:00 PM,24.0
52,NARIÑO,52250,EL CHARCO,52250016,ALTERÓN (URIBE URIBE) (EL CHARCO - NARIÑO),2021,10,1.401,275.0,60.0,viernes,2021 Oct 29 07:00:00 PM,24.0
52,NARIÑO,52250,EL CHARCO,52250023,BAZÁN (EL CHARCO - NARIÑO),2021,10,18.786,11.821,60.0,sábado,2021 Oct 30 06:45:00 PM,24.0
52,NARIÑO,52250,EL CHARCO,52250003,BOLÍVAR - SAN PEDRO (EL CHARCO - NARIÑO),2021,10,3.887,2.545,60.0,lunes,2021 Oct 18 07:30:00 PM,24.0
52,NARIÑO,52250,EL CHARCO,52250022,EL CUIL PUEBLO NUEVO (EL CHARCO - NARIÑO),2021,10,5.885,7.76,60.0,sábado,2021 Oct 23 06:15:00 PM,24.0
52,NARIÑO,52250,EL CHARCO,52250005,LAS MERCEDES (EL CHARCO - NARIÑO),2021,10,1.981,608.0,60.0,viernes,2021 Oct 01 09:00:00 PM,24.0
52,NARIÑO,52250,EL CHARCO,52250007,SAN JOSÉ DEL TAPAJE (EL CHARCO - NARIÑO),2021,10,15.568,4.32,80.0,domingo,2021 Oct 31 01:15:00 PM,24.0
52,NARIÑO,52520,FRANCISCO PIZARRO,52520013,SAN PEDRO DEL VINO (FRANCISCO PIZARRO - NARIÑO),2021,10,3.698,1.842,60.0,viernes,2021 Oct 29 07:15:00 PM,24.0
52,NARIÑO,52390,LA TOLA,52390005,AGUACATAL (LA TOLA - NARIÑO),2021,10,1.67,416.0,60.0,jueves,2021 Oct 21 06:30:00 PM,24.0
52,NARIÑO,52390,LA TOLA,52390003,LA VIGÍA DE LA MAR (LA TOLA - NARIÑO),2021,10,6.619,2.859,30.0,miércoles,2021 Oct 06 11:15:00 PM,24.0
52,NARIÑO,52390,LA TOLA,52390009,MULATOS (LA TOLA - NARIÑO),2021,10,2.491,1.489,60.0,lunes,2021 Oct 04 06:30:00 PM,24.0
52,NARIÑO,52390,LA TOLA,52390016,SAN PABLO DEL MAR (LA TOLA - NARIÑO),2021,10,4.906,1.381,60.0,sábado,2021 Oct 02 07:15:00 PM,24.0
52,NARIÑO,52490,OLAYA HERRERA,52490913,BOCA DE PRIETA (OLAYA HERRERA - NARIÑO),2021,10,3.807,1.027,1.968,jueves,2021 Oct 14 03:15:00 PM,24.0
52,NARIÑO,52835,SAN ANDRÉS DE TUMACO,52835055,BOCAS DE CURAY (TUMACO - NARIÑO),2021,10,9.44,2.821,60.0,domingo,2021 Oct 31 11:45:00 PM,24.0
52,NARIÑO,52835,SAN ANDRÉS DE TUMACO,52835016,PITAL DE LA COSTA (TUMACO - NARIÑO),2021,10,12.205,6.959,92.0,miércoles,2021 Oct 06 07:00:00 PM,24.0
52,NARIÑO,52835,SAN ANDRÉS DE TUMACO,52835217,SAN JUAN DE LA COSTA (SAN ANDRÉS DE TUMACO - NARIÑO),2021,10,17.961,6.334,60.0,jueves,2021 Oct 07 06:30:00 PM,24.0
52,NARIÑO,52696,SANTA BÁRBARA (ISCUANDÉ),52696014,LA ENSENADA (SANTA BÁRBARA (ISCUANDÉ) - NARIÑO),2021,10,2.719,1.134,60.0,miércoles,2021 Oct 20 07:45:00 PM,24.0
52,NARIÑO,52696,SANTA BÁRBARA (ISCUANDÉ),52696022,SECADERO (SANTA BÁRBARA (ISCUANDÉ) - NARIÑO),2021,10,3.08,2.233,60.0,sábado,2021 Oct 30 12:15:00 AM,24.0
86,PUTUMAYO,86573,PUERTO LEGUÍZAMO,86573009,PIÑUÑA NEGRO (PUERTO LEGUÍZAMO - PUTUMAYO),2021,10,4.256,2.501,60.0,sábado,2021 Oct 23 06:30:00 PM,24.0
86,PUTUMAYO,86573,PUERTO LEGUÍZAMO,86573000,PUERTO LEGUÍZAMO (PUERTO LEGUÍZAMO - PUTUMAYO),2021,10,999.016,389.395,2.167,jueves,2021 Oct 14 02:30:00 PM,24.0
76,VALLE DEL CAUCA,76109,BUENAVENTURA,76109032,SAN FRANCISCO NAYA (BUENAVENTURA - VALLE DEL CAUCA),2021,10,6.084,3.54,60.0,sábado,2021 Oct 30 11:45:00 PM,24.0
97,VAUPÉS,97161,CARURÚ,97161000,CARURÚ (CARURÚ - VAUPÉS),2021,10,20.535,3.71,60.0,viernes,2021 Oct 22 06:30:00 PM,24.0
97,VAUPÉS,97001,MITÚ,97001000,MITÚ (MITÚ - VAUPÉS),2021,10,10.326,415.274,60.0,jueves,2021 Oct 14 11:45:00 PM,24.0
97,VAUPÉS,97666,TARAIRA,97666000,TARAIRA (TARAIRA - VAUPÉS),2021,10,22.286,6.711,60.0,martes,2021 Oct 19 12:30:00 AM,24.0
99,VICHADA,99773,CUMARIBO,99773000,CUMARIBO (CUMARIBO - VICHADA),2021,10,342.503,141.923,60.0,viernes,2021 Oct 15 02:30:00 PM,24.0
99,VICHADA,99524,LA PRIMAVERA,99524000,LA PRIMAVERA (LA PRIMAVERA - VICHADA),2021,10,334.634,146.934,60.0,viernes,2021 Oct 15 07:45:00 PM,24.0
99,VICHADA,99001,PUERTO CARREÑO,99001002,CASUARITO (PUERTO CARREÑO - VICHADA),2021,10,25.408,9.467,60.0,jueves,2021 Oct 28 07:00:00 PM,24.0
99,VICHADA,99001,PUERTO CARREÑO,99001000,PUERTO CARREÑO (PUERTO CARREÑO - VICHADA),2021,10,10.326,812.783,4.664,lunes,2021 Oct 04 01:30:00 PM,24.0
99,VICHADA,99624,SANTA ROSALÍA,99624000,SANTA ROSALÍA (SANTA ROSALÍA - VICHADA),2021,10,144.935,72.513,60.0,viernes,2021 Oct 15 06:45:00 PM,24.0
91,AMAZONAS,91001,LETICIA,91001000,LETICIA (LETICIA - AMAZONAS),2021,11,10.326,8.475,60.0,miércoles,2021 Nov 03 03:00:00 PM,24.0
91,AMAZONAS,91540,PUERTO NARIÑO,91540000,PUERTO NARIÑO (PUERTO NARIÑO - AMAZONAS),2021,11,109.712,38.533,60.0,viernes,2021 Nov 26 07:15:00 PM,24.0
91,AMAZONAS,91798,TARAPACÁ (ANM),91798000,TARAPACÁ (TARAPACÁ (ANM) - AMAZONAS),2021,11,24.076,11.003,60.0,viernes,2021 Nov 26 06:30:00 PM,24.0
5,ANTIOQUIA,5873,VIGÍA DEL FUERTE,5873002,VEGÁEZ (VIGÍA DEL FUERTE - ANTIOQUIA),2021,11,3.965,495.0,60.0,martes,2021 Nov 23 06:30:00 PM,24.0
5,ANTIOQUIA,5873,VIGÍA DEL FUERTE,5873000,VIGÍA DEL FUERTE (VIGÍA DEL FUERTE - ANTIOQUIA),2021,11,65.658,25.385,60.0,martes,2021 Nov 09 06:30:00 PM,24.0
88,"ARCHIPIÉLAGO DE SAN ANDRÉS, PROVIDENCIA Y SANTA CATALINA",88564,PROVIDENCIA,88564000,PROVIDENCIA (PROVIDENCIA - ARCHIPIÉLAGO DE SAN ANDRÉS Y PROVIDENCIA),2021,11,10.326,275.967,60.0,viernes,2021 Nov 05 08:15:00 PM,24.0
88,"ARCHIPIÉLAGO DE SAN ANDRÉS, PROVIDENCIA Y SANTA CATALINA",88001,SAN ANDRÉS,88001000,SAN ANDRÉS (SAN ANDRÉS - ARCHIPIÉLAGO DE SAN ANDRÉS Y PROVIDENCIA),2021,11,10.326,8.475,60.0,martes,2021 Nov 02 03:30:00 PM,24.0
13,BOLÍVAR,13001,CARTAGENA DE INDIAS,13001007,ISLA FUERTE (CARTAGENA DE INDIAS - BOLÍVAR),2021,11,14.532,7.927,60.0,domingo,2021 Nov 14 12:00:00 AM,24.0
13,BOLÍVAR,13001,CARTAGENA DE INDIAS,13001037,ISLA MÚCURA (CARTAGENA DE INDIAS - BOLÍVAR),2021,11,6.776,2.469,60.0,domingo,2021 Nov 14 12:15:00 AM,24.0
13,BOLÍVAR,13001,CARTAGENA DE INDIAS,13001017,SANTA CRUZ DEL ISLOTE (CARTAGENA DE INDIAS - BOLÍVAR),2021,11,19.273,6.881,60.0,martes,2021 Nov 09 09:45:00 PM,24.0
18,CAQUETÁ,18150,CARTAGENA DEL CHAIRÁ,18150001,REMOLINO DEL CAGUÁN (CARTAGENA DEL CHAIRA - CAQUETÁ),2021,11,16.425,6.853,60.0,sábado,2021 Nov 13 06:15:00 PM,24.0
18,CAQUETÁ,18753,SAN VICENTE DEL CAGUÁN,18753002,GUACAMAYAS (SAN VICENTE DEL CAGUÁN - CAQUETÁ),2021,11,9.164,3.854,60.0,sábado,2021 Nov 27 07:15:00 PM,24.0
18,CAQUETÁ,18753,SAN VICENTE DEL CAGUÁN,18753015,GUAYABAL (SAN VICENTE DEL CAGUÁN - CAQUETÁ),2021,11,5.573,2.721,60.0,sábado,2021 Nov 20 06:15:00 PM,24.0
18,CAQUETÁ,18753,SAN VICENTE DEL CAGUÁN,18753009,PUERTO BETANIA (SAN VICENTE DEL CAGUÁN - CAQUETÁ),2021,11,5.542,2.08,60.0,viernes,2021 Nov 12 06:15:00 PM,24.0
85,CASANARE,85430,TRINIDAD,85430001,BOCAS DEL PAUTO (TRINIDAD - CASANARE),2021,11,13.748,7.698,60.0,lunes,2021 Nov 15 06:30:00 PM,24.0
19,CAUCA,19318,GUAPI,19318008,LIMONES (GUAPI - CAUCA),2021,11,8.593,3.789,60.0,martes,2021 Nov 09 05:00:00 PM,24.0
19,CAUCA,19318,GUAPI,19318013,SAN ANTONIO DE GUAJUÍ (GUAPI - CAUCA),2021,11,9.404,3.897,60.0,domingo,2021 Nov 21 07:15:00 PM,24.0
19,CAUCA,19418,LÓPEZ DE MICAY,19418033,BOCA GRANDE (LÓPEZ (MICAY) - CAUCA),2021,11,4.101,808.0,60.0,martes,2021 Nov 30 06:30:00 PM,24.0
19,CAUCA,19418,LÓPEZ DE MICAY,19418011,DOS QUEBRADAS RÍO NAYA (LÓPEZ DE MICAY - CAUCA),2021,11,5.485,2.173,60.0,martes,2021 Nov 02 05:15:00 PM,24.0
19,CAUCA,19418,LÓPEZ DE MICAY,19418038,ISLA DE GALLO (LÓPEZ DE MICAY - CAUCA),2021,11,2.969,1.187,60.0,sábado,2021 Nov 06 07:15:00 PM,24.0
19,CAUCA,19418,LÓPEZ DE MICAY,19418009,NOANAMITO (LÓPEZ DE MICAY - CAUCA),2021,11,6.52,1.917,44.0,sábado,2021 Nov 13 07:15:00 PM,24.0
19,CAUCA,19418,LÓPEZ DE MICAY,19418012,SAN ANTONIO DE CHUARÉ (LÓPEZ DE MICAY - CAUCA),2021,11,6.479,2.281,60.0,martes,2021 Nov 02 06:30:00 PM,24.0
19,CAUCA,19418,LÓPEZ DE MICAY,19418015,SAN ISIDRO (LÓPEZ DE MICAY - CAUCA),2021,11,832.0,396.0,60.0,martes,2021 Nov 09 05:30:00 PM,24.0
19,CAUCA,19418,LÓPEZ DE MICAY,19418019,ZARAGOZA (LOPEZ DE MICAY - CAUCA),2021,11,6.325,2.653,60.0,martes,2021 Nov 02 07:00:00 PM,24.0
19,CAUCA,19809,TIMBIQUÍ,19809014,CHACÓN (TIMBIQUÍ - CAUCA),2021,11,4.588,1.137,60.0,domingo,2021 Nov 14 06:45:00 PM,24.0
19,CAUCA,19809,TIMBIQUÍ,19809010,COMUNIDAD DE CHETE (TIMBIQUÍ - CAUCA),2021,11,5.405,2.678,60.0,martes,2021 Nov 30 06:30:00 PM,24.0
19,CAUCA,19809,TIMBIQUÍ,19809003,COTEJE (TIMBIQUÍ - CAUCA),2021,11,6.493,3.956,60.0,domingo,2021 Nov 28 07:00:00 PM,24.0
19,CAUCA,19809,TIMBIQUÍ,19809007,SAN JOSÉ (TIMBIQUÍ - CAUCA),2021,11,7.362,4.794,60.0,sábado,2021 Nov 13 07:45:00 PM,24.0
19,CAUCA,19809,TIMBIQUÍ,19809008,SANTA MARÍA (TIMBIQUÍ - CAUCA),2021,11,12.559,4.99,60.0,sábado,2021 Nov 27 07:00:00 PM,24.0
19,CAUCA,19809,TIMBIQUÍ,19809009,SANTA ROSA DE SAIJA (TIMBIQUÍ - CAUCA),2021,11,3.804,2.234,60.0,martes,2021 Nov 02 07:00:00 PM,24.0
27,CHOCÓ,27006,ACANDÍ,27006000,ACANDÍ (ACANDÍ - CHOCÓ),2021,11,546.662,207.743,60.0,jueves,2021 Nov 11 07:15:00 PM,24.0
27,CHOCÓ,27025,ALTO BAUDÓ (PIE DE PATO),27025000,CIUDAD BAUDÓ - PIE DE PATO (ALTO BAUDÓ - CHOCÓ),2021,11,47.086,14.33,60.0,lunes,2021 Nov 01 12:00:00 AM,24.0
27,CHOCÓ,27075,BAHÍA SOLANO (MUTIS),27075000,CIUDAD MUTIS (BAHÍA SOLANO - CHOCÓ),2021,11,638.416,235.41,60.0,martes,2021 Nov 16 07:00:00 PM,24.0
27,CHOCÓ,27075,BAHÍA SOLANO (MUTIS),27075001,CUPICA (BAHÍA SOLANO - CHOCÓ),2021,11,61.967,21.137,60.0,jueves,2021 Nov 11 07:15:00 PM,24.0
27,CHOCÓ,27075,BAHÍA SOLANO (MUTIS),27075002,EL VALLE (BAHÍA SOLANO - CHOCÓ),2021,11,149.429,63.547,60.0,jueves,2021 Nov 11 07:00:00 PM,24.0
27,CHOCÓ,27077,BAJO BAUDÓ (PIZARRO),27077011,PILIZA (BAJO BAUDÓ (PIZARRO) - CHOCÓ),2021,11,4.91,5.279,32.0,lunes,2021 Nov 01 08:15:00 PM,24.0
27,CHOCÓ,27077,BAJO BAUDÓ (PIZARRO),27077000,PIZARRO (BAJO BAUDÓ (PIZARRO) - CHOCÓ),2021,11,188.254,89.881,60.0,miércoles,2021 Nov 17 06:15:00 PM,24.0
27,CHOCÓ,27099,BOJAYÁ (BELLAVISTA),27099000,BELLAVISTA (BOJAYÁ (BELLAVISTA) - CHOCÓ),2021,11,93.76,26.921,60.0,martes,2021 Nov 16 07:00:00 PM,24.0
27,CHOCÓ,27099,BOJAYÁ (BELLAVISTA),27099002,LA LOMA DE BOJAYÁ (BOJAYÁ (BELLAVISTA) - CHOCÓ),2021,11,11.92,5.958,60.0,viernes,2021 Nov 19 06:45:00 PM,24.0
27,CHOCÓ,27099,BOJAYÁ (BELLAVISTA),27099005,NAPIPÍ (BOJAYÁ (BELLAVISTA) - CHOCÓ),2021,11,9.217,2.553,60.0,lunes,2021 Nov 29 06:00:00 PM,24.0
27,CHOCÓ,27250,EL LITORAL DEL SAN JUAN,27250002,CUCURRUPÍ (EL LITORAL DEL SAN JUAN - CHOCÓ),2021,11,3.091,1.02,60.0,sábado,2021 Nov 27 07:15:00 PM,24.0
27,CHOCÓ,27250,EL LITORAL DEL SAN JUAN,27250000,SANTA GENOVEVA DE DOCORDÓ (EL LITORAL DEL SAN JUAN - CHOCÓ),2021,11,55.891,34.418,60.0,viernes,2021 Nov 26 12:15:00 AM,24.0
27,CHOCÓ,27250,EL LITORAL DEL SAN JUAN,27250914,TOGOROMA PLAYA (EL LITORAL DEL SAN JUAN - CHOCÓ),2021,11,1.148,19.0,60.0,viernes,2021 Nov 05 06:00:00 PM,24.0
27,CHOCÓ,27372,JURADÓ,27372000,JURADÓ (JURADÓ - CHOCÓ),2021,11,158.959,68.705,60.0,viernes,2021 Nov 12 07:00:00 PM,24.0
27,CHOCÓ,27425,MEDIO ATRATO (BETÉ),27425000,BETÉ (MEDIO ATRATO (BETÉ) - CHOCÓ),2021,11,15.747,10.162,56.0,miércoles,2021 Nov 03 07:00:00 PM,24.0
27,CHOCÓ,27495,NUQUÍ,27495912,COMUNIDAD INDÍGENA DE PANGUÍ - EL YUCAL (NUQUÍ - CHOCÓ),2021,11,7.855,1.767,60.0,jueves,2021 Nov 18 03:45:00 PM,24.0
27,CHOCÓ,27495,NUQUÍ,27495000,NUQUÍ (NUQUÍ - CHOCÓ),2021,11,233.841,68.503,60.0,viernes,2021 Nov 05 06:45:00 PM,24.0
27,CHOCÓ,27495,NUQUÍ,27495011,PUERTO JAGUA (NUQUÍ - CHOCÓ),2021,11,446.0,242.0,60.0,jueves,2021 Nov 25 06:15:00 PM,24.0
27,CHOCÓ,27001,QUIBDÓ,27001029,TAGACHI (QUIBDÓ - CHOCÓ),2021,11,9.452,3.326,60.0,sábado,2021 Nov 27 01:30:00 PM,24.0
27,CHOCÓ,27800,UNGUÍA,27800001,BALBOA (UNGUÍA - CHOCÓ),2021,11,19.15,7.324,60.0,jueves,2021 Nov 04 06:45:00 PM,24.0
27,CHOCÓ,27800,UNGUÍA,27800005,TITUMATE (UNGUÍA - CHOCÓ),2021,11,18.453,5.046,60.0,jueves,2021 Nov 11 07:30:00 PM,24.0
27,CHOCÓ,27800,UNGUÍA,27800000,UNGUÍA (UNGUÍA - CHOCÓ),2021,11,402.9,141.932,60.0,viernes,2021 Nov 05 07:15:00 PM,24.0
94,GUAINÍA,94343,BARRANCOMINAS,94343000,BARRANCOMINAS (BARRANCOMINAS - GUAINÍA),2021,11,62.478,21.92,60.0,miércoles,2021 Nov 17 06:00:00 PM,24.0
94,GUAINÍA,94001,INÍRIDA,94001000,INÍRIDA (INÍRIDA - GUAINÍA),2021,11,10.326,649.948,60.0,miércoles,2021 Nov 17 02:15:00 PM,24.0
95,GUAVIARE,95200,MIRAFLORES,95200000,MIRAFLORES (MIRAFLORES - GUAVIARE),2021,11,84.44,31.684,60.0,viernes,2021 Nov 19 06:00:00 PM,24.0
44,LA GUAJIRA,44847,URIBIA,44847012,NAZARETH (URIBIA - LA GUAJIRA),2021,11,59.512,16.885,60.0,lunes,2021 Nov 08 07:00:00 PM,24.0
47,MAGDALENA,47189,CIÉNAGA,47189018,PALMOR (CIÉNAGA - MAGDALENA),2021,11,98.914,36.419,60.0,jueves,2021 Nov 18 06:30:00 PM,24.0
50,META,50325,MAPIRIPÁN,50325000,MAPIRIPÁN (MAPIRIPÁN - META),2021,11,170.433,67.624,60.0,sábado,2021 Nov 06 06:30:00 PM,24.0
52,NARIÑO,52250,EL CHARCO,52250016,ALTERÓN (URIBE URIBE) (EL CHARCO - NARIÑO),2021,11,1.388,270.0,60.0,jueves,2021 Nov 04 06:15:00 PM,24.0
52,NARIÑO,52250,EL CHARCO,52250023,BAZÁN (EL CHARCO - NARIÑO),2021,11,19.668,12.482,60.0,jueves,2021 Nov 11 07:30:00 PM,24.0
52,NARIÑO,52250,EL CHARCO,52250007,SAN JOSÉ DEL TAPAJE (EL CHARCO - NARIÑO),2021,11,15.278,4.134,80.0,viernes,2021 Nov 26 06:45:00 PM,24.0
52,NARIÑO,52520,FRANCISCO PIZARRO,52520013,SAN PEDRO DEL VINO (FRANCISCO PIZARRO - NARIÑO),2021,11,4.187,2.206,60.0,jueves,2021 Nov 18 07:00:00 PM,24.0
52,NARIÑO,52390,LA TOLA,52390005,AGUACATAL (LA TOLA - NARIÑO),2021,11,2.106,522.0,60.0,miércoles,2021 Nov 03 06:30:00 PM,24.0
52,NARIÑO,52390,LA TOLA,52390003,LA VIGÍA DE LA MAR (LA TOLA - NARIÑO),2021,11,5.853,2.524,60.0,viernes,2021 Nov 12 11:15:00 PM,24.0
52,NARIÑO,52390,LA TOLA,52390009,MULATOS (LA TOLA - NARIÑO),2021,11,4.142,1.994,60.0,miércoles,2021 Nov 03 06:15:00 PM,24.0
52,NARIÑO,52390,LA TOLA,52390016,SAN PABLO DEL MAR (LA TOLA - NARIÑO),2021,11,4.697,1.349,60.0,domingo,2021 Nov 07 07:00:00 PM,24.0
52,NARIÑO,52490,OLAYA HERRERA,52490913,BOCA DE PRIETA (OLAYA HERRERA - NARIÑO),2021,11,3.322,907.0,60.0,lunes,2021 Nov 08 06:30:00 PM,24.0
52,NARIÑO,52835,SAN ANDRÉS DE TUMACO,52835055,BOCAS DE CURAY (TUMACO - NARIÑO),2021,11,8.589,2.549,60.0,domingo,2021 Nov 07 11:45:00 PM,24.0
52,NARIÑO,52835,SAN ANDRÉS DE TUMACO,52835016,PITAL DE LA COSTA (TUMACO - NARIÑO),2021,11,17.575,9.485,88.0,viernes,2021 Nov 19 01:00:00 PM,24.0
52,NARIÑO,52835,SAN ANDRÉS DE TUMACO,52835217,SAN JUAN DE LA COSTA (SAN ANDRÉS DE TUMACO - NARIÑO),2021,11,18.194,6.53,144.0,martes,2021 Nov 23 06:45:00 PM,24.0
52,NARIÑO,52696,SANTA BÁRBARA (ISCUANDÉ),52696014,LA ENSENADA (SANTA BÁRBARA (ISCUANDÉ) - NARIÑO),2021,11,1.855,633.0,60.0,viernes,2021 Nov 26 07:45:00 PM,24.0
52,NARIÑO,52696,SANTA BÁRBARA (ISCUANDÉ),52696022,SECADERO (SANTA BÁRBARA (ISCUANDÉ) - NARIÑO),2021,11,2.779,2.033,60.0,miércoles,2021 Nov 03 07:15:00 PM,24.0
86,PUTUMAYO,86573,PUERTO LEGUÍZAMO,86573009,PIÑUÑA NEGRO (PUERTO LEGUÍZAMO - PUTUMAYO),2021,11,3.906,2.403,60.0,sábado,2021 Nov 27 08:45:00 PM,24.0
86,PUTUMAYO,86573,PUERTO LEGUÍZAMO,86573000,PUERTO LEGUÍZAMO (PUERTO LEGUÍZAMO - PUTUMAYO),2021,11,992.047,400.518,60.0,martes,2021 Nov 16 03:15:00 PM,24.0
76,VALLE DEL CAUCA,76109,BUENAVENTURA,76109032,SAN FRANCISCO NAYA (BUENAVENTURA - VALLE DEL CAUCA),2021,11,5.919,2.589,60.0,jueves,2021 Nov 25 05:45:00 PM,24.0
97,VAUPÉS,97161,CARURÚ,97161000,CARURÚ (CARURÚ - VAUPÉS),2021,11,26.121,7.678,60.0,jueves,2021 Nov 18 06:30:00 PM,24.0
97,VAUPÉS,97001,MITÚ,97001000,MITÚ (MITÚ - VAUPÉS),2021,11,10.326,379.678,60.0,miércoles,2021 Nov 17 11:45:00 PM,24.0
97,VAUPÉS,97666,TARAIRA,97666000,TARAIRA (TARAIRA - VAUPÉS),2021,11,29.213,9.089,60.0,lunes,2021 Nov 30 12:30:00 AM,24.0
99,VICHADA,99773,CUMARIBO,99773000,CUMARIBO (CUMARIBO - VICHADA),2021,11,331.422,137.011,60.0,martes,2021 Nov 16 02:15:00 PM,24.0
99,VICHADA,99524,LA PRIMAVERA,99524000,LA PRIMAVERA (LA PRIMAVERA - VICHADA),2021,11,330.853,138.094,60.0,martes,2021 Nov 30 06:15:00 PM,24.0
99,VICHADA,99001,PUERTO CARREÑO,99001002,CASUARITO (PUERTO CARREÑO - VICHADA),2021,11,25.865,9.443,60.0,martes,2021 Nov 16 06:15:00 PM,24.0
99,VICHADA,99001,PUERTO CARREÑO,99001000,PUERTO CARREÑO (PUERTO CARREÑO - VICHADA),2021,11,10.326,801.104,60.0,jueves,2021 Nov 04 01:45:00 PM,24.0
99,VICHADA,99624,SANTA ROSALÍA,99624000,SANTA ROSALÍA (SANTA ROSALÍA - VICHADA),2021,11,150.513,75.59,60.0,martes,2021 Nov 16 06:30:00 PM,24.0
91,AMAZONAS,91001,LETICIA,91001000,LETICIA (LETICIA - AMAZONAS),2021,12,10.326,8.475,60.0,lunes,2021 Dec 13 03:00:00 PM,24.0
91,AMAZONAS,91540,PUERTO NARIÑO,91540000,PUERTO NARIÑO (PUERTO NARIÑO - AMAZONAS),2021,12,114.582,39.961,60.0,lunes,2021 Dec 27 07:00:00 PM,24.0
91,AMAZONAS,91798,TARAPACÁ (ANM),91798000,TARAPACÁ (TARAPACÁ (ANM) - AMAZONAS),2021,12,24.153,10.613,60.0,jueves,2021 Dec 02 03:30:00 PM,24.0
5,ANTIOQUIA,5873,VIGÍA DEL FUERTE,5873002,VEGÁEZ (VIGÍA DEL FUERTE - ANTIOQUIA),2021,12,3.721,429.0,60.0,jueves,2021 Dec 23 07:00:00 PM,24.0
88,"ARCHIPIÉLAGO DE SAN ANDRÉS, PROVIDENCIA Y SANTA CATALINA",88564,PROVIDENCIA,88564000,PROVIDENCIA (PROVIDENCIA - ARCHIPIÉLAGO DE SAN ANDRÉS Y PROVIDENCIA),2021,12,10.326,268.745,60.0,lunes,2021 Dec 06 09:15:00 PM,24.0
88,"ARCHIPIÉLAGO DE SAN ANDRÉS, PROVIDENCIA Y SANTA CATALINA",88001,SAN ANDRÉS,88001000,SAN ANDRÉS (SAN ANDRÉS - ARCHIPIÉLAGO DE SAN ANDRÉS Y PROVIDENCIA),2021,12,10.326,8.475,60.0,jueves,2021 Dec 30 03:45:00 PM,24.0
13,BOLÍVAR,13001,CARTAGENA DE INDIAS,13001007,ISLA FUERTE (CARTAGENA DE INDIAS - BOLÍVAR),2021,12,14.819,8.437,60.0,viernes,2021 Dec 31 10:00:00 PM,24.0
13,BOLÍVAR,13001,CARTAGENA DE INDIAS,13001037,ISLA MÚCURA (CARTAGENA DE INDIAS - BOLÍVAR),2021,12,6.715,2.639,60.0,miércoles,2021 Dec 09 12:30:00 AM,24.0
13,BOLÍVAR,13001,CARTAGENA DE INDIAS,13001017,SANTA CRUZ DEL ISLOTE (CARTAGENA DE INDIAS - BOLÍVAR),2021,12,13.297,4.463,60.0,miércoles,2021 Dec 29 10:00:00 PM,24.0
18,CAQUETÁ,18150,CARTAGENA DEL CHAIRÁ,18150001,REMOLINO DEL CAGUÁN (CARTAGENA DEL CHAIRA - CAQUETÁ),2021,12,18.509,9.1,60.0,viernes,2021 Dec 31 06:45:00 PM,24.0
18,CAQUETÁ,18150,CARTAGENA DEL CHAIRÁ,18150002,SANTA FE DEL CAGUÁN (CARTAGENA DEL CHAIRA - CAQUETÁ),2021,12,4.758,2.196,60.0,sábado,2021 Dec 04 06:15:00 PM,24.0
18,CAQUETÁ,18753,SAN VICENTE DEL CAGUÁN,18753002,GUACAMAYAS (SAN VICENTE DEL CAGUÁN - CAQUETÁ),2021,12,15.996,6.347,60.0,viernes,2021 Dec 31 06:30:00 PM,24.0
18,CAQUETÁ,18753,SAN VICENTE DEL CAGUÁN,18753015,GUAYABAL (SAN VICENTE DEL CAGUÁN - CAQUETÁ),2021,12,6.968,3.531,60.0,lunes,2021 Dec 06 06:00:00 PM,24.0
18,CAQUETÁ,18753,SAN VICENTE DEL CAGUÁN,18753009,PUERTO BETANIA (SAN VICENTE DEL CAGUÁN - CAQUETÁ),2021,12,6.174,2.393,60.0,sábado,2021 Dec 18 06:45:00 PM,24.0
85,CASANARE,85430,TRINIDAD,85430001,BOCAS DEL PAUTO (TRINIDAD - CASANARE),2021,12,14.236,7.725,60.0,viernes,2021 Dec 31 06:30:00 PM,24.0
19,CAUCA,19318,GUAPI,19318008,LIMONES (GUAPI - CAUCA),2021,12,8.928,3.931,60.0,jueves,2021 Dec 30 06:45:00 PM,10.0
19,CAUCA,19318,GUAPI,19318013,SAN ANTONIO DE GUAJUÍ (GUAPI - CAUCA),2021,12,12.223,4.838,60.0,jueves,2021 Dec 30 06:45:00 PM,24.0
19,CAUCA,19418,LÓPEZ DE MICAY,19418011,DOS QUEBRADAS RÍO NAYA (LÓPEZ DE MICAY - CAUCA),2021,12,5.16,2.184,60.0,miércoles,2021 Dec 29 06:00:00 PM,24.0
19,CAUCA,19418,LÓPEZ DE MICAY,19418038,ISLA DE GALLO (LÓPEZ DE MICAY - CAUCA),2021,12,3.727,1.504,60.0,viernes,2021 Dec 31 07:00:00 PM,24.0
19,CAUCA,19418,LÓPEZ DE MICAY,19418009,NOANAMITO (LÓPEZ DE MICAY - CAUCA),2021,12,6.828,1.988,52.0,domingo,2021 Dec 19 08:30:00 PM,24.0
19,CAUCA,19418,LÓPEZ DE MICAY,19418012,SAN ANTONIO DE CHUARÉ (LÓPEZ DE MICAY - CAUCA),2021,12,8.525,2.868,60.0,viernes,2021 Dec 24 07:30:00 PM,24.0
19,CAUCA,19418,LÓPEZ DE MICAY,19418015,SAN ISIDRO (LÓPEZ DE MICAY - CAUCA),2021,12,931.0,457.0,60.0,miércoles,2021 Dec 29 06:45:00 PM,24.0
19,CAUCA,19418,LÓPEZ DE MICAY,19418019,ZARAGOZA (LOPEZ DE MICAY - CAUCA),2021,12,7.2,2.989,60.0,jueves,2021 Dec 02 07:30:00 PM,24.0
19,CAUCA,19809,TIMBIQUÍ,19809014,CHACÓN (TIMBIQUÍ - CAUCA),2021,12,4.535,1.071,60.0,martes,2021 Dec 07 06:45:00 PM,24.0
19,CAUCA,19809,TIMBIQUÍ,19809010,COMUNIDAD DE CHETE (TIMBIQUÍ - CAUCA),2021,12,5.19,2.822,60.0,jueves,2021 Dec 09 07:30:00 PM,24.0
19,CAUCA,19809,TIMBIQUÍ,19809003,COTEJE (TIMBIQUÍ - CAUCA),2021,12,6.959,4.6,60.0,miércoles,2021 Dec 08 06:30:00 PM,24.0
19,CAUCA,19809,TIMBIQUÍ,19809026,LOS BRAZOS (TIMBIQUÍ - CAUCA),2021,12,8.236,1.602,60.0,martes,2021 Dec 07 07:30:00 PM,24.0
19,CAUCA,19809,TIMBIQUÍ,19809023,PUERTO SAIJA (TIMBIQUÍ - CAUCA),2021,12,17.508,8.514,60.0,viernes,2021 Dec 31 07:00:00 PM,24.0
19,CAUCA,19809,TIMBIQUÍ,19809007,SAN JOSÉ (TIMBIQUÍ - CAUCA),2021,12,9.283,6.251,60.0,jueves,2021 Dec 30 07:45:00 PM,24.0
19,CAUCA,19809,TIMBIQUÍ,19809008,SANTA MARÍA (TIMBIQUÍ - CAUCA),2021,12,12.877,5.113,60.0,viernes,2021 Dec 31 07:30:00 PM,24.0
19,CAUCA,19809,TIMBIQUÍ,19809009,SANTA ROSA DE SAIJA (TIMBIQUÍ - CAUCA),2021,12,3.994,2.5,60.0,miércoles,2021 Dec 01 07:30:00 PM,24.0
27,CHOCÓ,27006,ACANDÍ,27006000,ACANDÍ (ACANDÍ - CHOCÓ),2021,12,522.324,195.138,60.0,viernes,2021 Dec 31 06:45:00 PM,24.0
27,CHOCÓ,27006,ACANDÍ,27006007,SAN FRANCISCO (ACANDÍ - CHOCÓ),2021,12,22.309,6.892,60.0,miércoles,2021 Dec 29 08:15:00 PM,24.0
27,CHOCÓ,27025,ALTO BAUDÓ (PIE DE PATO),27025000,CIUDAD BAUDÓ - PIE DE PATO (ALTO BAUDÓ - CHOCÓ),2021,12,45.837,14.481,60.0,martes,2021 Dec 08 12:15:00 AM,24.0
27,CHOCÓ,27075,BAHÍA SOLANO (MUTIS),27075000,CIUDAD MUTIS (BAHÍA SOLANO - CHOCÓ),2021,12,639.792,260.79,60.0,viernes,2021 Dec 18 12:00:00 AM,24.0
27,CHOCÓ,27075,BAHÍA SOLANO (MUTIS),27075001,CUPICA (BAHÍA SOLANO - CHOCÓ),2021,12,67.376,24.294,60.0,sábado,2021 Dec 04 08:00:00 PM,24.0
27,CHOCÓ,27075,BAHÍA SOLANO (MUTIS),27075002,EL VALLE (BAHÍA SOLANO - CHOCÓ),2021,12,161.254,65.484,60.0,lunes,2021 Dec 27 06:45:00 PM,24.0
27,CHOCÓ,27077,BAJO BAUDÓ (PIZARRO),27077011,PILIZA (BAJO BAUDÓ (PIZARRO) - CHOCÓ),2021,12,7.23,6.342,32.0,jueves,2021 Dec 30 07:00:00 PM,10.0
27,CHOCÓ,27077,BAJO BAUDÓ (PIZARRO),27077000,PIZARRO (BAJO BAUDÓ (PIZARRO) - CHOCÓ),2021,12,212.096,99.661,60.0,martes,2021 Dec 07 07:00:00 PM,24.0
27,CHOCÓ,27099,BOJAYÁ (BELLAVISTA),27099000,BELLAVISTA (BOJAYÁ (BELLAVISTA) - CHOCÓ),2021,12,95.31,27.44,60.0,miércoles,2021 Dec 15 07:00:00 PM,24.0
27,CHOCÓ,27099,BOJAYÁ (BELLAVISTA),27099002,LA LOMA DE BOJAYÁ (BOJAYÁ (BELLAVISTA) - CHOCÓ),2021,12,11.874,5.942,60.0,miércoles,2021 Dec 01 07:00:00 PM,24.0
27,CHOCÓ,27099,BOJAYÁ (BELLAVISTA),27099005,NAPIPÍ (BOJAYÁ (BELLAVISTA) - CHOCÓ),2021,12,8.41,2.213,64.0,miércoles,2021 Dec 29 07:45:00 PM,24.0
27,CHOCÓ,27099,BOJAYÁ (BELLAVISTA),27099008,PUERTO CONTO (BOJAYÁ (BELLAVISTA) - CHOCO),2021,12,8.024,2.285,60.0,viernes,2021 Dec 24 08:00:00 PM,24.0
27,CHOCÓ,27250,EL LITORAL DEL SAN JUAN,27250002,CUCURRUPÍ (EL LITORAL DEL SAN JUAN - CHOCÓ),2021,12,2.995,1.063,32.0,viernes,2021 Dec 24 01:00:00 PM,24.0
27,CHOCÓ,27250,EL LITORAL DEL SAN JUAN,27250000,SANTA GENOVEVA DE DOCORDÓ (EL LITORAL DEL SAN JUAN - CHOCÓ),2021,12,64.753,37.259,165.0,jueves,2021 Dec 09 11:00:00 PM,24.0
27,CHOCÓ,27250,EL LITORAL DEL SAN JUAN,27250914,TOGOROMA PLAYA (EL LITORAL DEL SAN JUAN - CHOCÓ),2021,12,1.126,208.0,60.0,lunes,2021 Dec 06 06:00:00 PM,24.0
27,CHOCÓ,27372,JURADÓ,27372000,JURADÓ (JURADÓ - CHOCÓ),2021,12,170.787,72.659,60.0,jueves,2021 Dec 09 07:15:00 PM,24.0
27,CHOCÓ,27425,MEDIO ATRATO (BETÉ),27425000,BETÉ (MEDIO ATRATO (BETÉ) - CHOCÓ),2021,12,15.691,10.231,56.0,sábado,2021 Dec 11 07:30:00 PM,24.0
27,CHOCÓ,27425,MEDIO ATRATO (BETÉ),27425008,SAN ROQUE (MEDIO ATRATO (BETÉ) - CHOCÓ),2021,12,4.173,1.301,60.0,viernes,2021 Dec 24 06:45:00 PM,24.0
27,CHOCÓ,27495,NUQUÍ,27495912,COMUNIDAD INDÍGENA DE PANGUÍ - EL YUCAL (NUQUÍ - CHOCÓ),2021,12,8.167,1.892,60.0,lunes,2021 Dec 20 12:00:00 AM,24.0
27,CHOCÓ,27495,NUQUÍ,27495000,NUQUÍ (NUQUÍ - CHOCÓ),2021,12,259.262,89.34,60.0,domingo,2021 Dec 19 07:00:00 PM,24.0
27,CHOCÓ,27495,NUQUÍ,27495011,PUERTO JAGUA (NUQUÍ - CHOCÓ),2021,12,809.0,470.0,60.0,jueves,2021 Dec 23 06:45:00 PM,24.0
27,CHOCÓ,27001,QUIBDÓ,27001029,TAGACHI (QUIBDÓ - CHOCÓ),2021,12,9.949,3.488,60.0,jueves,2021 Dec 30 01:45:00 PM,24.0
27,CHOCÓ,27800,UNGUÍA,27800001,BALBOA (UNGUÍA - CHOCÓ),2021,12,20.287,8.071,60.0,viernes,2021 Dec 31 06:45:00 PM,24.0
27,CHOCÓ,27800,UNGUÍA,27800005,TITUMATE (UNGUÍA - CHOCÓ),2021,12,18.197,4.683,60.0,domingo,2021 Dec 19 07:00:00 PM,24.0
27,CHOCÓ,27800,UNGUÍA,27800000,UNGUÍA (UNGUÍA - CHOCÓ),2021,12,424.583,147.401,60.0,jueves,2021 Dec 16 09:30:00 PM,24.0
94,GUAINÍA,94343,BARRANCOMINAS,94343000,BARRANCOMINAS (BARRANCOMINAS - GUAINÍA),2021,12,71.31,24.211,60.0,viernes,2021 Dec 03 07:00:00 PM,16.0
94,GUAINÍA,94001,INÍRIDA,94001000,INÍRIDA (INÍRIDA - GUAINÍA),2021,12,10.326,666.182,60.0,lunes,2021 Dec 06 05:45:00 PM,24.0
95,GUAVIARE,95200,MIRAFLORES,95200000,MIRAFLORES (MIRAFLORES - GUAVIARE),2021,12,88.21,32.159,60.0,jueves,2021 Dec 23 06:15:00 PM,24.0
44,LA GUAJIRA,44847,URIBIA,44847012,NAZARETH (URIBIA - LA GUAJIRA),2021,12,46.448,17.396,60.0,miércoles,2021 Dec 01 06:15:00 PM,24.0
47,MAGDALENA,47189,CIÉNAGA,47189018,PALMOR (CIÉNAGA - MAGDALENA),2021,12,108.744,39.858,60.0,martes,2021 Dec 07 06:30:00 PM,24.0
50,META,50325,MAPIRIPÁN,50325000,MAPIRIPÁN (MAPIRIPÁN - META),2021,12,182.933,73.333,60.0,miércoles,2021 Dec 22 06:30:00 PM,24.0
52,NARIÑO,52250,EL CHARCO,52250016,ALTERÓN (URIBE URIBE) (EL CHARCO - NARIÑO),2021,12,1.389,251.0,60.0,sábado,2021 Dec 18 07:15:00 PM,24.0
52,NARIÑO,52250,EL CHARCO,52250023,BAZÁN (EL CHARCO - NARIÑO),2021,12,20.899,12.895,60.0,viernes,2021 Dec 10 07:30:00 PM,8.0
52,NARIÑO,52250,EL CHARCO,52250003,BOLÍVAR - SAN PEDRO (EL CHARCO - NARIÑO),2021,12,1.843,1.402,60.0,viernes,2021 Dec 24 07:45:00 PM,24.0
52,NARIÑO,52250,EL CHARCO,52250007,SAN JOSÉ DEL TAPAJE (EL CHARCO - NARIÑO),2021,12,17.048,4.186,80.0,jueves,2021 Dec 30 09:45:00 PM,24.0
52,NARIÑO,52390,LA TOLA,52390005,AGUACATAL (LA TOLA - NARIÑO),2021,12,2.156,497.0,60.0,domingo,2021 Dec 19 06:15:00 PM,24.0
52,NARIÑO,52390,LA TOLA,52390003,LA VIGÍA DE LA MAR (LA TOLA - NARIÑO),2021,12,6.502,2.95,60.0,miércoles,2021 Dec 08 11:15:00 PM,24.0
52,NARIÑO,52390,LA TOLA,52390009,MULATOS (LA TOLA - NARIÑO),2021,12,4.102,1.882,60.0,lunes,2021 Dec 27 06:00:00 PM,24.0
52,NARIÑO,52390,LA TOLA,52390016,SAN PABLO DEL MAR (LA TOLA - NARIÑO),2021,12,4.474,1.287,60.0,viernes,2021 Dec 24 07:45:00 PM,24.0
52,NARIÑO,52490,OLAYA HERRERA,52490913,BOCA DE PRIETA (OLAYA HERRERA - NARIÑO),2021,12,2.876,800.0,60.0,miércoles,2021 Dec 01 07:30:00 PM,24.0
52,NARIÑO,52835,SAN ANDRÉS DE TUMACO,52835055,BOCAS DE CURAY (TUMACO - NARIÑO),2021,12,10.189,3.188,60.0,viernes,2021 Dec 24 07:00:00 PM,24.0
52,NARIÑO,52835,SAN ANDRÉS DE TUMACO,52835016,PITAL DE LA COSTA (TUMACO - NARIÑO),2021,12,18.848,10.118,84.0,sábado,2021 Dec 04 12:45:00 AM,24.0
52,NARIÑO,52835,SAN ANDRÉS DE TUMACO,52835217,SAN JUAN DE LA COSTA (SAN ANDRÉS DE TUMACO - NARIÑO),2021,12,24.319,9.134,128.0,jueves,2021 Dec 30 07:00:00 PM,24.0
52,NARIÑO,52696,SANTA BÁRBARA (ISCUANDÉ),52696014,LA ENSENADA (SANTA BÁRBARA (ISCUANDÉ) - NARIÑO),2021,12,2.748,1.098,60.0,viernes,2021 Dec 24 08:00:00 PM,24.0
52,NARIÑO,52696,SANTA BÁRBARA (ISCUANDÉ),52696022,SECADERO (SANTA BÁRBARA (ISCUANDÉ) - NARIÑO),2021,12,2.729,1.926,60.0,miércoles,2021 Dec 08 06:45:00 PM,24.0
86,PUTUMAYO,86573,PUERTO LEGUÍZAMO,86573009,PIÑUÑA NEGRO (PUERTO LEGUÍZAMO - PUTUMAYO),2021,12,4.492,2.941,60.0,sábado,2021 Dec 25 05:30:00 PM,24.0
76,VALLE DEL CAUCA,76109,BUENAVENTURA,76109028,PUERTO MERIZALDE (BUENAVENTURA - VALLE DEL CAUCA),2021,12,58.393,19.668,60.0,viernes,2021 Dec 17 08:00:00 PM,24.0
76,VALLE DEL CAUCA,76109,BUENAVENTURA,76109032,SAN FRANCISCO NAYA (BUENAVENTURA - VALLE DEL CAUCA),2021,12,4.366,2.0,60.0,domingo,2021 Dec 12 12:00:00 AM,24.0
97,VAUPÉS,97161,CARURÚ,97161000,CARURÚ (CARURÚ - VAUPÉS),2021,12,29.197,8.89,60.0,miércoles,2021 Dec 01 06:15:00 PM,24.0
97,VAUPÉS,97001,MITÚ,97001000,MITÚ (MITÚ - VAUPÉS),2021,12,10.326,419.135,60.0,lunes,2021 Dec 06 11:45:00 PM,24.0
97,VAUPÉS,97666,TARAIRA,97666000,TARAIRA (TARAIRA - VAUPÉS),2021,12,33.243,10.338,60.0,lunes,2021 Dec 27 06:00:00 PM,24.0
99,VICHADA,99773,CUMARIBO,99773000,CUMARIBO (CUMARIBO - VICHADA),2021,12,354.309,146.964,60.0,lunes,2021 Dec 13 06:00:00 PM,24.0
99,VICHADA,99524,LA PRIMAVERA,99524000,LA PRIMAVERA (LA PRIMAVERA - VICHADA),2021,12,349.787,146.817,60.0,lunes,2021 Dec 27 06:15:00 PM,24.0
99,VICHADA,99001,PUERTO CARREÑO,99001002,CASUARITO (PUERTO CARREÑO - VICHADA),2021,12,38.12,14.66,60.0,viernes,2021 Dec 10 07:15:00 PM,24.0
99,VICHADA,99001,PUERTO CARREÑO,99001000,PUERTO CARREÑO (PUERTO CARREÑO - VICHADA),2021,12,10.326,817.352,60.0,lunes,2021 Dec 06 02:00:00 PM,24.0
99,VICHADA,99624,SANTA ROSALÍA,99624000,SANTA ROSALÍA (SANTA ROSALÍA - VICHADA),2021,12,157.971,79.928,60.0,miércoles,2021 Dec 22 06:30:00 PM,24.0
91,AMAZONAS,91001,LETICIA,91001000,LETICIA (LETICIA - AMAZONAS),2022,1,10.326,8.475,60.0,miércoles,2022 Jan 19 03:15:00 PM,24.0
91,AMAZONAS,91540,PUERTO NARIÑO,91540000,PUERTO NARIÑO (PUERTO NARIÑO - AMAZONAS),2022,1,104.004,37.309,60.0,miércoles,2022 Jan 05 07:15:00 PM,24.0
27,CHOCÓ,27372,JURADO,27372000,JURADO,2025,12,200.343,58.239,356.0,jueves,2025 Dec 24 07:30:00 PM,2.393
91,AMAZONAS,91798,TARAPACÁ (ANM),91798000,TARAPACÁ (TARAPACÁ (ANM) - AMAZONAS),2022,1,23.629,10.738,60.0,domingo,2022 Jan 16 06:00:00 PM,24.0
5,ANTIOQUIA,5873,VIGÍA DEL FUERTE,5873002,VEGÁEZ (VIGÍA DEL FUERTE - ANTIOQUIA),2022,1,3.438,423.0,60.0,lunes,2022 Jan 03 07:30:00 PM,24.0
88,"ARCHIPIÉLAGO DE SAN ANDRÉS, PROVIDENCIA Y SANTA CATALINA",88564,PROVIDENCIA,88564000,PROVIDENCIA (PROVIDENCIA - ARCHIPIÉLAGO DE SAN ANDRÉS Y PROVIDENCIA),2022,1,936.385,255.183,60.0,jueves,2022 Jan 20 09:30:00 PM,24.0
88,"ARCHIPIÉLAGO DE SAN ANDRÉS, PROVIDENCIA Y SANTA CATALINA",88001,SAN ANDRÉS,88001000,SAN ANDRÉS (SAN ANDRÉS - ARCHIPIÉLAGO DE SAN ANDRÉS Y PROVIDENCIA),2022,1,10.326,8.475,60.0,lunes,2022 Jan 03 11:30:00 PM,24.0
13,BOLÍVAR,13001,CARTAGENA DE INDIAS,13001007,ISLA FUERTE (CARTAGENA DE INDIAS - BOLÍVAR),2022,1,20.571,11.791,60.0,sábado,2022 Jan 01 11:15:00 PM,24.0
13,BOLÍVAR,13001,CARTAGENA DE INDIAS,13001037,ISLA MÚCURA (CARTAGENA DE INDIAS - BOLÍVAR),2022,1,7.048,2.701,60.0,miércoles,2022 Jan 05 02:30:00 PM,24.0
13,BOLÍVAR,13001,CARTAGENA DE INDIAS,13001017,SANTA CRUZ DEL ISLOTE (CARTAGENA DE INDIAS - BOLÍVAR),2022,1,13.431,4.523,60.0,domingo,2022 Jan 09 09:45:00 PM,24.0
18,CAQUETÁ,18150,CARTAGENA DEL CHAIRÁ,18150001,REMOLINO DEL CAGUÁN (CARTAGENA DEL CHAIRA - CAQUETÁ),2022,1,16.339,8.129,60.0,sábado,2022 Jan 15 07:00:00 PM,24.0
18,CAQUETÁ,18150,CARTAGENA DEL CHAIRÁ,18150002,SANTA FE DEL CAGUÁN (CARTAGENA DEL CHAIRA - CAQUETÁ),2022,1,3.669,1.701,60.0,domingo,2022 Jan 30 06:45:00 PM,24.0
18,CAQUETÁ,18753,SAN VICENTE DEL CAGUÁN,18753002,GUACAMAYAS (SAN VICENTE DEL CAGUÁN - CAQUETÁ),2022,1,15.105,6.256,60.0,domingo,2022 Jan 02 06:30:00 PM,24.0
18,CAQUETÁ,18753,SAN VICENTE DEL CAGUÁN,18753009,PUERTO BETANIA (SAN VICENTE DEL CAGUÁN - CAQUETÁ),2022,1,6.22,2.452,60.0,sábado,2022 Jan 29 07:15:00 PM,24.0
85,CASANARE,85430,TRINIDAD,85430001,BOCAS DEL PAUTO (TRINIDAD - CASANARE),2022,1,14.414,8.102,60.0,jueves,2022 Jan 06 06:30:00 PM,24.0
19,CAUCA,19318,GUAPI,19318008,LIMONES (GUAPI - CAUCA),2022,1,7.662,3.177,60.0,jueves,2022 Jan 13 07:00:00 PM,24.0
19,CAUCA,19318,GUAPI,19318013,SAN ANTONIO DE GUAJUÍ (GUAPI - CAUCA),2022,1,11.541,4.806,60.0,viernes,2022 Jan 07 06:30:00 PM,24.0
19,CAUCA,19418,LÓPEZ DE MICAY,19418011,DOS QUEBRADAS RÍO NAYA (LÓPEZ DE MICAY - CAUCA),2022,1,5.401,2.361,60.0,martes,2022 Jan 25 04:15:00 PM,24.0
19,CAUCA,19418,LÓPEZ DE MICAY,19418038,ISLA DE GALLO (LÓPEZ DE MICAY - CAUCA),2022,1,3.673,1.647,60.0,miércoles,2022 Jan 05 06:45:00 PM,24.0
19,CAUCA,19418,LÓPEZ DE MICAY,19418009,NOANAMITO (LÓPEZ DE MICAY - CAUCA),2022,1,6.526,1.99,44.0,domingo,2022 Jan 30 07:15:00 PM,24.0
19,CAUCA,19418,LÓPEZ DE MICAY,19418012,SAN ANTONIO DE CHUARÉ (LÓPEZ DE MICAY - CAUCA),2022,1,8.262,2.868,60.0,viernes,2022 Jan 21 06:45:00 PM,24.0
19,CAUCA,19418,LÓPEZ DE MICAY,19418015,SAN ISIDRO (LÓPEZ DE MICAY - CAUCA),2022,1,1.053,570.0,60.0,jueves,2022 Jan 13 07:00:00 PM,24.0
19,CAUCA,19418,LÓPEZ DE MICAY,19418019,ZARAGOZA (LOPEZ DE MICAY - CAUCA),2022,1,6.137,2.391,60.0,domingo,2022 Jan 23 07:00:00 PM,24.0
19,CAUCA,19809,TIMBIQUÍ,19809014,CHACÓN (TIMBIQUÍ - CAUCA),2022,1,2.45,616.0,60.0,jueves,2022 Jan 13 07:45:00 PM,24.0
19,CAUCA,19809,TIMBIQUÍ,19809010,COMUNIDAD DE CHETE (TIMBIQUÍ - CAUCA),2022,1,4.581,2.748,60.0,jueves,2022 Jan 20 07:00:00 PM,24.0
19,CAUCA,19809,TIMBIQUÍ,19809003,COTEJE (TIMBIQUÍ - CAUCA),2022,1,5.863,4.178,33.0,lunes,2022 Jan 24 06:45:00 PM,24.0
19,CAUCA,19809,TIMBIQUÍ,19809026,LOS BRAZOS (TIMBIQUÍ - CAUCA),2022,1,8.045,1.531,60.0,miércoles,2022 Jan 19 07:45:00 PM,24.0
19,CAUCA,19809,TIMBIQUÍ,19809023,PUERTO SAIJA (TIMBIQUÍ - CAUCA),2022,1,24.669,11.861,60.0,miércoles,2022 Jan 19 08:00:00 PM,24.0
19,CAUCA,19809,TIMBIQUÍ,19809007,SAN JOSÉ (TIMBIQUÍ - CAUCA),2022,1,8.205,5.676,60.0,lunes,2022 Jan 31 07:45:00 PM,24.0
19,CAUCA,19809,TIMBIQUÍ,19809008,SANTA MARÍA (TIMBIQUÍ - CAUCA),2022,1,13.803,5.622,60.0,jueves,2022 Jan 06 06:45:00 PM,24.0
19,CAUCA,19809,TIMBIQUÍ,19809009,SANTA ROSA DE SAIJA (TIMBIQUÍ - CAUCA),2022,1,3.882,2.566,60.0,miércoles,2022 Jan 26 06:30:00 PM,24.0
27,CHOCÓ,27006,ACANDÍ,27006000,ACANDÍ (ACANDÍ - CHOCÓ),2022,1,560.845,210.349,60.0,domingo,2022 Jan 02 08:30:00 PM,24.0
27,CHOCÓ,27006,ACANDÍ,27006007,SAN FRANCISCO (ACANDÍ - CHOCÓ),2022,1,10.598,3.551,60.0,miércoles,2022 Jan 05 07:30:00 PM,24.0
27,CHOCÓ,27025,ALTO BAUDÓ (PIE DE PATO),27025000,CIUDAD BAUDÓ - PIE DE PATO (ALTO BAUDÓ - CHOCÓ),2022,1,45.799,14.594,60.0,sábado,2022 Jan 30 12:15:00 AM,24.0
27,CHOCÓ,27075,BAHÍA SOLANO (MUTIS),27075000,CIUDAD MUTIS (BAHÍA SOLANO - CHOCÓ),2022,1,664.6,240.197,60.0,jueves,2022 Jan 20 07:15:00 PM,24.0
27,CHOCÓ,27075,BAHÍA SOLANO (MUTIS),27075001,CUPICA (BAHÍA SOLANO - CHOCÓ),2022,1,67.016,22.507,60.0,sábado,2022 Jan 29 07:30:00 PM,24.0
27,CHOCÓ,27075,BAHÍA SOLANO (MUTIS),27075002,EL VALLE (BAHÍA SOLANO - CHOCÓ),2022,1,166.124,69.597,60.0,martes,2022 Jan 04 07:15:00 PM,24.0
27,CHOCÓ,27077,BAJO BAUDÓ (PIZARRO),27077905,BUENAVISTA (BAJO BAUDÓ (PIZARRO) - CHOCÓ),2022,1,2.346,288.0,60.0,miércoles,2022 Jan 26 08:00:00 PM,24.0
27,CHOCÓ,27077,BAJO BAUDÓ (PIZARRO),27077011,PILIZA (BAJO BAUDÓ (PIZARRO) - CHOCÓ),2022,1,6.045,5.855,32.0,viernes,2022 Jan 28 07:00:00 PM,24.0
27,CHOCÓ,27077,BAJO BAUDÓ (PIZARRO),27077000,PIZARRO (BAJO BAUDÓ (PIZARRO) - CHOCÓ),2022,1,207.075,96.33,60.0,lunes,2022 Jan 31 07:45:00 PM,24.0
27,CHOCÓ,27099,BOJAYÁ (BELLAVISTA),27099000,BELLAVISTA (BOJAYÁ (BELLAVISTA) - CHOCÓ),2022,1,92.871,26.91,60.0,jueves,2022 Jan 27 07:15:00 PM,24.0
27,CHOCÓ,27099,BOJAYÁ (BELLAVISTA),27099002,LA LOMA DE BOJAYÁ (BOJAYÁ (BELLAVISTA) - CHOCÓ),2022,1,13.026,6.487,60.0,lunes,2022 Jan 31 07:15:00 PM,24.0
27,CHOCÓ,27099,BOJAYÁ (BELLAVISTA),27099005,NAPIPÍ (BOJAYÁ (BELLAVISTA) - CHOCÓ),2022,1,9.644,2.507,64.0,lunes,2022 Jan 03 08:15:00 PM,24.0
27,CHOCÓ,27250,EL LITORAL DEL SAN JUAN,27250000,SANTA GENOVEVA DE DOCORDÓ (EL LITORAL DEL SAN JUAN - CHOCÓ),2022,1,60.799,34.401,60.0,martes,2022 Jan 26 12:45:00 AM,24.0
27,CHOCÓ,27372,JURADÓ,27372000,JURADÓ (JURADÓ - CHOCÓ),2022,1,164.83,72.505,60.0,jueves,2022 Jan 20 07:30:00 PM,24.0
27,CHOCÓ,27425,MEDIO ATRATO (BETÉ),27425000,BETÉ (MEDIO ATRATO (BETÉ) - CHOCÓ),2022,1,14.515,9.906,52.0,lunes,2022 Jan 31 08:00:00 PM,24.0
27,CHOCÓ,27425,MEDIO ATRATO (BETÉ),27425008,SAN ROQUE (MEDIO ATRATO (BETÉ) - CHOCÓ),2022,1,4.04,1.287,60.0,sábado,2022 Jan 22 07:15:00 PM,24.0
27,CHOCÓ,27495,NUQUÍ,27495912,COMUNIDAD INDÍGENA DE PANGUÍ - EL YUCAL (NUQUÍ - CHOCÓ),2022,1,6.776,1.851,60.0,sábado,2022 Jan 08 04:30:00 PM,24.0
27,CHOCÓ,27495,NUQUÍ,27495000,NUQUÍ (NUQUÍ - CHOCÓ),2022,1,251.923,97.354,60.0,sábado,2022 Jan 08 07:00:00 PM,24.0
27,CHOCÓ,27495,NUQUÍ,27495011,PUERTO JAGUA (NUQUÍ - CHOCÓ),2022,1,560.0,314.0,60.0,martes,2022 Jan 18 07:45:00 PM,24.0
27,CHOCÓ,27001,QUIBDÓ,27001029,TAGACHI (QUIBDÓ - CHOCÓ),2022,1,8.28,2.97,60.0,martes,2022 Jan 04 01:15:00 PM,24.0
27,CHOCÓ,27800,UNGUÍA,27800001,BALBOA (UNGUÍA - CHOCÓ),2022,1,19.504,7.918,60.0,domingo,2022 Jan 02 08:00:00 PM,24.0
27,CHOCÓ,27800,UNGUÍA,27800005,TITUMATE (UNGUÍA - CHOCÓ),2022,1,17.535,4.497,60.0,sábado,2022 Jan 22 08:15:00 PM,24.0
27,CHOCÓ,27800,UNGUÍA,27800000,UNGUÍA (UNGUÍA - CHOCÓ),2022,1,386.38,137.484,60.0,jueves,2022 Jan 20 07:15:00 PM,24.0
94,GUAINÍA,94343,BARRANCOMINAS,94343000,BARRANCOMINAS (BARRANCOMINAS - GUAINÍA),2022,1,60.972,19.836,60.0,domingo,2022 Jan 02 06:30:00 PM,24.0
94,GUAINÍA,94001,INÍRIDA,94001000,INÍRIDA (INÍRIDA - GUAINÍA),2022,1,10.326,673.698,60.0,viernes,2022 Jan 14 03:15:00 PM,24.0
95,GUAVIARE,95200,MIRAFLORES,95200000,MIRAFLORES (MIRAFLORES - GUAVIARE),2022,1,76.973,28.414,60.0,lunes,2022 Jan 31 06:30:00 PM,24.0
44,LA GUAJIRA,44847,URIBIA,44847012,NAZARETH (URIBIA - LA GUAJIRA),2022,1,42.883,17.085,60.0,martes,2022 Jan 18 06:30:00 PM,24.0
47,MAGDALENA,47189,CIÉNAGA,47189018,PALMOR (CIÉNAGA - MAGDALENA),2022,1,98.133,34.54,60.0,sábado,2022 Jan 15 06:45:00 PM,24.0
50,META,50325,MAPIRIPÁN,50325000,MAPIRIPÁN (MAPIRIPÁN - META),2022,1,172.163,71.286,60.0,jueves,2022 Jan 27 06:45:00 PM,24.0
52,NARIÑO,52250,EL CHARCO,52250007,SAN JOSÉ DEL TAPAJE (EL CHARCO - NARIÑO),2022,1,16.612,4.662,80.0,lunes,2022 Jan 31 09:15:00 PM,24.0
52,NARIÑO,52390,LA TOLA,52390003,LA VIGÍA DE LA MAR (LA TOLA - NARIÑO),2022,1,7.083,3.306,60.0,miércoles,2022 Jan 12 11:15:00 PM,24.0
52,NARIÑO,52390,LA TOLA,52390009,MULATOS (LA TOLA - NARIÑO),2022,1,4.201,1.947,60.0,lunes,2022 Jan 31 05:30:00 PM,24.0
52,NARIÑO,52390,LA TOLA,52390016,SAN PABLO DEL MAR (LA TOLA - NARIÑO),2022,1,1.149,350.0,60.0,jueves,2022 Jan 06 08:00:00 PM,24.0
52,NARIÑO,52490,OLAYA HERRERA,52490913,BOCA DE PRIETA (OLAYA HERRERA - NARIÑO),2022,1,2.675,749.0,60.0,martes,2022 Jan 11 07:30:00 PM,24.0
52,NARIÑO,52835,SAN ANDRÉS DE TUMACO,52835055,BOCAS DE CURAY (TUMACO - NARIÑO),2022,1,8.122,2.524,60.0,lunes,2022 Jan 03 06:45:00 PM,24.0
52,NARIÑO,52835,SAN ANDRÉS DE TUMACO,52835016,PITAL DE LA COSTA (TUMACO - NARIÑO),2022,1,14.171,7.383,80.0,domingo,2022 Jan 30 07:15:00 PM,24.0
52,NARIÑO,52835,SAN ANDRÉS DE TUMACO,52835217,SAN JUAN DE LA COSTA (SAN ANDRÉS DE TUMACO - NARIÑO),2022,1,16.552,6.129,144.0,martes,2022 Jan 04 06:45:00 PM,24.0
52,NARIÑO,52696,SANTA BÁRBARA (ISCUANDÉ),52696014,LA ENSENADA (SANTA BÁRBARA (ISCUANDÉ) - NARIÑO),2022,1,2.621,1.179,60.0,miércoles,2022 Jan 19 07:45:00 PM,24.0
52,NARIÑO,52696,SANTA BÁRBARA (ISCUANDÉ),52696022,SECADERO (SANTA BÁRBARA (ISCUANDÉ) - NARIÑO),2022,1,2.814,2.067,60.0,miércoles,2022 Jan 26 07:00:00 PM,24.0
86,PUTUMAYO,86573,PUERTO LEGUÍZAMO,86573009,PIÑUÑA NEGRO (PUERTO LEGUÍZAMO - PUTUMAYO),2022,1,4.221,2.702,60.0,lunes,2022 Jan 31 07:45:00 PM,24.0
76,VALLE DEL CAUCA,76109,BUENAVENTURA,76109028,PUERTO MERIZALDE (BUENAVENTURA - VALLE DEL CAUCA),2022,1,63.79,20.259,60.0,jueves,2022 Jan 20 08:15:00 PM,24.0
76,VALLE DEL CAUCA,76109,BUENAVENTURA,76109032,SAN FRANCISCO NAYA (BUENAVENTURA - VALLE DEL CAUCA),2022,1,2.649,1.068,60.0,jueves,2022 Jan 06 06:30:00 PM,24.0
97,VAUPÉS,97161,CARURÚ,97161000,CARURÚ (CARURÚ - VAUPÉS),2022,1,19.768,4.438,60.0,jueves,2022 Jan 27 04:15:00 PM,24.0
97,VAUPÉS,97001,MITÚ,97001000,MITÚ (MITÚ - VAUPÉS),2022,1,10.326,411.611,60.0,viernes,2022 Jan 15 12:00:00 AM,24.0
97,VAUPÉS,97666,TARAIRA,97666000,TARAIRA (TARAIRA - VAUPÉS),2022,1,31.365,9.992,60.0,jueves,2022 Jan 06 06:45:00 PM,24.0
99,VICHADA,99773,CUMARIBO,99773000,CUMARIBO (CUMARIBO - VICHADA),2022,1,338.32,145.066,60.0,viernes,2022 Jan 14 06:15:00 PM,24.0
99,VICHADA,99524,LA PRIMAVERA,99524000,LA PRIMAVERA (LA PRIMAVERA - VICHADA),2022,1,349.259,148.899,60.0,viernes,2022 Jan 21 06:30:00 PM,24.0
99,VICHADA,99001,PUERTO CARREÑO,99001002,CASUARITO (PUERTO CARREÑO - VICHADA),2022,1,30.981,11.9,60.0,martes,2022 Jan 25 06:45:00 PM,24.0
99,VICHADA,99001,PUERTO CARREÑO,99001000,PUERTO CARREÑO (PUERTO CARREÑO - VICHADA),2022,1,10.326,819.682,60.0,martes,2022 Jan 25 02:15:00 PM,24.0
99,VICHADA,99624,SANTA ROSALÍA,99624000,SANTA ROSALÍA (SANTA ROSALÍA - VICHADA),2022,1,148.679,76.843,60.0,martes,2022 Jan 25 07:15:00 PM,24.0
91,AMAZONAS,91001,LETICIA,91001000,LETICIA (LETICIA - AMAZONAS),2022,2,10.326,8.475,60.0,martes,2022 Feb 01 03:00:00 PM,24.0
91,AMAZONAS,91540,PUERTO NARIÑO,91540000,PUERTO NARIÑO (PUERTO NARIÑO - AMAZONAS),2022,2,97.153,34.791,60.0,jueves,2022 Feb 10 07:00:00 PM,24.0
91,AMAZONAS,91798,TARAPACÁ (ANM),91798000,TARAPACÁ (TARAPACÁ (ANM) - AMAZONAS),2022,2,21.154,9.652,60.0,martes,2022 Feb 01 07:45:00 PM,24.0
5,ANTIOQUIA,5873,VIGÍA DEL FUERTE,5873002,VEGÁEZ (VIGÍA DEL FUERTE - ANTIOQUIA),2022,2,2.753,272.0,60.0,sábado,2022 Feb 26 07:45:00 PM,24.0
88,"ARCHIPIÉLAGO DE SAN ANDRÉS, PROVIDENCIA Y SANTA CATALINA",88564,PROVIDENCIA,88564000,PROVIDENCIA (PROVIDENCIA - ARCHIPIÉLAGO DE SAN ANDRÉS Y PROVIDENCIA),2022,2,903.471,236.728,60.0,jueves,2022 Feb 17 09:30:00 PM,24.0
27,CHOCÓ,27372,JURADO,27372000,JURADO,2026,1,194.368,57.797,35.296,viernes,2026 Jan 29 08:00:00 PM,2.36
88,"ARCHIPIÉLAGO DE SAN ANDRÉS, PROVIDENCIA Y SANTA CATALINA",88001,SAN ANDRÉS,88001000,SAN ANDRÉS (SAN ANDRÉS - ARCHIPIÉLAGO DE SAN ANDRÉS Y PROVIDENCIA),2022,2,10.326,8.475,60.0,jueves,2022 Feb 17 03:45:00 PM,24.0
13,BOLÍVAR,13001,CARTAGENA DE INDIAS,13001007,ISLA FUERTE (CARTAGENA DE INDIAS - BOLÍVAR),2022,2,14.98,8.05,60.0,jueves,2022 Feb 17 10:15:00 PM,24.0
13,BOLÍVAR,13001,CARTAGENA DE INDIAS,13001037,ISLA MÚCURA (CARTAGENA DE INDIAS - BOLÍVAR),2022,2,6.153,2.518,60.0,miércoles,2022 Feb 09 10:15:00 PM,24.0
13,BOLÍVAR,13001,CARTAGENA DE INDIAS,13001017,SANTA CRUZ DEL ISLOTE (CARTAGENA DE INDIAS - BOLÍVAR),2022,2,11.959,4.111,60.0,jueves,2022 Feb 17 10:30:00 PM,24.0
18,CAQUETÁ,18150,CARTAGENA DEL CHAIRÁ,18150001,REMOLINO DEL CAGUÁN (CARTAGENA DEL CHAIRA - CAQUETÁ),2022,2,16.018,7.882,60.0,sábado,2022 Feb 19 06:45:00 PM,24.0
18,CAQUETÁ,18150,CARTAGENA DEL CHAIRÁ,18150002,SANTA FE DEL CAGUÁN (CARTAGENA DEL CHAIRA - CAQUETÁ),2022,2,3.067,1.392,60.0,martes,2022 Feb 22 06:45:00 PM,24.0
18,CAQUETÁ,18753,SAN VICENTE DEL CAGUÁN,18753002,GUACAMAYAS (SAN VICENTE DEL CAGUÁN - CAQUETÁ),2022,2,13.566,5.492,60.0,domingo,2022 Feb 13 07:00:00 PM,24.0
18,CAQUETÁ,18753,SAN VICENTE DEL CAGUÁN,18753009,PUERTO BETANIA (SAN VICENTE DEL CAGUÁN - CAQUETÁ),2022,2,5.18,2.007,60.0,lunes,2022 Feb 14 07:00:00 PM,24.0
85,CASANARE,85430,TRINIDAD,85430001,BOCAS DEL PAUTO (TRINIDAD - CASANARE),2022,2,11.762,6.282,60.0,miércoles,2022 Feb 23 06:30:00 PM,24.0
19,CAUCA,19318,GUAPI,19318008,LIMONES (GUAPI - CAUCA),2022,2,7.453,3.213,60.0,viernes,2022 Feb 25 05:00:00 PM,24.0
19,CAUCA,19318,GUAPI,19318013,SAN ANTONIO DE GUAJUÍ (GUAPI - CAUCA),2022,2,10.06,4.088,60.0,lunes,2022 Feb 07 07:45:00 PM,24.0
19,CAUCA,19418,LÓPEZ DE MICAY,19418011,DOS QUEBRADAS RÍO NAYA (LÓPEZ DE MICAY - CAUCA),2022,2,3.659,1.437,60.0,miércoles,2022 Feb 16 08:00:00 PM,24.0
19,CAUCA,19418,LÓPEZ DE MICAY,19418038,ISLA DE GALLO (LÓPEZ DE MICAY - CAUCA),2022,2,2.655,1.284,60.0,sábado,2022 Feb 12 07:15:00 PM,24.0
19,CAUCA,19418,LÓPEZ DE MICAY,19418012,SAN ANTONIO DE CHUARÉ (LÓPEZ DE MICAY - CAUCA),2022,2,7.457,2.635,60.0,viernes,2022 Feb 25 07:00:00 PM,24.0
19,CAUCA,19418,LÓPEZ DE MICAY,19418015,SAN ISIDRO (LÓPEZ DE MICAY - CAUCA),2022,2,800.0,444.0,60.0,domingo,2022 Feb 13 07:00:00 PM,24.0
19,CAUCA,19418,LÓPEZ DE MICAY,19418019,ZARAGOZA (LOPEZ DE MICAY - CAUCA),2022,2,6.783,2.665,60.0,viernes,2022 Feb 18 07:15:00 PM,24.0
19,CAUCA,19809,TIMBIQUÍ,19809003,COTEJE (TIMBIQUÍ - CAUCA),2022,2,5.856,4.14,60.0,lunes,2022 Feb 14 07:00:00 PM,24.0
19,CAUCA,19809,TIMBIQUÍ,19809026,LOS BRAZOS (TIMBIQUÍ - CAUCA),2022,2,7.455,1.431,60.0,viernes,2022 Feb 04 07:30:00 PM,7.0
19,CAUCA,19809,TIMBIQUÍ,19809023,PUERTO SAIJA (TIMBIQUÍ - CAUCA),2022,2,26.685,13.584,60.0,miércoles,2022 Feb 23 07:30:00 PM,24.0
19,CAUCA,19809,TIMBIQUÍ,19809007,SAN JOSÉ (TIMBIQUÍ - CAUCA),2022,2,5.856,4.186,60.0,jueves,2022 Feb 03 06:45:00 PM,24.0
19,CAUCA,19809,TIMBIQUÍ,19809008,SANTA MARÍA (TIMBIQUÍ - CAUCA),2022,2,11.127,4.506,60.0,miércoles,2022 Feb 16 06:45:00 PM,24.0
19,CAUCA,19809,TIMBIQUÍ,19809009,SANTA ROSA DE SAIJA (TIMBIQUÍ - CAUCA),2022,2,3.481,1.987,60.0,domingo,2022 Feb 20 08:15:00 PM,24.0
27,CHOCÓ,27006,ACANDÍ,27006000,ACANDÍ (ACANDÍ - CHOCÓ),2022,2,505.932,186.015,60.0,jueves,2022 Feb 17 08:30:00 PM,24.0
27,CHOCÓ,27006,ACANDÍ,27006007,SAN FRANCISCO (ACANDÍ - CHOCÓ),2022,2,12.345,3.916,60.0,sábado,2022 Feb 05 07:30:00 PM,24.0
27,CHOCÓ,27025,ALTO BAUDÓ (PIE DE PATO),27025000,CIUDAD BAUDÓ - PIE DE PATO (ALTO BAUDÓ - CHOCÓ),2022,2,43.73,13.247,60.0,martes,2022 Feb 22 07:30:00 PM,24.0
27,CHOCÓ,27075,BAHÍA SOLANO (MUTIS),27075000,CIUDAD MUTIS (BAHÍA SOLANO - CHOCÓ),2022,2,642.422,222.922,60.0,jueves,2022 Feb 24 07:30:00 PM,24.0
27,CHOCÓ,27075,BAHÍA SOLANO (MUTIS),27075001,CUPICA (BAHÍA SOLANO - CHOCÓ),2022,2,64.803,24.321,60.0,miércoles,2022 Feb 23 07:00:00 PM,24.0
27,CHOCÓ,27075,BAHÍA SOLANO (MUTIS),27075002,EL VALLE (BAHÍA SOLANO - CHOCÓ),2022,2,142.185,62.946,60.0,miércoles,2022 Feb 09 07:00:00 PM,24.0
27,CHOCÓ,27077,BAJO BAUDÓ (PIZARRO),27077905,BUENAVISTA (BAJO BAUDÓ (PIZARRO) - CHOCÓ),2022,2,6.459,817.0,60.0,domingo,2022 Feb 06 08:00:00 PM,24.0
27,CHOCÓ,27077,BAJO BAUDÓ (PIZARRO),27077011,PILIZA (BAJO BAUDÓ (PIZARRO) - CHOCÓ),2022,2,5.232,5.278,32.0,lunes,2022 Feb 28 08:00:00 PM,24.0
27,CHOCÓ,27077,BAJO BAUDÓ (PIZARRO),27077000,PIZARRO (BAJO BAUDÓ (PIZARRO) - CHOCÓ),2022,2,196.013,89.798,60.0,lunes,2022 Feb 21 07:45:00 PM,24.0
27,CHOCÓ,27099,BOJAYÁ (BELLAVISTA),27099000,BELLAVISTA (BOJAYÁ (BELLAVISTA) - CHOCÓ),2022,2,89.123,26.794,60.0,miércoles,2022 Feb 02 08:00:00 PM,24.0
27,CHOCÓ,27099,BOJAYÁ (BELLAVISTA),27099002,LA LOMA DE BOJAYÁ (BOJAYÁ (BELLAVISTA) - CHOCÓ),2022,2,10.922,5.334,60.0,lunes,2022 Feb 21 07:30:00 PM,24.0
27,CHOCÓ,27099,BOJAYÁ (BELLAVISTA),27099005,NAPIPÍ (BOJAYÁ (BELLAVISTA) - CHOCÓ),2022,2,8.663,2.202,64.0,viernes,2022 Feb 04 08:30:00 PM,24.0
27,CHOCÓ,27250,EL LITORAL DEL SAN JUAN,27250000,SANTA GENOVEVA DE DOCORDÓ (EL LITORAL DEL SAN JUAN - CHOCÓ),2022,2,55.875,31.61,60.0,sábado,2022 Feb 20 12:30:00 AM,24.0
27,CHOCÓ,27250,EL LITORAL DEL SAN JUAN,27250914,TOGOROMA PLAYA (EL LITORAL DEL SAN JUAN - CHOCÓ),2022,2,1.076,191.0,60.0,domingo,2022 Feb 20 07:00:00 PM,24.0
27,CHOCÓ,27372,JURADÓ,27372000,JURADÓ (JURADÓ - CHOCÓ),2022,2,157.964,65.281,60.0,miércoles,2022 Feb 23 07:45:00 PM,24.0
27,CHOCÓ,27425,MEDIO ATRATO (BETÉ),27425000,BETÉ (MEDIO ATRATO (BETÉ) - CHOCÓ),2022,2,14.569,9.425,60.0,jueves,2022 Feb 10 07:30:00 PM,24.0
27,CHOCÓ,27425,MEDIO ATRATO (BETÉ),27425008,SAN ROQUE (MEDIO ATRATO (BETÉ) - CHOCÓ),2022,2,3.212,1.227,60.0,martes,2022 Feb 22 07:45:00 PM,24.0
27,CHOCÓ,27495,NUQUÍ,27495912,COMUNIDAD INDÍGENA DE PANGUÍ - EL YUCAL (NUQUÍ - CHOCÓ),2022,2,5.597,1.564,60.0,domingo,2022 Feb 20 05:15:00 PM,24.0
27,CHOCÓ,27495,NUQUÍ,27495000,NUQUÍ (NUQUÍ - CHOCÓ),2022,2,230.501,91.46,60.0,miércoles,2022 Feb 02 07:15:00 PM,24.0
27,CHOCÓ,27495,NUQUÍ,27495011,PUERTO JAGUA (NUQUÍ - CHOCÓ),2022,2,839.0,491.0,60.0,miércoles,2022 Feb 02 07:30:00 PM,24.0
27,CHOCÓ,27001,QUIBDÓ,27001029,TAGACHI (QUIBDÓ - CHOCÓ),2022,2,4.837,1.647,60.0,domingo,2022 Feb 06 07:30:00 PM,24.0
27,CHOCÓ,27800,UNGUÍA,27800001,BALBOA (UNGUÍA - CHOCÓ),2022,2,17.751,7.325,60.0,viernes,2022 Feb 18 08:15:00 PM,24.0
27,CHOCÓ,27800,UNGUÍA,27800005,TITUMATE (UNGUÍA - CHOCÓ),2022,2,16.504,4.348,60.0,domingo,2022 Feb 13 08:00:00 PM,24.0
27,CHOCÓ,27800,UNGUÍA,27800000,UNGUÍA (UNGUÍA - CHOCÓ),2022,2,356.031,126.265,60.0,lunes,2022 Feb 21 08:45:00 PM,24.0
94,GUAINÍA,94343,BARRANCOMINAS,94343000,BARRANCOMINAS (BARRANCOMINAS - GUAINÍA),2022,2,66.161,21.146,60.0,lunes,2022 Feb 21 06:45:00 PM,24.0
94,GUAINÍA,94001,INÍRIDA,94001000,INÍRIDA (INÍRIDA - GUAINÍA),2022,2,10.326,626.265,60.0,martes,2022 Feb 22 06:00:00 PM,24.0
95,GUAVIARE,95200,MIRAFLORES,95200000,MIRAFLORES (MIRAFLORES - GUAVIARE),2022,2,80.34,28.067,60.0,miércoles,2022 Feb 16 07:00:00 PM,24.0
44,LA GUAJIRA,44847,URIBIA,44847012,NAZARETH (URIBIA - LA GUAJIRA),2022,2,23.811,10.629,60.0,jueves,2022 Feb 10 07:15:00 PM,24.0
47,MAGDALENA,47189,CIÉNAGA,47189018,PALMOR (CIÉNAGA - MAGDALENA),2022,2,89.796,30.989,60.0,sábado,2022 Feb 05 06:45:00 PM,24.0
50,META,50325,MAPIRIPÁN,50325000,MAPIRIPÁN (MAPIRIPÁN - META),2022,2,155.61,63.124,60.0,miércoles,2022 Feb 16 07:00:00 PM,24.0
52,NARIÑO,52250,EL CHARCO,52250023,BAZÁN (EL CHARCO - NARIÑO),2022,2,14.506,9.264,96.0,domingo,2022 Feb 20 06:45:00 PM,24.0
52,NARIÑO,52250,EL CHARCO,52250005,LAS MERCEDES (EL CHARCO - NARIÑO),2022,2,1.328,423.0,60.0,domingo,2022 Feb 27 07:45:00 PM,24.0
52,NARIÑO,52250,EL CHARCO,52250007,SAN JOSÉ DEL TAPAJE (EL CHARCO - NARIÑO),2022,2,12.832,3.306,80.0,lunes,2022 Feb 28 09:00:00 PM,24.0
52,NARIÑO,52520,FRANCISCO PIZARRO,52520013,SAN PEDRO DEL VINO (FRANCISCO PIZARRO - NARIÑO),2022,2,0.0,0.0,0.0,lunes,2022 Feb 28 11:45:00 PM,0.0
52,NARIÑO,52390,LA TOLA,52390005,AGUACATAL (LA TOLA - NARIÑO),2022,2,1.557,360.0,60.0,domingo,2022 Feb 27 03:45:00 PM,24.0
52,NARIÑO,52390,LA TOLA,52390003,LA VIGÍA DE LA MAR (LA TOLA - NARIÑO),2022,2,5.427,2.153,60.0,sábado,2022 Feb 06 12:30:00 AM,24.0
52,NARIÑO,52390,LA TOLA,52390009,MULATOS (LA TOLA - NARIÑO),2022,2,3.849,1.691,60.0,martes,2022 Feb 15 07:00:00 PM,24.0
52,NARIÑO,52390,LA TOLA,52390016,SAN PABLO DEL MAR (LA TOLA - NARIÑO),2022,2,4.013,1.25,60.0,lunes,2022 Feb 07 07:15:00 PM,24.0
52,NARIÑO,52490,OLAYA HERRERA,52490913,BOCA DE PRIETA (OLAYA HERRERA - NARIÑO),2022,2,2.187,624.0,60.0,viernes,2022 Feb 18 05:45:00 PM,24.0
52,NARIÑO,52835,SAN ANDRÉS DE TUMACO,52835055,BOCAS DE CURAY (TUMACO - NARIÑO),2022,2,7.743,2.444,60.0,lunes,2022 Feb 28 07:00:00 PM,24.0
52,NARIÑO,52835,SAN ANDRÉS DE TUMACO,52835016,PITAL DE LA COSTA (TUMACO - NARIÑO),2022,2,15.566,8.061,80.0,lunes,2022 Feb 21 08:15:00 PM,24.0
52,NARIÑO,52835,SAN ANDRÉS DE TUMACO,52835217,SAN JUAN DE LA COSTA (SAN ANDRÉS DE TUMACO - NARIÑO),2022,2,22.03,8.253,60.0,miércoles,2022 Feb 23 07:15:00 PM,24.0
52,NARIÑO,52696,SANTA BÁRBARA (ISCUANDÉ),52696022,SECADERO (SANTA BÁRBARA (ISCUANDÉ) - NARIÑO),2022,2,2.267,1.509,60.0,domingo,2022 Feb 06 07:00:00 PM,24.0
86,PUTUMAYO,86573,PUERTO LEGUÍZAMO,86573009,PIÑUÑA NEGRO (PUERTO LEGUÍZAMO - PUTUMAYO),2022,2,3.526,2.066,60.0,domingo,2022 Feb 27 08:45:00 PM,24.0
76,VALLE DEL CAUCA,76109,BUENAVENTURA,76109028,PUERTO MERIZALDE (BUENAVENTURA - VALLE DEL CAUCA),2022,2,59.324,19.666,60.0,miércoles,2022 Feb 23 07:45:00 PM,24.0
76,VALLE DEL CAUCA,76109,BUENAVENTURA,76109032,SAN FRANCISCO NAYA (BUENAVENTURA - VALLE DEL CAUCA),2022,2,2.686,1.108,60.0,viernes,2022 Feb 26 12:15:00 AM,24.0
97,VAUPÉS,97161,CARURÚ,97161000,CARURÚ (CARURÚ - VAUPÉS),2022,2,18.85,3.264,60.0,lunes,2022 Feb 21 07:00:00 PM,24.0
97,VAUPÉS,97001,MITÚ,97001000,MITÚ (MITÚ - VAUPÉS),2022,2,10.326,361.477,60.0,miércoles,2022 Feb 03 12:00:00 AM,24.0
97,VAUPÉS,97666,TARAIRA,97666000,TARAIRA (TARAIRA - VAUPÉS),2022,2,17.043,4.932,60.0,lunes,2022 Feb 21 07:00:00 PM,24.0
99,VICHADA,99773,CUMARIBO,99773000,CUMARIBO (CUMARIBO - VICHADA),2022,2,307.928,122.974,60.0,martes,2022 Feb 01 03:30:00 PM,24.0
99,VICHADA,99524,LA PRIMAVERA,99524000,LA PRIMAVERA (LA PRIMAVERA - VICHADA),2022,2,345.9,141.059,60.0,martes,2022 Feb 22 07:00:00 PM,24.0
99,VICHADA,99001,PUERTO CARREÑO,99001002,CASUARITO (PUERTO CARREÑO - VICHADA),2022,2,31.961,11.659,60.0,lunes,2022 Feb 14 06:15:00 PM,24.0
99,VICHADA,99001,PUERTO CARREÑO,99001000,PUERTO CARREÑO (PUERTO CARREÑO - VICHADA),2022,2,10.326,765.683,60.0,jueves,2022 Feb 24 01:45:00 PM,24.0
99,VICHADA,99624,SANTA ROSALÍA,99624000,SANTA ROSALÍA (SANTA ROSALÍA - VICHADA),2022,2,140.866,71.137,60.0,jueves,2022 Feb 17 06:45:00 PM,24.0
91,AMAZONAS,91001,LETICIA,91001000,LETICIA (LETICIA - AMAZONAS),2022,3,10.326,8.475,60.0,viernes,2022 Mar 18 03:30:00 PM,24.0
91,AMAZONAS,91540,PUERTO NARIÑO,91540000,PUERTO NARIÑO (PUERTO NARIÑO - AMAZONAS),2022,3,117.539,39.742,60.0,martes,2022 Mar 15 06:45:00 PM,24.0
91,AMAZONAS,91798,TARAPACÁ (ANM),91798000,TARAPACÁ (TARAPACÁ (ANM) - AMAZONAS),2022,3,23.711,10.758,60.0,martes,2022 Mar 22 06:30:00 PM,24.0
5,ANTIOQUIA,5873,VIGÍA DEL FUERTE,5873002,VEGÁEZ (VIGÍA DEL FUERTE - ANTIOQUIA),2022,3,3.508,379.0,60.0,miércoles,2022 Mar 09 07:45:00 PM,24.0
88,"ARCHIPIÉLAGO DE SAN ANDRÉS, PROVIDENCIA Y SANTA CATALINA",88564,PROVIDENCIA,88564000,PROVIDENCIA (PROVIDENCIA - ARCHIPIÉLAGO DE SAN ANDRÉS Y PROVIDENCIA),2022,3,10.326,271.254,60.0,miércoles,2022 Mar 30 09:00:00 PM,24.0
88,"ARCHIPIÉLAGO DE SAN ANDRÉS, PROVIDENCIA Y SANTA CATALINA",88001,SAN ANDRÉS,88001000,SAN ANDRÉS (SAN ANDRÉS - ARCHIPIÉLAGO DE SAN ANDRÉS Y PROVIDENCIA),2022,3,10.326,8.475,60.0,jueves,2022 Mar 24 03:45:00 PM,24.0
13,BOLÍVAR,13001,CARTAGENA DE INDIAS,13001037,ISLA MÚCURA (CARTAGENA DE INDIAS - BOLÍVAR),2022,3,6.967,2.812,60.0,domingo,2022 Mar 20 02:00:00 PM,24.0
13,BOLÍVAR,13001,CARTAGENA DE INDIAS,13001017,SANTA CRUZ DEL ISLOTE (CARTAGENA DE INDIAS - BOLÍVAR),2022,3,13.014,4.343,60.0,jueves,2022 Mar 31 09:45:00 PM,15.0
18,CAQUETÁ,18150,CARTAGENA DEL CHAIRÁ,18150001,REMOLINO DEL CAGUÁN (CARTAGENA DEL CHAIRA - CAQUETÁ),2022,3,16.473,7.912,60.0,sábado,2022 Mar 05 07:15:00 PM,24.0
18,CAQUETÁ,18150,CARTAGENA DEL CHAIRÁ,18150002,SANTA FE DEL CAGUÁN (CARTAGENA DEL CHAIRA - CAQUETÁ),2022,3,3.423,1.576,60.0,sábado,2022 Mar 26 06:45:00 PM,24.0
18,CAQUETÁ,18753,SAN VICENTE DEL CAGUÁN,18753002,GUACAMAYAS (SAN VICENTE DEL CAGUÁN - CAQUETÁ),2022,3,15.279,6.406,60.0,jueves,2022 Mar 24 07:30:00 PM,24.0
18,CAQUETÁ,18753,SAN VICENTE DEL CAGUÁN,18753009,PUERTO BETANIA (SAN VICENTE DEL CAGUÁN - CAQUETÁ),2022,3,5.381,2.106,60.0,martes,2022 Mar 08 07:00:00 PM,24.0
85,CASANARE,85430,TRINIDAD,85430001,BOCAS DEL PAUTO (TRINIDAD - CASANARE),2022,3,12.83,6.922,60.0,miércoles,2022 Mar 02 06:30:00 PM,5.0
19,CAUCA,19318,GUAPI,19318008,LIMONES (GUAPI - CAUCA),2022,3,8.709,3.984,60.0,jueves,2022 Mar 17 07:30:00 PM,24.0
19,CAUCA,19318,GUAPI,19318013,SAN ANTONIO DE GUAJUÍ (GUAPI - CAUCA),2022,3,11.843,4.878,60.0,viernes,2022 Mar 25 06:15:00 PM,24.0
19,CAUCA,19418,LÓPEZ DE MICAY,19418038,ISLA DE GALLO (LÓPEZ DE MICAY - CAUCA),2022,3,3.12,1.512,60.0,sábado,2022 Mar 12 08:00:00 PM,24.0
19,CAUCA,19418,LÓPEZ DE MICAY,19418012,SAN ANTONIO DE CHUARÉ (LÓPEZ DE MICAY - CAUCA),2022,3,8.882,3.063,60.0,martes,2022 Mar 29 07:00:00 PM,24.0
19,CAUCA,19418,LÓPEZ DE MICAY,19418015,SAN ISIDRO (LÓPEZ DE MICAY - CAUCA),2022,3,1.025,558.0,60.0,miércoles,2022 Mar 30 06:45:00 PM,24.0
19,CAUCA,19418,LÓPEZ DE MICAY,19418019,ZARAGOZA (LOPEZ DE MICAY - CAUCA),2022,3,8.651,3.554,60.0,lunes,2022 Mar 28 07:00:00 PM,24.0
19,CAUCA,19809,TIMBIQUÍ,19809003,COTEJE (TIMBIQUÍ - CAUCA),2022,3,6.306,4.681,60.0,sábado,2022 Mar 05 07:30:00 PM,24.0
19,CAUCA,19809,TIMBIQUÍ,19809026,LOS BRAZOS (TIMBIQUÍ - CAUCA),2022,3,8.298,1.653,60.0,lunes,2022 Mar 21 06:45:00 PM,24.0
19,CAUCA,19809,TIMBIQUÍ,19809023,PUERTO SAIJA (TIMBIQUÍ - CAUCA),2022,3,26.934,13.283,60.0,lunes,2022 Mar 14 07:00:00 PM,24.0
19,CAUCA,19809,TIMBIQUÍ,19809008,SANTA MARÍA (TIMBIQUÍ - CAUCA),2022,3,12.465,5.224,60.0,miércoles,2022 Mar 30 07:00:00 PM,24.0
19,CAUCA,19809,TIMBIQUÍ,19809009,SANTA ROSA DE SAIJA (TIMBIQUÍ - CAUCA),2022,3,4.009,2.215,60.0,miércoles,2022 Mar 23 07:15:00 PM,24.0
27,CHOCÓ,27006,ACANDÍ,27006000,ACANDÍ (ACANDÍ - CHOCÓ),2022,3,559.371,199.62,60.0,miércoles,2022 Mar 23 02:00:00 PM,24.0
27,CHOCÓ,27006,ACANDÍ,27006007,SAN FRANCISCO (ACANDÍ - CHOCÓ),2022,3,15.462,5.375,60.0,domingo,2022 Mar 20 07:15:00 PM,24.0
27,CHOCÓ,27025,ALTO BAUDÓ (PIE DE PATO),27025000,CIUDAD BAUDÓ - PIE DE PATO (ALTO BAUDÓ - CHOCÓ),2022,3,49.787,15.418,60.0,jueves,2022 Mar 18 12:00:00 AM,24.0
27,CHOCÓ,27075,BAHÍA SOLANO (MUTIS),27075000,CIUDAD MUTIS (BAHÍA SOLANO - CHOCÓ),2022,3,712.773,249.392,60.0,martes,2022 Mar 22 07:30:00 PM,24.0
27,CHOCÓ,27075,BAHÍA SOLANO (MUTIS),27075001,CUPICA (BAHÍA SOLANO - CHOCÓ),2022,3,69.029,24.655,60.0,viernes,2022 Mar 25 07:15:00 PM,24.0
27,CHOCÓ,27075,BAHÍA SOLANO (MUTIS),27075002,EL VALLE (BAHÍA SOLANO - CHOCÓ),2022,3,160.287,69.743,60.0,martes,2022 Mar 22 07:15:00 PM,24.0
27,CHOCÓ,27077,BAJO BAUDÓ (PIZARRO),27077905,BUENAVISTA (BAJO BAUDÓ (PIZARRO) - CHOCÓ),2022,3,10.77,1.445,60.0,domingo,2022 Mar 20 05:30:00 PM,24.0
27,CHOCÓ,27077,BAJO BAUDÓ (PIZARRO),27077011,PILIZA (BAJO BAUDÓ (PIZARRO) - CHOCÓ),2022,3,6.126,5.786,60.0,jueves,2022 Mar 31 08:30:00 PM,24.0
27,CHOCÓ,27077,BAJO BAUDÓ (PIZARRO),27077000,PIZARRO (BAJO BAUDÓ (PIZARRO) - CHOCÓ),2022,3,226.243,101.762,60.0,jueves,2022 Mar 17 08:15:00 PM,24.0
27,CHOCÓ,27099,BOJAYÁ (BELLAVISTA),27099000,BELLAVISTA (BOJAYÁ (BELLAVISTA) - CHOCÓ),2022,3,91.654,27.016,60.0,miércoles,2022 Mar 23 07:15:00 PM,24.0
27,CHOCÓ,27099,BOJAYÁ (BELLAVISTA),27099002,LA LOMA DE BOJAYÁ (BOJAYÁ (BELLAVISTA) - CHOCÓ),2022,3,13.182,6.506,64.0,sábado,2022 Mar 12 09:30:00 PM,24.0
27,CHOCÓ,27250,EL LITORAL DEL SAN JUAN,27250000,SANTA GENOVEVA DE DOCORDÓ (EL LITORAL DEL SAN JUAN - CHOCÓ),2022,3,63.598,35.437,60.0,sábado,2022 Mar 27 12:45:00 AM,24.0
27,CHOCÓ,27250,EL LITORAL DEL SAN JUAN,27250914,TOGOROMA PLAYA (EL LITORAL DEL SAN JUAN - CHOCÓ),2022,3,835.0,182.0,60.0,sábado,2022 Mar 12 06:15:00 PM,24.0
27,CHOCÓ,27372,JURADÓ,27372000,JURADÓ (JURADÓ - CHOCÓ),2022,3,181.279,73.946,60.0,miércoles,2022 Mar 23 07:15:00 PM,24.0
27,CHOCÓ,27425,MEDIO ATRATO (BETÉ),27425000,BETÉ (MEDIO ATRATO (BETÉ) - CHOCÓ),2022,3,11.625,7.199,60.0,jueves,2022 Mar 24 08:15:00 PM,24.0
27,CHOCÓ,27495,NUQUÍ,27495000,NUQUÍ (NUQUÍ - CHOCÓ),2022,3,265.385,105.584,60.0,martes,2022 Mar 22 07:45:00 PM,24.0
27,CHOCÓ,27495,NUQUÍ,27495011,PUERTO JAGUA (NUQUÍ - CHOCÓ),2022,3,858.0,447.0,60.0,viernes,2022 Mar 04 07:15:00 PM,24.0
27,CHOCÓ,27001,QUIBDÓ,27001029,TAGACHI (QUIBDÓ - CHOCÓ),2022,3,5.609,2.114,60.0,miércoles,2022 Mar 30 06:45:00 PM,24.0
27,CHOCÓ,27800,UNGUÍA,27800001,BALBOA (UNGUÍA - CHOCÓ),2022,3,19.752,8.062,60.0,sábado,2022 Mar 19 07:30:00 PM,24.0
27,CHOCÓ,27800,UNGUÍA,27800005,TITUMATE (UNGUÍA - CHOCÓ),2022,3,18.508,4.593,60.0,miércoles,2022 Mar 02 07:00:00 PM,24.0
27,CHOCÓ,27800,UNGUÍA,27800000,UNGUÍA (UNGUÍA - CHOCÓ),2022,3,408.353,141.961,60.0,martes,2022 Mar 22 08:00:00 PM,24.0
94,GUAINÍA,94343,BARRANCOMINAS,94343000,BARRANCOMINAS (BARRANCOMINAS - GUAINÍA),2022,3,73.081,22.26,60.0,martes,2022 Mar 08 06:30:00 PM,24.0
94,GUAINÍA,94001,INÍRIDA,94001000,INÍRIDA (INÍRIDA - GUAINÍA),2022,3,10.326,677.023,60.0,martes,2022 Mar 08 02:30:00 PM,24.0
95,GUAVIARE,95200,MIRAFLORES,95200000,MIRAFLORES (MIRAFLORES - GUAVIARE),2022,3,89.189,31.103,60.0,martes,2022 Mar 08 07:00:00 PM,24.0
44,LA GUAJIRA,44847,URIBIA,44847012,NAZARETH (URIBIA - LA GUAJIRA),2022,3,34.967,11.798,60.0,jueves,2022 Mar 31 08:00:00 PM,24.0
47,MAGDALENA,47189,CIÉNAGA,47189018,PALMOR (CIÉNAGA - MAGDALENA),2022,3,95.104,31.642,60.0,jueves,2022 Mar 24 07:15:00 PM,24.0
50,META,50325,MAPIRIPÁN,50325000,MAPIRIPÁN (MAPIRIPÁN - META),2022,3,167.394,66.247,60.0,martes,2022 Mar 15 07:15:00 PM,24.0
52,NARIÑO,52250,EL CHARCO,52250023,BAZÁN (EL CHARCO - NARIÑO),2022,3,21.594,13.528,60.0,jueves,2022 Mar 31 07:00:00 PM,24.0
52,NARIÑO,52250,EL CHARCO,52250003,BOLÍVAR - SAN PEDRO (EL CHARCO - NARIÑO),2022,3,4.174,2.888,60.0,sábado,2022 Mar 05 07:15:00 PM,24.0
52,NARIÑO,52250,EL CHARCO,52250022,EL CUIL PUEBLO NUEVO (EL CHARCO - NARIÑO),2022,3,4.206,5.873,60.0,viernes,2022 Mar 11 08:45:00 PM,24.0
52,NARIÑO,52250,EL CHARCO,52250005,LAS MERCEDES (EL CHARCO - NARIÑO),2022,3,1.708,604.0,60.0,martes,2022 Mar 01 08:00:00 PM,24.0
52,NARIÑO,52250,EL CHARCO,52250007,SAN JOSÉ DEL TAPAJE (EL CHARCO - NARIÑO),2022,3,14.084,3.704,88.0,miércoles,2022 Mar 09 08:15:00 PM,24.0
52,NARIÑO,52520,FRANCISCO PIZARRO,52520013,SAN PEDRO DEL VINO (FRANCISCO PIZARRO - NARIÑO),2022,3,2.062,1.089,60.0,sábado,2022 Mar 26 07:00:00 PM,24.0
52,NARIÑO,52390,LA TOLA,52390005,AGUACATAL (LA TOLA - NARIÑO),2022,3,2.315,502.0,60.0,domingo,2022 Mar 06 07:00:00 PM,24.0
52,NARIÑO,52390,LA TOLA,52390003,LA VIGÍA DE LA MAR (LA TOLA - NARIÑO),2022,3,6.194,2.488,60.0,viernes,2022 Mar 12 12:15:00 AM,24.0
52,NARIÑO,52390,LA TOLA,52390009,MULATOS (LA TOLA - NARIÑO),2022,3,4.267,1.934,60.0,lunes,2022 Mar 28 07:00:00 PM,24.0
52,NARIÑO,52390,LA TOLA,52390016,SAN PABLO DEL MAR (LA TOLA - NARIÑO),2022,3,4.059,1.221,60.0,martes,2022 Mar 29 07:00:00 PM,6.0
52,NARIÑO,52473,MOSQUERA,52473010,EL BAJITO DE ECHANDÍA (MOSQUERA - NARIÑO),2022,3,1.717,238.0,60.0,jueves,2022 Mar 24 06:30:00 PM,24.0
52,NARIÑO,52490,OLAYA HERRERA,52490913,BOCA DE PRIETA (OLAYA HERRERA - NARIÑO),2022,3,2.107,603.0,60.0,martes,2022 Mar 15 07:15:00 PM,24.0
52,NARIÑO,52835,SAN ANDRÉS DE TUMACO,52835055,BOCAS DE CURAY (TUMACO - NARIÑO),2022,3,10.001,3.192,60.0,sábado,2022 Mar 12 07:00:00 PM,24.0
52,NARIÑO,52835,SAN ANDRÉS DE TUMACO,52835217,SAN JUAN DE LA COSTA (SAN ANDRÉS DE TUMACO - NARIÑO),2022,3,21.462,8.021,60.0,miércoles,2022 Mar 30 07:00:00 PM,24.0
52,NARIÑO,52696,SANTA BÁRBARA (ISCUANDÉ),52696022,SECADERO (SANTA BÁRBARA (ISCUANDÉ) - NARIÑO),2022,3,2.715,1.502,60.0,martes,2022 Mar 15 06:45:00 PM,9.0
86,PUTUMAYO,86573,PUERTO LEGUÍZAMO,86573009,PIÑUÑA NEGRO (PUERTO LEGUÍZAMO - PUTUMAYO),2022,3,3.709,1.771,60.0,domingo,2022 Mar 27 08:45:00 PM,24.0
86,PUTUMAYO,86573,PUERTO LEGUÍZAMO,86573000,PUERTO LEGUÍZAMO (PUERTO LEGUÍZAMO - PUTUMAYO),2022,3,10.326,332.945,60.0,jueves,2022 Mar 10 02:15:00 PM,24.0
76,VALLE DEL CAUCA,76109,BUENAVENTURA,76109028,PUERTO MERIZALDE (BUENAVENTURA - VALLE DEL CAUCA),2022,3,83.174,27.378,60.0,viernes,2022 Mar 18 08:00:00 PM,24.0
76,VALLE DEL CAUCA,76109,BUENAVENTURA,76109032,SAN FRANCISCO NAYA (BUENAVENTURA - VALLE DEL CAUCA),2022,3,6.136,2.677,60.0,viernes,2022 Mar 04 11:45:00 PM,8.0
97,VAUPÉS,97161,CARURÚ,97161000,CARURÚ (CARURÚ - VAUPÉS),2022,3,22.26,5.712,60.0,miércoles,2022 Mar 16 06:45:00 PM,24.0
97,VAUPÉS,97001,MITÚ,97001000,MITÚ (MITÚ - VAUPÉS),2022,3,10.326,386.115,60.0,jueves,2022 Mar 10 01:00:00 PM,24.0
97,VAUPÉS,97666,TARAIRA,97666000,TARAIRA (TARAIRA - VAUPÉS),2022,3,26.374,8.027,60.0,martes,2022 Mar 08 07:00:00 PM,24.0
99,VICHADA,99773,CUMARIBO,99773000,CUMARIBO (CUMARIBO - VICHADA),2022,3,341.589,138.667,60.0,miércoles,2022 Mar 09 02:30:00 PM,24.0
99,VICHADA,99524,LA PRIMAVERA,99524000,LA PRIMAVERA (LA PRIMAVERA - VICHADA),2022,3,402.405,161.55,60.0,jueves,2022 Mar 31 06:15:00 PM,24.0
99,VICHADA,99001,PUERTO CARREÑO,99001002,CASUARITO (PUERTO CARREÑO - VICHADA),2022,3,29.865,11.256,60.0,martes,2022 Mar 22 07:45:00 PM,24.0
99,VICHADA,99001,PUERTO CARREÑO,99001000,PUERTO CARREÑO (PUERTO CARREÑO - VICHADA),2022,3,10.326,845.214,60.0,jueves,2022 Mar 24 01:45:00 PM,24.0
99,VICHADA,99624,SANTA ROSALÍA,99624000,SANTA ROSALÍA (SANTA ROSALÍA - VICHADA),2022,3,162.505,79.821,60.0,jueves,2022 Mar 10 07:45:00 PM,24.0
91,AMAZONAS,91001,LETICIA,91001000,LETICIA (LETICIA - AMAZONAS),2022,4,10.326,8.475,60.0,Miércoles,2022 Apr 27 03:15:00 PM,24.0
91,AMAZONAS,91540,PUERTO NARIÑO,91540000,PUERTO NARIÑO (PUERTO NARIÑO - AMAZONAS),2022,4,111.006,38.389,60.0,Martes,2022 Apr 05 06:45:00 PM,24.0
91,AMAZONAS,91798,TARAPACÁ,91798000,TARAPACÁ (TARAPACÁ - AMAZONAS),2022,4,20.7,9.568,60.0,Sábado,2022 Apr 09 06:30:00 PM,24.0
5,ANTIOQUIA,5873,VIGÍA DEL FUERTE,5873002,VEGÁEZ (VIGÍA DEL FUERTE - ANTIOQUIA),2022,4,1.236,191.0,60.0,Jueves,2022 Apr 21 09:45:00 AM,24.0
88,ARCHIPIÉLAGO DE SAN ANDRÉS,88564,PROVIDENCIA,88564000,PROVIDENCIA (PROVIDENCIA - ARCHIPIÉLAGO DE SAN ANDRÉS),2022,4,10.326,268.82,60.0,Miércoles,2022 Apr 06 08:45:00 PM,24.0
88,ARCHIPIÉLAGO DE SAN ANDRÉS,88001,SAN ANDRÉS,88001000,SAN ANDRÉS (SAN ANDRÉS - ARCHIPIÉLAGO DE SAN ANDRÉS),2022,4,10.326,8.475,60.0,Miércoles,2022 Apr 06 03:30:00 PM,24.0
13,BOLÍVAR,13001,CARTAGENA,13001037,ISLA MÚCURA (CARTAGENA - BOLÍVAR),2022,4,6.932,2.677,60.0,Sábado,2022 Apr 30 01:00:00 AM,24.0
13,BOLÍVAR,13001,CARTAGENA,13001037,SANTA CRUZ DEL ISLOTE (CARTAGENA - BOLÍVAR),2022,4,13.261,4.326,60.0,Lunes,2022 Apr 11 10:00:00 PM,24.0
18,CAQUETÁ,18753,SAN VICENTE DEL CAGUÁN,18753002,GUACAMAYAS (SAN VICENTE DEL CAGUÁN - CAQUETÁ),2022,4,14.24,4.925,60.0,Jueves,2022 Apr 21 07:00:00 PM,24.0
18,CAQUETÁ,18753,SAN VICENTE DEL CAGUÁN,18753002,GUAYABAL (SAN VICENTE DEL CAGUÁN - CAQUETÁ),2022,4,5.614,2.585,60.0,Lunes,2022 Apr 11 06:15:00 PM,24.0
18,CAQUETÁ,18150,CARTAGENA DEL CHAIRA,18150001,REMOLINO DEL CAGUÁN (CARTAGENA DEL CHAIRA - CAQUETÁ),2022,4,15.973,7.841,60.0,Sábado,2022 Apr 30 07:00:00 PM,24.0
18,CAQUETÁ,18150,CARTAGENA DEL CHAIRA,18150001,SANTA FE DEL CAGUÁN (CARTAGENA DEL CHAIRA - CAQUETÁ),2022,4,3.081,1.467,60.0,Sábado,2022 Apr 23 07:00:00 PM,24.0
85,CASANARE,85430,TRINIDAD,85430001,BOCAS DEL PAUTO (TRINIDAD - CASANARE),2022,4,11.309,6.104,60.0,Martes,2022 Apr 12 06:45:00 PM,24.0
19,CAUCA,19809,TIMBIQUÍ,19809003,CHACÓN (TIMBIQUÍ - CAUCA),2022,4,4.438,1.424,60.0,Sábado,2022 Apr 09 07:15:00 PM,24.0
19,CAUCA,19809,TIMBIQUÍ,19809003,COTEJE (TIMBIQUÍ - CAUCA),2022,4,6.659,4.901,60.0,Miércoles,2022 Apr 27 07:45:00 PM,24.0
19,CAUCA,19418,LÓPEZ (MICAY),19418038,ISLA DE GALLO (LÓPEZ (MICAY) - CAUCA),2022,4,2.704,1.333,60.0,Martes,2022 Apr 05 07:00:00 PM,24.0
19,CAUCA,19318,GUAPI,19318008,LIMONES (GUAPI - CAUCA),2022,4,8.641,3.982,60.0,Viernes,2022 Apr 29 06:45:00 PM,24.0
19,CAUCA,19809,TIMBIQUÍ,19809003,LOS BRAZOS (TIMBIQUÍ - CAUCA),2022,4,7.496,1.548,60.0,Domingo,2022 Apr 03 07:00:00 PM,24.0
19,CAUCA,19809,TIMBIQUÍ,19809003,PUERTO SAIJA (TIMBIQUÍ - CAUCA),2022,4,24.3,12.112,60.0,Sábado,2022 Apr 02 07:00:00 PM,24.0
19,CAUCA,19418,LÓPEZ (MICAY),19418038,SAN ANTONIO DE CHUARÉ (LÓPEZ (MICAY) - CAUCA),2022,4,7.681,2.611,60.0,Viernes,2022 Apr 01 07:00:00 PM,24.0
19,CAUCA,19418,LÓPEZ (MICAY),19418038,SAN ISIDRO (LÓPEZ (MICAY) - CAUCA),2022,4,1.046,539.0,60.0,Viernes,2022 Apr 29 06:45:00 PM,24.0
19,CAUCA,19809,TIMBIQUÍ,19809003,SAN JOSÉ (TIMBIQUÍ - CAUCA),2022,4,8.189,6.136,60.0,Miércoles,2022 Apr 13 08:45:00 PM,24.0
19,CAUCA,19809,TIMBIQUÍ,19809003,SANTA MARÍA (TIMBIQUÍ - CAUCA),2022,4,12.243,5.103,60.0,Miércoles,2022 Apr 13 07:15:00 PM,24.0
19,CAUCA,19809,TIMBIQUÍ,19809003,SANTA ROSA DE SAIJA (TIMBIQUÍ - CAUCA),2022,4,4.221,2.369,60.0,Domingo,2022 Apr 03 07:15:00 PM,24.0
19,CAUCA,19418,LÓPEZ (MICAY),19418038,ZARAGOZA (LÓPEZ (MICAY) - CAUCA),2022,4,5.366,2.023,60.0,Lunes,2022 Apr 11 06:30:00 PM,24.0
27,CHOCO,27006,ACANDÍ,27006000,ACANDÍ (ACANDÍ - CHOCO),2022,4,552.462,196.436,60.0,Miércoles,2022 Apr 06 09:30:00 PM,24.0
27,CHOCO,27800,UNGUÍA,27800001,BALBOA (UNGUÍA - CHOCO),2022,4,20.278,7.67,60.0,Jueves,2022 Apr 28 08:00:00 PM,24.0
27,CHOCO,27099,BOJAYÁ (BELLAVISTA),27099000,BELLAVISTA (BOJAYÁ (BELLAVISTA) - CHOCO),2022,4,53.311,15.15,60.0,Martes,2022 Apr 05 08:15:00 PM,24.0
27,CHOCO,27425,MEDIO ATRATO (BETÉ),27425000,BETÉ (MEDIO ATRATO (BETÉ) - CHOCO),2022,4,15.763,8.691,60.0,Viernes,2022 Apr 29 12:00:00 PM,24.0
27,CHOCO,27077,BAJO BAUDÓ (PIZARRO),27077905,BUENAVISTA (BAJO BAUDÓ (PIZARRO) - CHOCO),2022,4,6.77,923.0,60.0,Miércoles,2022 Apr 13 11:00:00 AM,7.0
27,CHOCO,27025,ALTO BAUDÓ (PIE DE PATO),27025000,CIUDAD BAUDÓ (ALTO BAUDÓ (PIE DE PATO) - CHOCO),2022,4,42.964,14.475,60.0,Jueves,2022 Apr 07 07:30:00 PM,24.0
27,CHOCO,27495,NUQUÍ,27495000,COMUNIDAD INDÍGENA DE PANGUÍ - (EL YUCAL) (NUQUÍ - CHOCO),2022,4,7.153,2.012,60.0,Domingo,2022 Apr 17 04:00:00 PM,24.0
27,CHOCO,27250,EL LITORAL DEL SAN JUAN,27250000,CUCURRUPÍ (EL LITORAL DEL SAN JUAN - CHOCO),2022,4,3.262,879.0,60.0,Lunes,2022 Apr 18 06:45:00 PM,24.0
27,CHOCO,27075,BAHÍA SOLANO (MUTIS),27075001,CUPICA (BAHÍA SOLANO (MUTIS) - CHOCO),2022,4,56.886,20.834,60.0,Sábado,2022 Apr 23 07:30:00 PM,24.0
27,CHOCO,27075,BAHÍA SOLANO (MUTIS),27075001,EL VALLE (BAHÍA SOLANO (MUTIS) - CHOCO),2022,4,159.552,66.952,60.0,Martes,2022 Apr 12 07:15:00 PM,24.0
27,CHOCO,27372,JURADO,27372000,JURADO (JURADO - CHOCO),2022,4,164.555,70.508,60.0,Martes,2022 Apr 05 07:45:00 PM,24.0
27,CHOCO,27099,BOJAYÁ (BELLAVISTA),27099000,LA LOMA DE BOJAYÁ (BOJAYÁ (BELLAVISTA) - CHOCO),2022,4,11.689,6.006,60.0,Viernes,2022 Apr 08 07:00:00 PM,24.0
27,CHOCO,27075,BAHÍA SOLANO (MUTIS),27075001,MUTIS (BAHÍA SOLANO (MUTIS) - CHOCO),2022,4,688.977,228.068,60.0,Lunes,2022 Apr 18 07:45:00 PM,24.0
27,CHOCO,27099,BOJAYÁ (BELLAVISTA),27099000,NAPIPÍ (BOJAYÁ (BELLAVISTA) - CHOCO),2022,4,2.648,724.0,64.0,Martes,2022 Apr 26 09:00:00 PM,24.0
27,CHOCO,27495,NUQUÍ,27495000,NUQUÍ (NUQUÍ - CHOCO),2022,4,250.918,100.644,60.0,Martes,2022 Apr 05 07:15:00 PM,24.0
27,CHOCO,27077,BAJO BAUDÓ (PIZARRO),27077905,PILIZA (BAJO BAUDÓ (PIZARRO) - CHOCO),2022,4,6.915,5.898,60.0,Miércoles,2022 Apr 27 08:15:00 PM,24.0
27,CHOCO,27077,BAJO BAUDÓ (PIZARRO),27077905,PIZARRO (BAJO BAUDÓ (PIZARRO) - CHOCO),2022,4,201.81,91.051,60.0,Martes,2022 Apr 12 07:45:00 PM,24.0
27,CHOCO,27495,NUQUÍ,27495000,PUERTO JAGUA (NUQUÍ - CHOCO),2022,4,661.0,332.0,60.0,Jueves,2022 Apr 14 07:15:00 PM,24.0
27,CHOCO,27250,EL LITORAL DEL SAN JUAN,27250000,SANTA GENOVEVA DE DOCORDÓ (EL LITORAL DEL SAN JUAN - CHOCO),2022,4,54.053,29.739,60.0,Viernes,2022 Apr 08 06:30:00 PM,24.0
27,CHOCO,27001,QUIBDÓ,27001029,TAGACHI (QUIBDÓ - CHOCO),2022,4,4.111,1.485,60.0,Jueves,2022 Apr 21 07:15:00 PM,24.0
27,CHOCO,27800,UNGUÍA,27800001,TITUMATE (UNGUÍA - CHOCO),2022,4,18.478,4.604,60.0,Domingo,2022 Apr 24 08:30:00 PM,24.0
27,CHOCO,27250,EL LITORAL DEL SAN JUAN,27250000,TOGOROMA PLAYA (EL LITORAL DEL SAN JUAN - CHOCO),2022,4,770.0,207.0,60.0,Martes,2022 Apr 19 06:30:00 PM,24.0
27,CHOCO,27800,UNGUÍA,27800001,UNGUÍA (UNGUÍA - CHOCO),2022,4,398.357,134.764,60.0,Viernes,2022 Apr 29 08:45:00 PM,24.0
94,GUAINÍA,94343,BARRANCO MINAS,94343000,BARRANCO MINAS (BARRANCO MINAS - GUAINÍA),2022,4,75.51,23.554,60.0,Jueves,2022 Apr 28 06:45:00 PM,24.0
94,GUAINÍA,94001,INÍRIDA,94001000,INÍRIDA (INÍRIDA - GUAINÍA),2022,4,10.326,646.285,60.0,Viernes,2022 Apr 01 03:00:00 PM,24.0
95,GUAVIARE,95200,MIRAFLORES,95200000,MIRAFLORES (MIRAFLORES - GUAVIARE),2022,4,84.458,29.114,60.0,Viernes,2022 Apr 08 06:30:00 PM,19.0
44,LA GUAJIRA,44847,URIBÍA,44847012,NAZARETH (URIBÍA - LA GUAJIRA),2022,4,41.01,11.121,60.0,Martes,2022 Apr 19 07:15:00 PM,24.0
47,MAGDALENA,47189,CIÉNAGA,47189018,PALMOR (CIÉNAGA - MAGDALENA),2022,4,68.569,24.212,60.0,Viernes,2022 Apr 01 06:45:00 PM,24.0
50,META,50325,MAPIRIPÁN,50325000,MAPIRIPÁN (MAPIRIPÁN - META),2022,4,159.262,63.613,60.0,Viernes,2022 Apr 01 06:45:00 PM,24.0
52,NARIÑO,52390,LA TOLA,52390005,AMARALES (LA TOLA - NARIÑO),2022,4,6.815,2.977,60.0,Miércoles,2022 Apr 27 07:15:00 PM,24.0
52,NARIÑO,52250,EL CHARCO,52250023,BAZÁN (EL CHARCO - NARIÑO),2022,4,13.552,8.401,60.0,Lunes,2022 Apr 11 08:15:00 PM,24.0
52,NARIÑO,52835,TUMACO,52835055,BOCAS DE CURAY (TUMACO - NARIÑO),2022,4,9.019,2.817,60.0,Sábado,2022 Apr 23 07:30:00 PM,24.0
52,NARIÑO,52490,OLAYA HERRERA,52490913,BOCAS DE PRIETA (OLAYA HERRERA - NARIÑO),2022,4,1.602,431.0,60.0,Jueves,2022 Apr 28 07:45:00 PM,24.0
52,NARIÑO,52696,SANTA BÁRBARA (ISCUANDÉ),52696022,LA ENSENADA (SANTA BÁRBARA (ISCUANDÉ) - NARIÑO),2022,4,3.075,4.874,60.0,Miércoles,2022 Apr 27 07:30:00 PM,24.0
52,NARIÑO,52390,LA TOLA,52390005,LA VIGÍA (LA TOLA - NARIÑO),2022,4,5.881,2.281,60.0,Martes,2022 Apr 05 12:15:00 PM,24.0
52,NARIÑO,52250,EL CHARCO,52250023,LAS MERCEDES (EL CHARCO - NARIÑO),2022,4,1.72,579.0,60.0,Sábado,2022 Apr 23 07:15:00 PM,24.0
52,NARIÑO,52390,LA TOLA,52390005,MULATOS (LA TOLA - NARIÑO),2022,4,4.345,2.121,60.0,Martes,2022 Apr 12 06:15:00 PM,24.0
52,NARIÑO,52250,EL CHARCO,52250023,SAN JOSÉ (EL CHARCO - NARIÑO),2022,4,15.022,3.066,80.0,Sábado,2022 Apr 30 09:45:00 PM,24.0
52,NARIÑO,52835,TUMACO,52835055,SAN JUAN COSTA (TUMACO - NARIÑO),2022,4,20.778,7.886,60.0,Viernes,2022 Apr 01 07:15:00 PM,24.0
52,NARIÑO,52390,LA TOLA,52390005,SAN PABLO DE LA MAR (LA TOLA - NARIÑO),2022,4,3.826,1.319,60.0,Domingo,2022 Apr 03 07:15:00 PM,24.0
52,NARIÑO,52520,FRANCISCO PIZARRO,52520013,SAN PEDRO DEL VINO (FRANCISCO PIZARRO - NARIÑO),2022,4,4.694,2.361,60.0,Sábado,2022 Apr 09 08:00:00 PM,7.0
52,NARIÑO,52696,SANTA BÁRBARA (ISCUANDÉ),52696022,SECADERO (SANTA BÁRBARA (ISCUANDÉ) - NARIÑO),2022,4,2.591,1.134,60.0,Miércoles,2022 Apr 13 05:30:00 PM,24.0
86,PUTUMAYO,86573,PUERTO LEGUÍZAMO,86573009,PIÑUÑA NEGRO (PUERTO LEGUÍZAMO - PUTUMAYO),2022,4,4.083,1.814,60.0,Sábado,2022 Apr 09 05:30:00 PM,24.0
86,PUTUMAYO,86573,PUERTO LEGUÍZAMO,86573009,PUERTO LEGUÍZAMO (PUERTO LEGUÍZAMO - PUTUMAYO),2022,4,946.982,312.723,60.0,Miércoles,2022 Apr 27 02:45:00 PM,24.0
76,VALLE DEL CAUCA,76109,BUENAVENTURA,76109028,PUERTO MERIZALDE (BUENAVENTURA - VALLE DEL CAUCA),2022,4,82.693,27.964,60.0,Viernes,2022 Apr 29 07:30:00 PM,24.0
76,VALLE DEL CAUCA,76109,BUENAVENTURA,76109028,SAN FRANCISCO DE NAYA (BUENAVENTURA - VALLE DEL CAUCA),2022,4,5.9,2.559,60.0,Lunes,2022 Apr 18 11:45:00 AM,24.0
97,VAUPÉS,97161,CARURÚ,97161000,CARURÚ (CARURÚ - VAUPÉS),2022,4,26.106,7.609,60.0,Viernes,2022 Apr 08 06:15:00 PM,24.0
97,VAUPÉS,97001,MITÚ,97001000,MITÚ (MITÚ - VAUPÉS),2022,4,10.326,377.527,60.0,Miércoles,2022 Apr 27 01:00:00 PM,24.0
97,VAUPÉS,97666,TARAIRA,97666000,TARAIRA (TARAIRA - VAUPÉS),2022,4,31.504,9.934,60.0,Miércoles,2022 Apr 27 06:45:00 PM,24.0
99,VICHADA,99001,PUERTO CARREÑO,99001002,CASUARITO (PUERTO CARREÑO - VICHADA),2022,4,24.941,9.541,60.0,Martes,2022 Apr 19 11:45:00 AM,24.0
99,VICHADA,99773,CUMARIBO,99773000,CUMARIBO (CUMARIBO - VICHADA),2022,4,328.382,139.769,60.0,Viernes,2022 Apr 01 02:30:00 PM,24.0
99,VICHADA,99524,LA PRIMAVERA,99524000,LA PRIMAVERA (LA PRIMAVERA - VICHADA),2022,4,365.987,145.437,60.0,Viernes,2022 Apr 01 06:30:00 PM,24.0
99,VICHADA,99001,PUERTO CARREÑO,99001002,PUERTO CARREÑO (PUERTO CARREÑO - VICHADA),2022,4,10.326,800.671,60.0,Viernes,2022 Apr 01 02:30:00 PM,24.0
99,VICHADA,99624,SANTA ROSALÍA,99624000,SANTA ROSALÍA (SANTA ROSALÍA - VICHADA),2022,4,146.203,73.686,60.0,Viernes,2022 Apr 01 06:45:00 PM,24.0
91,AMAZONAS,91001,LETICIA,91001000,LETICIA (LETICIA - AMAZONAS),2022,5,10.326,8.475,60.0,Miércoles,2022 May 11 02:30:00 PM,24.0
91,AMAZONAS,91540,PUERTO NARIÑO,91540000,PUERTO NARIÑO (PUERTO NARIÑO - AMAZONAS),2022,5,110.906,39.659,60.0,Miércoles,2022 May 11 06:30:00 PM,24.0
91,AMAZONAS,91798,TARAPACÁ,91798000,TARAPACÁ (TARAPACÁ - AMAZONAS),2022,5,23.816,10.652,60.0,Lunes,2022 May 09 07:00:00 PM,24.0
5,ANTIOQUIA,5873,VIGÍA DEL FUERTE,5873002,VEGÁEZ (VIGÍA DEL FUERTE - ANTIOQUIA),2022,5,3.577,478.0,60.0,Domingo,2022 May 01 07:45:00 PM,24.0
88,ARCHIPIÉLAGO DE SAN ANDRÉS,88564,PROVIDENCIA,88564000,PROVIDENCIA (PROVIDENCIA - ARCHIPIÉLAGO DE SAN ANDRÉS),2022,5,10.326,278.914,60.0,Jueves,2022 May 26 08:45:00 PM,24.0
88,ARCHIPIÉLAGO DE SAN ANDRÉS,88001,SAN ANDRÉS,88001000,SAN ANDRÉS (SAN ANDRÉS - ARCHIPIÉLAGO DE SAN ANDRÉS),2022,5,10.326,8.475,60.0,Martes,2022 May 10 03:30:00 PM,24.0
13,BOLÍVAR,13001,CARTAGENA,13001037,ISLA MÚCURA (CARTAGENA - BOLÍVAR),2022,5,7.082,2.825,60.0,Martes,2022 May 17 09:45:00 PM,24.0
13,BOLÍVAR,13001,CARTAGENA,13001037,SANTA CRUZ DEL ISLOTE (CARTAGENA - BOLÍVAR),2022,5,13.696,4.346,60.0,Martes,2022 May 10 09:45:00 PM,24.0
18,CAQUETÁ,18753,SAN VICENTE DEL CAGUÁN,18753002,GUACAMAYAS (SAN VICENTE DEL CAGUÁN - CAQUETÁ),2022,5,12.55,3.979,60.0,Sábado,2022 May 21 07:30:00 PM,24.0
18,CAQUETÁ,18753,SAN VICENTE DEL CAGUÁN,18753002,GUAYABAL (SAN VICENTE DEL CAGUÁN - CAQUETÁ),2022,5,6.389,3.05,60.0,Lunes,2022 May 16 06:30:00 PM,24.0
18,CAQUETÁ,18150,CARTAGENA DEL CHAIRA,18150001,REMOLINO DEL CAGUÁN (CARTAGENA DEL CHAIRA - CAQUETÁ),2022,5,17.111,8.453,60.0,Sábado,2022 May 21 06:30:00 PM,24.0
18,CAQUETÁ,18150,CARTAGENA DEL CHAIRA,18150001,SANTA FE DEL CAGUÁN (CARTAGENA DEL CHAIRA - CAQUETÁ),2022,5,3.599,1.804,60.0,Domingo,2022 May 01 06:30:00 PM,24.0
85,CASANARE,85430,TRINIDAD,85430001,BOCAS DEL PAUTO (TRINIDAD - CASANARE),2022,5,13.744,7.767,60.0,Miércoles,2022 May 18 11:15:00 AM,6.0
19,CAUCA,19809,TIMBIQUÍ,19809003,CHACÓN (TIMBIQUÍ - CAUCA),2022,5,4.516,1.432,60.0,Viernes,2022 May 27 08:00:00 PM,24.0
19,CAUCA,19809,TIMBIQUÍ,19809003,COTEJE (TIMBIQUÍ - CAUCA),2022,5,6.577,4.898,60.0,Lunes,2022 May 30 07:15:00 PM,24.0
19,CAUCA,19418,LÓPEZ (MICAY),19418038,ISLA DE GALLO (LÓPEZ (MICAY) - CAUCA),2022,5,2.889,1.383,60.0,Sábado,2022 May 14 06:30:00 PM,24.0
19,CAUCA,19318,GUAPI,19318008,LIMONES (GUAPI - CAUCA),2022,5,8.949,4.217,60.0,Domingo,2022 May 08 01:00:00 PM,24.0
19,CAUCA,19809,TIMBIQUÍ,19809003,LOS BRAZOS (TIMBIQUÍ - CAUCA),2022,5,8.099,1.696,60.0,Martes,2022 May 03 07:15:00 PM,24.0
19,CAUCA,19418,LÓPEZ (MICAY),19418038,NOANAMITO (LÓPEZ (MICAY) - CAUCA),2022,5,6.369,1.818,44.0,Martes,2022 May 31 07:00:00 PM,24.0
19,CAUCA,19809,TIMBIQUÍ,19809003,PUERTO SAIJA (TIMBIQUÍ - CAUCA),2022,5,29.18,14.604,60.0,Domingo,2022 May 29 07:15:00 PM,24.0
19,CAUCA,19418,LÓPEZ (MICAY),19418038,SAN ANTONIO DE CHUARÉ (LÓPEZ (MICAY) - CAUCA),2022,5,10.368,3.716,60.0,Domingo,2022 May 01 06:45:00 PM,24.0
19,CAUCA,19318,GUAPI,19318008,SAN ANTONIO DE GUAJUI (GUAPI - CAUCA),2022,5,11.916,4.987,60.0,Martes,2022 May 31 08:00:00 PM,24.0
19,CAUCA,19418,LÓPEZ (MICAY),19418038,SAN ISIDRO (LÓPEZ (MICAY) - CAUCA),2022,5,1.188,603.0,60.0,Martes,2022 May 03 07:15:00 PM,24.0
19,CAUCA,19809,TIMBIQUÍ,19809003,SANTA MARÍA (TIMBIQUÍ - CAUCA),2022,5,12.262,5.108,60.0,Sábado,2022 May 07 08:00:00 PM,7.0
19,CAUCA,19418,LÓPEZ (MICAY),19418038,ZARAGOZA (LÓPEZ (MICAY) - CAUCA),2022,5,7.305,2.807,60.0,Domingo,2022 May 08 07:15:00 PM,24.0
27,CHOCO,27800,UNGUÍA,27800001,BALBOA (UNGUÍA - CHOCO),2022,5,21.873,8.265,60.0,Domingo,2022 May 01 08:15:00 PM,24.0
27,CHOCO,27099,BOJAYÁ (BELLAVISTA),27099000,BELLAVISTA (BOJAYÁ (BELLAVISTA) - CHOCO),2022,5,81.611,23.56,60.0,Lunes,2022 May 09 06:45:00 PM,24.0
27,CHOCO,27425,MEDIO ATRATO (BETÉ),27425000,BETÉ (MEDIO ATRATO (BETÉ) - CHOCO),2022,5,16.854,9.058,64.0,Lunes,2022 May 02 07:00:00 PM,24.0
27,CHOCO,27025,ALTO BAUDÓ (PIE DE PATO),27025000,CIUDAD BAUDÓ (ALTO BAUDÓ (PIE DE PATO) - CHOCO),2022,5,47.152,15.698,60.0,Jueves,2022 May 19 07:30:00 PM,24.0
27,CHOCO,27495,NUQUÍ,27495000,COMUNIDAD INDÍGENA DE PANGUÍ - (EL YUCAL) (NUQUÍ - CHOCO),2022,5,5.725,1.723,60.0,Viernes,2022 May 02 07:15:00 PM,24.0
27,CHOCO,27250,EL LITORAL DEL SAN JUAN,27250000,CUCURRUPÍ (EL LITORAL DEL SAN JUAN - CHOCO),2022,5,3.318,917.0,60.0,Viernes,2022 May 20 05:30:00 PM,24.0
27,CHOCO,27075,BAHÍA SOLANO (MUTIS),27075001,CUPICA (BAHÍA SOLANO (MUTIS) - CHOCO),2022,5,72.895,25.205,60.0,Martes,2022 May 27 06:45:00 PM,24.0
27,CHOCO,27075,BAHÍA SOLANO (MUTIS),27075001,EL VALLE (BAHÍA SOLANO (MUTIS) - CHOCO),2022,5,164.833,68.266,60.0,Lunes,2022 May 03 08:00:00 PM,24.0
27,CHOCO,27372,JURADO,27372000,JURADO (JURADO - CHOCO),2022,5,173.706,73.275,60.0,Lunes,2022 May 30 07:15:00 PM,24.0
27,CHOCO,27099,BOJAYÁ (BELLAVISTA),27099000,LA LOMA DE BOJAYÁ (BOJAYÁ (BELLAVISTA) - CHOCO),2022,5,10.591,5.672,60.0,Miércoles,2022 May 16 07:00:00 PM,24.0
27,CHOCO,27075,BAHÍA SOLANO (MUTIS),27075001,MUTIS (BAHÍA SOLANO (MUTIS) - CHOCO),2022,5,714.719,260.059,60.0,Lunes,2022 May 25 07:15:00 PM,24.0
27,CHOCO,27495,NUQUÍ,27495000,NUQUÍ (NUQUÍ - CHOCO),2022,5,257.578,105.758,60.0,Viernes,2022 May 27 07:00:00 PM,24.0
27,CHOCO,27077,BAJO BAUDÓ (PIZARRO),27077905,PILIZA (BAJO BAUDÓ (PIZARRO) - CHOCO),2022,5,6.763,6.146,60.0,Lunes,2022 May 16 07:00:00 PM,24.0
27,CHOCO,27077,BAJO BAUDÓ (PIZARRO),27077905,PIZARRO (BAJO BAUDÓ (PIZARRO) - CHOCO),2022,5,218.269,100.015,60.0,Miércoles,2022 May 11 07:00:00 PM,24.0
27,CHOCO,27495,NUQUÍ,27495000,PUERTO JAGUA (NUQUÍ - CHOCO),2022,5,847.0,420.0,60.0,Miércoles,2022 May 25 07:30:00 PM,24.0
27,CHOCO,27006,ACANDÍ,27006000,SAN FRANCISCO (ACANDÍ - CHOCO),2022,5,2.59,1.089,60.0,Martes,2022 May 24 08:45:00 PM,24.0
27,CHOCO,27001,QUIBDÓ,27001029,TAGACHI (QUIBDÓ - CHOCO),2022,5,6.141,2.262,60.0,Lunes,2022 May 09 07:30:00 PM,24.0
27,CHOCO,27800,UNGUÍA,27800001,TITUMATE (UNGUÍA - CHOCO),2022,5,17.922,4.439,60.0,Domingo,2022 May 01 07:15:00 PM,24.0
27,CHOCO,27250,EL LITORAL DEL SAN JUAN,27250000,TOGOROMA PLAYA (EL LITORAL DEL SAN JUAN - CHOCO),2022,5,895.0,240.0,60.0,Jueves,2022 May 19 06:30:00 PM,24.0
27,CHOCO,27800,UNGUÍA,27800001,UNGUÍA (UNGUÍA - CHOCO),2022,5,430.371,143.541,60.0,Jueves,2022 May 12 09:15:00 PM,24.0
94,GUAINÍA,94343,BARRANCO MINAS,94343000,BARRANCO MINAS (BARRANCO MINAS - GUAINÍA),2022,5,67.155,18.386,60.0,Martes,2022 May 03 06:45:00 PM,24.0
94,GUAINÍA,94001,INÍRIDA,94001000,INÍRIDA (INÍRIDA - GUAINÍA),2022,5,10.326,645.033,60.0,Martes,2022 May 03 02:30:00 PM,24.0
95,GUAVIARE,95200,MIRAFLORES,95200000,MIRAFLORES (MIRAFLORES - GUAVIARE),2022,5,90.318,31.378,60.0,Jueves,2022 May 12 07:15:00 PM,24.0
44,LA GUAJIRA,44847,URIBÍA,44847012,NAZARETH (URIBÍA - LA GUAJIRA),2022,5,45.811,0.0,60.0,Miércoles,2022 May 18 07:15:00 PM,24.0
47,MAGDALENA,47189,CIÉNAGA,47189018,PALMOR (CIÉNAGA - MAGDALENA),2022,5,76.093,26.666,60.0,Sábado,2022 May 21 08:00:00 PM,24.0
52,NARIÑO,52390,LA TOLA,52390005,AGUACATAL (LA TOLA - NARIÑO),2022,5,672.0,185.0,60.0,Martes,2022 May 31 07:15:00 PM,24.0
52,NARIÑO,52390,LA TOLA,52390005,AMARALES (LA TOLA - NARIÑO),2022,5,7.231,3.115,60.0,Jueves,2022 May 26 07:00:00 PM,24.0
52,NARIÑO,52250,EL CHARCO,52250023,BAZÁN (EL CHARCO - NARIÑO),2022,5,20.063,7.394,60.0,Martes,2022 May 24 06:45:00 PM,24.0
52,NARIÑO,52835,TUMACO,52835055,BOCAS DE CURAY (TUMACO - NARIÑO),2022,5,7.885,2.5,60.0,Martes,2022 May 31 07:30:00 PM,24.0
52,NARIÑO,52473,MOSQUERA,52473010,EL BAJITO DE ECHANDÍA (MOSQUERA - NARIÑO),2022,5,3.073,671.0,60.0,Jueves,2022 May 26 11:15:00 AM,24.0
52,NARIÑO,52696,SANTA BÁRBARA (ISCUANDÉ),52696022,LA ENSENADA (SANTA BÁRBARA (ISCUANDÉ) - NARIÑO),2022,5,3.063,4.831,60.0,Jueves,2022 May 26 07:30:00 PM,24.0
52,NARIÑO,52390,LA TOLA,52390005,LA VIGÍA (LA TOLA - NARIÑO),2022,5,6.234,2.416,60.0,Domingo,2022 May 08 12:15:00 PM,24.0
52,NARIÑO,52250,EL CHARCO,52250023,LAS MERCEDES (EL CHARCO - NARIÑO),2022,5,1.836,589.0,60.0,Jueves,2022 May 26 08:45:00 PM,24.0
52,NARIÑO,52390,LA TOLA,52390005,MULATOS (LA TOLA - NARIÑO),2022,5,4.427,2.217,60.0,Lunes,2022 May 16 05:30:00 PM,24.0
52,NARIÑO,52250,EL CHARCO,52250023,SAN JOSÉ (EL CHARCO - NARIÑO),2022,5,14.134,3.676,80.0,Martes,2022 May 17 05:45:00 PM,24.0
52,NARIÑO,52835,TUMACO,52835055,SAN JUAN COSTA (TUMACO - NARIÑO),2022,5,20.64,7.946,60.0,Martes,2022 May 03 06:45:00 PM,24.0
52,NARIÑO,52390,LA TOLA,52390005,SAN PABLO DE LA MAR (LA TOLA - NARIÑO),2022,5,3.961,1.232,60.0,Martes,2022 May 17 06:45:00 PM,24.0
52,NARIÑO,52520,FRANCISCO PIZARRO,52520013,SAN PEDRO DEL VINO (FRANCISCO PIZARRO - NARIÑO),2022,5,4.682,2.405,60.0,Sábado,2022 May 21 08:00:00 PM,24.0
52,NARIÑO,52696,SANTA BÁRBARA (ISCUANDÉ),52696022,SECADERO (SANTA BÁRBARA (ISCUANDÉ) - NARIÑO),2022,5,3.048,1.16,60.0,Jueves,2022 May 26 07:15:00 PM,24.0
86,PUTUMAYO,86573,PUERTO LEGUÍZAMO,86573009,PIÑUÑA NEGRO (PUERTO LEGUÍZAMO - PUTUMAYO),2022,5,3.728,1.627,60.0,Domingo,2022 May 22 07:00:00 PM,24.0
86,PUTUMAYO,86573,PUERTO LEGUÍZAMO,86573009,PUERTO LEGUÍZAMO (PUERTO LEGUÍZAMO - PUTUMAYO),2022,5,982.942,318.175,60.0,Martes,2022 May 03 03:00:00 PM,24.0
76,VALLE DEL CAUCA,76109,BUENAVENTURA,76109028,PUERTO MERIZALDE (BUENAVENTURA - VALLE DEL CAUCA),2022,5,81.388,28.005,60.0,Domingo,2022 May 01 08:30:00 PM,24.0
76,VALLE DEL CAUCA,76109,BUENAVENTURA,76109028,SAN FRANCISCO DE NAYA (BUENAVENTURA - VALLE DEL CAUCA),2022,5,6.098,2.552,60.0,Viernes,2022 May 27 11:45:00 AM,8.0
97,VAUPÉS,97161,CARURÚ,97161000,CARURÚ (CARURÚ - VAUPÉS),2022,5,28.056,8.46,60.0,Miércoles,2022 May 11 06:00:00 PM,24.0
97,VAUPÉS,97001,MITÚ,97001000,MITÚ (MITÚ - VAUPÉS),2022,5,10.326,391.911,60.0,Miércoles,2022 May 04 12:00:00 PM,24.0
97,VAUPÉS,97666,TARAIRA,97666000,TARAIRA (TARAIRA - VAUPÉS),2022,5,33.234,9.974,60.0,Miércoles,2022 May 11 06:30:00 PM,24.0
99,VICHADA,99001,PUERTO CARREÑO,99001002,CASUARITO (PUERTO CARREÑO - VICHADA),2022,5,24.622,9.578,60.0,Miércoles,2022 May 04 12:30:00 PM,24.0
99,VICHADA,99773,CUMARIBO,99773000,CUMARIBO (CUMARIBO - VICHADA),2022,5,324.08,137.209,60.0,Martes,2022 May 03 03:00:00 PM,24.0
99,VICHADA,99524,LA PRIMAVERA,99524000,LA PRIMAVERA (LA PRIMAVERA - VICHADA),2022,5,353.229,137.702,60.0,Miércoles,2022 May 04 06:30:00 PM,24.0
99,VICHADA,99001,PUERTO CARREÑO,99001002,PUERTO CARREÑO (PUERTO CARREÑO - VICHADA),2022,5,10.326,827.054,60.0,Miércoles,2022 May 04 02:15:00 PM,24.0
99,VICHADA,99624,SANTA ROSALÍA,99624000,SANTA ROSALÍA (SANTA ROSALÍA - VICHADA),2022,5,144.726,73.964,60.0,Miércoles,2022 May 04 06:30:00 PM,24.0
91,AMAZONAS,91001,LETICIA,91001000,LETICIA (LETICIA - AMAZONAS),2022,6,10.326,8.475,60.0,Jueves,2022 Jun 23 02:30:00 PM,24.0
91,AMAZONAS,91540,PUERTO NARIÑO,91540000,PUERTO NARIÑO (PUERTO NARIÑO - AMAZONAS),2022,6,104.812,36.619,60.0,Jueves,2022 Jun 30 06:45:00 PM,24.0
91,AMAZONAS,91798,TARAPACÁ,91798000,TARAPACÁ (TARAPACÁ - AMAZONAS),2022,6,22.16,10.472,89.0,Martes,2022 Jun 21 02:45:00 PM,24.0
5,ANTIOQUIA,5873,VIGÍA DEL FUERTE,5873002,VEGÁEZ (VIGÍA DEL FUERTE - ANTIOQUIA),2022,6,4.622,545.0,60.0,Martes,2022 Jun 21 05:15:00 PM,24.0
88,ARCHIPIÉLAGO DE SAN ANDRÉS,88564,PROVIDENCIA,88564000,PROVIDENCIA (PROVIDENCIA - ARCHIPIÉLAGO DE SAN ANDRÉS),2022,6,10.326,261.734,60.0,Miércoles,2022 Jun 29 09:15:00 PM,24.0
88,ARCHIPIÉLAGO DE SAN ANDRÉS,88001,SAN ANDRÉS,88001000,SAN ANDRÉS (SAN ANDRÉS - ARCHIPIÉLAGO DE SAN ANDRÉS),2022,6,10.326,8.475,60.0,Miércoles,2022 Jun 08 03:30:00 PM,24.0
13,BOLÍVAR,13001,CARTAGENA,13001037,ISLA FUERTE (CARTAGENA - BOLÍVAR),2022,6,52.039,24.778,60.0,Jueves,2022 Jun 23 11:00:00 PM,24.0
13,BOLÍVAR,13001,CARTAGENA,13001037,ISLA MÚCURA (CARTAGENA - BOLÍVAR),2022,6,6.662,2.473,60.0,Jueves,2022 Jun 23 10:00:00 PM,24.0
13,BOLÍVAR,13001,CARTAGENA,13001037,SANTA CRUZ DEL ISLOTE (CARTAGENA - BOLÍVAR),2022,6,12.585,3.947,60.0,Miércoles,2022 Jun 29 09:30:00 PM,24.0
18,CAQUETÁ,18753,SAN VICENTE DEL CAGUÁN,18753002,GUACAMAYAS (SAN VICENTE DEL CAGUÁN - CAQUETÁ),2022,6,13.567,4.441,60.0,Lunes,2022 Jun 27 07:30:00 PM,24.0
18,CAQUETÁ,18753,SAN VICENTE DEL CAGUÁN,18753002,GUAYABAL (SAN VICENTE DEL CAGUÁN - CAQUETÁ),2022,6,5.878,2.779,60.0,Domingo,2022 Jun 05 10:30:00 AM,24.0
18,CAQUETÁ,18150,CARTAGENA DEL CHAIRA,18150001,REMOLINO DEL CAGUÁN (CARTAGENA DEL CHAIRA - CAQUETÁ),2022,6,16.113,8.181,60.0,Viernes,2022 Jun 03 06:45:00 PM,24.0
18,CAQUETÁ,18150,CARTAGENA DEL CHAIRA,18150001,SANTA FE DEL CAGUÁN (CARTAGENA DEL CHAIRA - CAQUETÁ),2022,6,3.731,1.864,60.0,Jueves,2022 Jun 09 06:45:00 PM,24.0
85,CASANARE,85430,TRINIDAD,85430001,BOCAS DEL PAUTO (TRINIDAD - CASANARE),2022,6,13.194,7.595,60.0,Martes,2022 Jun 28 06:30:00 PM,24.0
19,CAUCA,19809,TIMBIQUÍ,19809003,CHACÓN (TIMBIQUÍ - CAUCA),2022,6,4.233,1.293,60.0,Jueves,2022 Jun 09 07:15:00 PM,24.0
19,CAUCA,19809,TIMBIQUÍ,19809003,COMUNIDAD DE CHETE (TIMBIQUÍ - CAUCA),2022,6,2.433,916.0,60.0,Sábado,2022 Jun 11 07:00:00 PM,24.0
19,CAUCA,19809,TIMBIQUÍ,19809003,COTEJE (TIMBIQUÍ - CAUCA),2022,6,6.034,4.499,60.0,Martes,2022 Jun 07 07:30:00 PM,24.0
19,CAUCA,19418,LÓPEZ (MICAY),19418038,ISLA DE GALLO (LÓPEZ (MICAY) - CAUCA),2022,6,3.459,1.632,60.0,Viernes,2022 Jun 10 06:15:00 PM,24.0
19,CAUCA,19318,GUAPI,19318008,LIMONES (GUAPI - CAUCA),2022,6,7.833,3.788,35.0,Miércoles,2022 Jun 01 07:30:00 PM,24.0
19,CAUCA,19809,TIMBIQUÍ,19809003,LOS BRAZOS (TIMBIQUÍ - CAUCA),2022,6,7.685,1.58,41.0,Miércoles,2022 Jun 01 06:00:00 PM,24.0
19,CAUCA,19418,LÓPEZ (MICAY),19418038,NOANAMITO (LÓPEZ (MICAY) - CAUCA),2022,6,6.867,2.021,44.0,Miércoles,2022 Jun 01 06:30:00 PM,24.0
19,CAUCA,19809,TIMBIQUÍ,19809003,PUERTO SAIJA (TIMBIQUÍ - CAUCA),2022,6,27.313,13.763,60.0,Miércoles,2022 Jun 08 07:30:00 PM,24.0
19,CAUCA,19418,LÓPEZ (MICAY),19418038,SAN ANTONIO DE CHUARÉ (LÓPEZ (MICAY) - CAUCA),2022,6,8.248,2.683,60.0,Jueves,2022 Jun 09 07:00:00 PM,24.0
19,CAUCA,19318,GUAPI,19318008,SAN ANTONIO DE GUAJUI (GUAPI - CAUCA),2022,6,11.513,5.52,49.0,Miércoles,2022 Jun 08 07:45:00 PM,24.0
19,CAUCA,19809,TIMBIQUÍ,19809003,SANTA MARÍA (TIMBIQUÍ - CAUCA),2022,6,12.224,5.201,60.0,Miércoles,2022 Jun 08 06:45:00 PM,24.0
19,CAUCA,19809,TIMBIQUÍ,19809003,SANTA ROSA DE SAIJA (TIMBIQUÍ - CAUCA),2022,6,3.959,2.173,25.0,Sábado,2022 Jun 04 07:30:00 PM,24.0
19,CAUCA,19418,LÓPEZ (MICAY),19418038,ZARAGOZA (LÓPEZ (MICAY) - CAUCA),2022,6,4.981,1.88,60.0,Sábado,2022 Jun 11 06:45:00 PM,24.0
27,CHOCO,27800,UNGUÍA,27800001,BALBOA (UNGUÍA - CHOCO),2022,6,19.962,8.206,60.0,Viernes,2022 Jun 10 08:30:00 PM,24.0
27,CHOCO,27099,BOJAYÁ (BELLAVISTA),27099000,BELLAVISTA (BOJAYÁ (BELLAVISTA) - CHOCO),2022,6,94.094,27.441,60.0,Viernes,2022 Jun 03 07:45:00 PM,24.0
27,CHOCO,27425,MEDIO ATRATO (BETÉ),27425000,BETÉ (MEDIO ATRATO (BETÉ) - CHOCO),2022,6,14.249,7.518,56.0,Miércoles,2022 Jun 22 07:30:00 PM,24.0
27,CHOCO,27025,ALTO BAUDÓ (PIE DE PATO),27025000,CIUDAD BAUDÓ (ALTO BAUDÓ (PIE DE PATO) - CHOCO),2022,6,43.555,14.905,60.0,Sábado,2022 Jun 04 11:45:00 AM,24.0
27,CHOCO,27495,NUQUÍ,27495000,COMUNIDAD INDÍGENA DE PANGUÍ - (EL YUCAL) (NUQUÍ - CHOCO),2022,6,7.868,1.762,60.0,Jueves,2022 Jun 02 06:15:00 PM,24.0
27,CHOCO,27250,EL LITORAL DEL SAN JUAN,27250000,CUCURRUPÍ (EL LITORAL DEL SAN JUAN - CHOCO),2022,6,3.078,946.0,60.0,Miércoles,2022 Jun 08 07:00:00 PM,24.0
27,CHOCO,27075,BAHÍA SOLANO (MUTIS),27075001,CUPICA (BAHÍA SOLANO (MUTIS) - CHOCO),2022,6,66.925,23.714,150.0,Viernes,2022 Jun 03 07:30:00 PM,24.0
27,CHOCO,27075,BAHÍA SOLANO (MUTIS),27075001,EL VALLE (BAHÍA SOLANO (MUTIS) - CHOCO),2022,6,154.438,63.802,60.0,Miércoles,2022 Jun 29 07:30:00 PM,24.0
27,CHOCO,27372,JURADO,27372000,JURADO (JURADO - CHOCO),2022,6,156.651,68.498,60.0,Miércoles,2022 Jun 15 07:30:00 PM,24.0
27,CHOCO,27099,BOJAYÁ (BELLAVISTA),27099000,LA LOMA DE BOJAYÁ (BOJAYÁ (BELLAVISTA) - CHOCO),2022,6,10.777,5.754,60.0,Lunes,2022 Jun 06 07:15:00 PM,24.0
27,CHOCO,27099,BOJAYÁ (BELLAVISTA),27099000,NAPIPÍ (BOJAYÁ (BELLAVISTA) - CHOCO),2022,6,8.914,2.289,60.0,Sábado,2022 Jun 04 06:45:00 PM,6.0
27,CHOCO,27495,NUQUÍ,27495000,NUQUÍ (NUQUÍ - CHOCO),2022,6,242.342,95.501,484.0,Sábado,2022 Jun 04 08:00:00 PM,24.0
27,CHOCO,27077,BAJO BAUDÓ (PIZARRO),27077905,PILIZA (BAJO BAUDÓ (PIZARRO) - CHOCO),2022,6,5.76,4.579,60.0,Martes,2022 Jun 07 06:30:00 PM,24.0
27,CHOCO,27077,BAJO BAUDÓ (PIZARRO),27077905,PIZARRO (BAJO BAUDÓ (PIZARRO) - CHOCO),2022,6,207.574,94.136,60.0,Miércoles,2022 Jun 08 07:00:00 PM,24.0
27,CHOCO,27495,NUQUÍ,27495000,PUERTO JAGUA (NUQUÍ - CHOCO),2022,6,742.0,379.0,60.0,Jueves,2022 Jun 30 07:15:00 PM,24.0
27,CHOCO,27001,QUIBDÓ,27001029,TAGACHI (QUIBDÓ - CHOCO),2022,6,5.703,2.049,60.0,Sábado,2022 Jun 25 12:30:00 PM,24.0
27,CHOCO,27800,UNGUÍA,27800001,TITUMATE (UNGUÍA - CHOCO),2022,6,16.907,4.374,60.0,Viernes,2022 Jun 17 07:00:00 PM,24.0
27,CHOCO,27250,EL LITORAL DEL SAN JUAN,27250000,TOGOROMA PLAYA (EL LITORAL DEL SAN JUAN - CHOCO),2022,6,984.0,235.0,60.0,Miércoles,2022 Jun 01 07:15:00 PM,24.0
27,CHOCO,27800,UNGUÍA,27800001,UNGUÍA (UNGUÍA - CHOCO),2022,6,391.559,133.588,60.0,Viernes,2022 Jun 03 08:30:00 PM,24.0
94,GUAINÍA,94343,BARRANCO MINAS,94343000,BARRANCO MINAS (BARRANCO MINAS - GUAINÍA),2022,6,63.193,17.154,60.0,Miércoles,2022 Jun 29 06:30:00 PM,24.0
94,GUAINÍA,94001,INÍRIDA,94001000,INÍRIDA (INÍRIDA - GUAINÍA),2022,6,10.326,595.336,60.0,Jueves,2022 Jun 09 03:00:00 PM,24.0
95,GUAVIARE,95200,MIRAFLORES,95200000,MIRAFLORES (MIRAFLORES - GUAVIARE),2022,6,83.248,29.949,60.0,Jueves,2022 Jun 02 07:00:00 PM,24.0
44,LA GUAJIRA,44847,URIBÍA,44847012,NAZARETH (URIBÍA - LA GUAJIRA),2022,6,44.11,11.665,60.0,Lunes,2022 Jun 13 08:00:00 PM,24.0
47,MAGDALENA,47189,CIÉNAGA,47189018,PALMOR (CIÉNAGA - MAGDALENA),2022,6,84.901,28.344,60.0,Domingo,2022 Jun 26 08:00:00 AM,24.0
52,NARIÑO,52390,LA TOLA,52390005,AGUACATAL (LA TOLA - NARIÑO),2022,6,2.158,610.0,60.0,Sábado,2022 Jun 11 04:45:00 PM,24.0
52,NARIÑO,52250,EL CHARCO,52250023,BAZÁN (EL CHARCO - NARIÑO),2022,6,18.8,6.784,96.0,Viernes,2022 Jun 03 06:45:00 PM,8.0
52,NARIÑO,52835,TUMACO,52835055,BOCAS DE CURAY (TUMACO - NARIÑO),2022,6,7.273,2.379,60.0,Viernes,2022 Jun 03 07:15:00 PM,24.0
52,NARIÑO,52490,OLAYA HERRERA,52490913,BOCAS DE PRIETA (OLAYA HERRERA - NARIÑO),2022,6,2.819,657.0,60.0,Martes,2022 Jun 07 06:00:00 PM,24.0
52,NARIÑO,52473,MOSQUERA,52473010,EL BAJITO DE ECHANDÍA (MOSQUERA - NARIÑO),2022,6,2.602,600.0,60.0,Viernes,2022 Jun 17 06:15:00 PM,24.0
52,NARIÑO,52696,SANTA BÁRBARA (ISCUANDÉ),52696022,LA ENSENADA (SANTA BÁRBARA (ISCUANDÉ) - NARIÑO),2022,6,1.875,3.026,60.0,Miércoles,2022 Jun 08 07:00:00 PM,24.0
52,NARIÑO,52390,LA TOLA,52390005,LA VIGÍA (LA TOLA - NARIÑO),2022,6,6.007,2.323,60.0,Jueves,2022 Jun 30 12:15:00 PM,24.0
52,NARIÑO,52390,LA TOLA,52390005,MULATOS (LA TOLA - NARIÑO),2022,6,3.981,2.012,60.0,Viernes,2022 Jun 03 06:30:00 PM,24.0
52,NARIÑO,52250,EL CHARCO,52250023,SAN JOSÉ (EL CHARCO - NARIÑO),2022,6,10.776,3.662,56.0,Miércoles,2022 Jun 01 07:00:00 PM,24.0
52,NARIÑO,52835,TUMACO,52835055,SAN JUAN COSTA (TUMACO - NARIÑO),2022,6,23.053,9.22,60.0,Lunes,2022 Jun 20 07:15:00 PM,24.0
52,NARIÑO,52390,LA TOLA,52390005,SAN PABLO DE LA MAR (LA TOLA - NARIÑO),2022,6,1.966,491.0,60.0,Jueves,2022 Jun 02 07:00:00 PM,24.0
52,NARIÑO,52520,FRANCISCO PIZARRO,52520013,SAN PEDRO DEL VINO (FRANCISCO PIZARRO - NARIÑO),2022,6,4.341,2.312,60.0,Jueves,2022 Jun 16 06:00:00 PM,24.0
52,NARIÑO,52696,SANTA BÁRBARA (ISCUANDÉ),52696022,SECADERO (SANTA BÁRBARA (ISCUANDÉ) - NARIÑO),2022,6,3.022,1.516,60.0,Sábado,2022 Jun 04 12:45:00 PM,24.0
86,PUTUMAYO,86573,PUERTO LEGUÍZAMO,86573009,PIÑUÑA NEGRO (PUERTO LEGUÍZAMO - PUTUMAYO),2022,6,3.814,1.751,60.0,Viernes,2022 Jun 03 07:00:00 PM,24.0
86,PUTUMAYO,86573,PUERTO LEGUÍZAMO,86573009,PUERTO LEGUÍZAMO (PUERTO LEGUÍZAMO - PUTUMAYO),2022,6,925.729,297.857,60.0,Viernes,2022 Jun 10 02:45:00 PM,24.0
76,VALLE DEL CAUCA,76109,BUENAVENTURA,76109028,PUERTO MERIZALDE (BUENAVENTURA - VALLE DEL CAUCA),2022,6,81.787,27.791,60.0,Jueves,2022 Jun 23 07:45:00 PM,24.0
76,VALLE DEL CAUCA,76109,BUENAVENTURA,76109028,SAN FRANCISCO DE NAYA (BUENAVENTURA - VALLE DEL CAUCA),2022,6,6.358,2.623,60.0,Sábado,2022 Jun 18 11:45:00 AM,24.0
97,VAUPÉS,97161,CARURÚ,97161000,CARURÚ (CARURÚ - VAUPÉS),2022,6,26.887,7.778,60.0,Viernes,2022 Jun 17 06:45:00 PM,24.0
97,VAUPÉS,97001,MITÚ,97001000,MITÚ (MITÚ - VAUPÉS),2022,6,10.326,363.471,60.0,Lunes,2022 Jun 06 12:00:00 PM,24.0
27,CHOCÓ,27372,JURADO,27372901,SANTA TERESITA,2025,12,348.0,31.0,96.392,lunes,2025 Dec 01 06:15:00 PM,341.0
97,VAUPÉS,97666,TARAIRA,97666000,TARAIRA (TARAIRA - VAUPÉS),2022,6,31.514,9.744,60.0,Miércoles,2022 Jun 15 07:00:00 PM,24.0
99,VICHADA,99001,PUERTO CARREÑO,99001002,CASUARITO (PUERTO CARREÑO - VICHADA),2022,6,22.785,9.026,60.0,Miércoles,2022 Jun 22 07:00:00 PM,24.0
99,VICHADA,99773,CUMARIBO,99773000,CUMARIBO (CUMARIBO - VICHADA),2022,6,297.085,127.405,60.0,Martes,2022 Jun 07 01:45:00 PM,24.0
99,VICHADA,99524,LA PRIMAVERA,99524000,LA PRIMAVERA (LA PRIMAVERA - VICHADA),2022,6,317.589,125.767,60.0,Martes,2022 Jun 21 06:45:00 PM,24.0
99,VICHADA,99001,PUERTO CARREÑO,99001002,PUERTO CARREÑO (PUERTO CARREÑO - VICHADA),2022,6,10.326,773.785,60.0,Viernes,2022 Jun 10 02:15:00 PM,24.0
99,VICHADA,99624,SANTA ROSALÍA,99624000,SANTA ROSALÍA (SANTA ROSALÍA - VICHADA),2022,6,134.535,68.879,334.0,Miércoles,2022 Jun 22 06:30:00 PM,24.0
91,AMAZONAS,91001,LETICIA,91001000,LETICIA (LETICIA - AMAZONAS),2022,7,10.326,8.475,60.0,Viernes,2022 Jul 01 03:15:00 PM,24.0
91,AMAZONAS,91540,PUERTO NARIÑO,91540000,PUERTO NARIÑO (PUERTO NARIÑO - AMAZONAS),2022,7,113.898,40.782,60.0,Martes,2022 Jul 12 07:15:00 PM,24.0
91,AMAZONAS,91798,TARAPACA,91798000,TARAPACA (TARAPACA - AMAZONAS),2022,7,24.254,10.571,60.0,Martes,2022 Jul 12 02:00:00 PM,24.0
5,ANTIOQUIA,5873,VIGIA DEL FUERTE,5873002,VEGAEZ (VIGIA DEL FUERTE - ANTIOQUIA),2022,7,3.567,393.0,60.0,Lunes,2022 Jul 11 09:00:00 PM,24.0
88,ARCHIPIELAGO DE SAN ANDRES,88564,PROVIDENCIA,88564000,PROVIDENCIA (PROVIDENCIA - ARCHIPIELAGO DE SAN ANDRES),2022,7,10.326,292.504,60.0,Lunes,2022 Jul 18 09:15:00 PM,24.0
88,ARCHIPIELAGO DE SAN ANDRES,88001,SAN ANDRES,88001000,SAN ANDRES (SAN ANDRES - ARCHIPIELAGO DE SAN ANDRES),2022,7,10.326,8.475,60.0,Miercoles,2022 Jul 13 03:30:00 PM,24.0
13,BOLIVAR,13001,CARTAGENA,13001037,ISLA FUERTE (CARTAGENA - BOLIVAR),2022,7,55.92,26.452,60.0,Domingo,2022 Jul 03 10:45:00 PM,24.0
13,BOLIVAR,13001,CARTAGENA,13001037,ISLA MUCURA (CARTAGENA - BOLIVAR),2022,7,7.101,2.763,60.0,Sabado,2022 Jul 09 11:00:00 PM,24.0
13,BOLIVAR,13001,CARTAGENA,13001037,SANTA CRUZ DEL ISLOTE (CARTAGENA - BOLIVAR),2022,7,14.09,4.483,60.0,Domingo,2022 Jul 17 09:00:00 PM,24.0
18,CAQUETA,18753,SAN VICENTE DEL CAGUAN,18753002,GUACAMAYAS (SAN VICENTE DEL CAGUAN - CAQUETA),2022,7,14.478,4.626,60.0,Sabado,2022 Jul 16 07:15:00 PM,24.0
18,CAQUETA,18753,SAN VICENTE DEL CAGUAN,18753002,GUAYABAL (SAN VICENTE DEL CAGUAN - CAQUETA),2022,7,5.958,2.847,60.0,Miercoles,2022 Jul 20 07:00:00 PM,24.0
18,CAQUETA,18150,CARTAGENA DEL CHAIRA,18150001,SANTA FE DEL CAGUAN (CARTAGENA DEL CHAIRA - CAQUETA),2022,7,3.177,1.523,60.0,Jueves,2022 Jul 21 06:45:00 PM,24.0
19,CAUCA,19809,TIMBIQUI,19809003,CHACON (TIMBIQUI - CAUCA),2022,7,4.097,1.243,60.0,Sabado,2022 Jul 09 07:30:00 PM,24.0
19,CAUCA,19809,TIMBIQUI,19809003,COMUNIDAD DE CHETE (TIMBIQUI - CAUCA),2022,7,4.185,1.626,60.0,Viernes,2022 Jul 08 07:00:00 PM,24.0
19,CAUCA,19809,TIMBIQUI,19809003,COTEJE (TIMBIQUI - CAUCA),2022,7,6.266,4.628,60.0,Martes,2022 Jul 26 07:00:00 PM,24.0
19,CAUCA,19418,LOPEZ (MICAY),19418038,ISLA DE GALLO (LOPEZ (MICAY) - CAUCA),2022,7,3.549,1.533,60.0,Viernes,2022 Jul 15 07:15:00 PM,24.0
19,CAUCA,19318,GUAPI,19318008,LIMONES (GUAPI - CAUCA),2022,7,7.463,3.624,60.0,Sabado,2022 Jul 23 02:30:00 PM,24.0
19,CAUCA,19418,LOPEZ (MICAY),19418038,NOANAMITO (LOPEZ (MICAY) - CAUCA),2022,7,8.32,2.333,60.0,Sabado,2022 Jul 30 07:45:00 PM,24.0
19,CAUCA,19809,TIMBIQUI,19809003,PUERTO SAIJA (TIMBIQUI - CAUCA),2022,7,26.533,13.203,60.0,Domingo,2022 Jul 24 07:15:00 PM,24.0
19,CAUCA,19418,LOPEZ (MICAY),19418038,SAN ANTONIO DE CHUARE (LOPEZ (MICAY) - CAUCA),2022,7,4.477,1.497,60.0,Lunes,2022 Jul 25 06:45:00 PM,24.0
19,CAUCA,19318,GUAPI,19318008,SAN ANTONIO DE GUAJUI (GUAPI - CAUCA),2022,7,12.538,6.31,60.0,Viernes,2022 Jul 29 07:00:00 PM,24.0
19,CAUCA,19809,TIMBIQUI,19809003,SANTA ROSA DE SAIJA (TIMBIQUI - CAUCA),2022,7,4.067,2.128,60.0,Lunes,2022 Jul 18 07:45:00 PM,24.0
19,CAUCA,19418,LOPEZ (MICAY),19418038,ZARAGOZA (LOPEZ (MICAY) - CAUCA),2022,7,4.252,1.688,60.0,Miercoles,2022 Jul 27 07:15:00 PM,24.0
27,CHOCO,27006,ACANDI,27006000,ACANDI (ACANDI - CHOCO),2022,7,624.831,213.978,60.0,Viernes,2022 Jul 15 08:30:00 PM,24.0
27,CHOCO,27800,UNGUIA,27800001,BALBOA (UNGUIA - CHOCO),2022,7,20.362,8.399,60.0,Jueves,2022 Jul 14 07:45:00 PM,24.0
27,CHOCO,27099,BOJAYA (BELLAVISTA),27099000,BELLAVISTA (BOJAYA (BELLAVISTA) - CHOCO),2022,7,89.481,25.068,60.0,Lunes,2022 Jul 18 07:30:00 PM,24.0
27,CHOCO,27425,MEDIO ATRATO (BETE),27425000,BETE (MEDIO ATRATO (BETE) - CHOCO),2022,7,13.724,6.899,60.0,Martes,2022 Jul 19 11:15:00 AM,24.0
27,CHOCO,27006,ACANDI,27006000,CAPURGANA (ACANDI - CHOCO),2022,7,383.322,139.472,60.0,Domingo,2022 Jul 03 09:00:00 PM,24.0
27,CHOCO,27025,ALTO BAUDO (PIE DE PATO),27025000,CIUDAD BAUDO (ALTO BAUDO (PIE DE PATO) - CHOCO),2022,7,46.705,16.143,60.0,Sabado,2022 Jul 30 12:00:00 PM,24.0
27,CHOCO,27075,BAHIA SOLANO (MUTIS),27075001,MUTIS (BAHIA SOLANO (MUTIS) - CHOCO),2022,7,702.58,240.725,60.0,Martes,2022 Jul 19 07:45:00 PM,24.0
27,CHOCO,27495,NUQUI,27495000,COMUNIDAD INDIGENA DE PANGUI - (EL YUCAL) (NUQUI - CHOCO),2022,7,8.029,1.78,60.0,Martes,2022 Jul 12 04:00:00 PM,24.0
27,CHOCO,27250,EL LITORAL DEL SAN JUAN,27250000,CUCURRUPI (EL LITORAL DEL SAN JUAN - CHOCO),2022,7,3.281,954.0,60.0,Martes,2022 Jul 05 07:00:00 PM,24.0
27,CHOCO,27075,BAHIA SOLANO (MUTIS),27075001,CUPICA (BAHIA SOLANO (MUTIS) - CHOCO),2022,7,67.995,22.508,60.0,Martes,2022 Jul 26 07:45:00 PM,24.0
27,CHOCO,27075,BAHIA SOLANO (MUTIS),27075001,EL VALLE (BAHIA SOLANO (MUTIS) - CHOCO),2022,7,169.468,69.821,60.0,Martes,2022 Jul 26 07:15:00 PM,24.0
27,CHOCO,27372,JURADO,27372000,JURADO (JURADO - CHOCO),2022,7,169.335,71.404,60.0,Lunes,2022 Jul 18 08:30:00 PM,24.0
27,CHOCO,27099,BOJAYA (BELLAVISTA),27099000,LA LOMA DE BOJAYA (BOJAYA (BELLAVISTA) - CHOCO),2022,7,11.046,5.654,64.0,Domingo,2022 Jul 24 07:15:00 PM,24.0
27,CHOCO,27099,BOJAYA (BELLAVISTA),27099000,NAPIPI (BOJAYA (BELLAVISTA) - CHOCO),2022,7,8.156,2.109,60.0,Viernes,2022 Jul 08 07:30:00 PM,24.0
27,CHOCO,27495,NUQUI,27495000,NUQUI (NUQUI - CHOCO),2022,7,258.369,102.886,60.0,Martes,2022 Jul 19 08:00:00 PM,24.0
27,CHOCO,27077,BAJO BAUDO (PIZARRO),27077905,PIZARRO (BAJO BAUDO (PIZARRO) - CHOCO),2022,7,219.353,98.313,60.0,Miercoles,2022 Jul 20 01:00:00 PM,24.0
27,CHOCO,27001,QUIBDO,27001029,TAGACHI (QUIBDO - CHOCO),2022,7,5.007,1.754,60.0,Viernes,2022 Jul 29 08:15:00 PM,24.0
27,CHOCO,27800,UNGUIA,27800001,TITUMATE (UNGUIA - CHOCO),2022,7,17.576,4.257,60.0,Sabado,2022 Jul 30 09:00:00 PM,24.0
27,CHOCO,27250,EL LITORAL DEL SAN JUAN,27250000,TOGOROMA PLAYA (EL LITORAL DEL SAN JUAN - CHOCO),2022,7,1.015,275.0,60.0,Viernes,2022 Jul 08 06:30:00 PM,24.0
27,CHOCO,27800,UNGUIA,27800001,UNGUIA (UNGUIA - CHOCO),2022,7,411.524,141.477,60.0,Jueves,2022 Jul 07 08:30:00 PM,24.0
94,GUAINIA,94343,BARRANCO MINAS,94343000,BARRANCO MINAS (BARRANCO MINAS - GUAINIA),2022,7,72.083,20.894,60.0,Martes,2022 Jul 05 03:00:00 PM,24.0
94,GUAINIA,94001,INIRIDA,94001000,INIRIDA (INIRIDA - GUAINIA),2022,7,10.326,625.841,60.0,Lunes,2022 Jul 11 03:15:00 PM,24.0
95,GUAVIARE,95200,MIRAFLORES,95200000,MIRAFLORES (MIRAFLORES - GUAVIARE),2022,7,84.015,30.981,60.0,Viernes,2022 Jul 15 06:30:00 PM,24.0
44,LA GUAJIRA,44847,URIBIA,44847012,NAZARETH (URIBIA - LA GUAJIRA),2022,7,48.605,13.33,60.0,Lunes,2022 Jul 25 07:15:00 PM,24.0
47,MAGDALENA,47189,CIENAGA,47189018,PALMOR (CIENAGA - MAGDALENA),2022,7,75.647,25.92,60.0,Sabado,2022 Jul 09 12:00:00 PM,24.0
50,META,50325,MAPIRIPAN,50325000,MAPIRIPAN (MAPIRIPAN - META),2022,7,157.671,60.318,60.0,Miercoles,2022 Jul 06 07:00:00 PM,24.0
52,NARIÑO,52390,LA TOLA,52390005,AGUACATAL (LA TOLA - NARIÑO),2022,7,2.06,581.0,60.0,Domingo,2022 Jul 03 07:15:00 PM,24.0
52,NARIÑO,52390,LA TOLA,52390005,AMARALES (LA TOLA - NARIÑO),2022,7,5.937,2.703,60.0,Viernes,2022 Jul 15 08:30:00 PM,24.0
52,NARIÑO,52250,EL CHARCO,52250023,BAZAN (EL CHARCO - NARIÑO),2022,7,19.109,6.756,96.0,Sabado,2022 Jul 09 07:15:00 PM,24.0
52,NARIÑO,52835,TUMACO,52835055,BOCAS DE CURAY (TUMACO - NARIÑO),2022,7,8.458,2.933,60.0,Viernes,2022 Jul 01 07:15:00 PM,24.0
52,NARIÑO,52490,OLAYA HERRERA,52490913,BOCAS DE PRIETA (OLAYA HERRERA - NARIÑO),2022,7,2.958,694.0,60.0,Lunes,2022 Jul 25 07:00:00 PM,24.0
52,NARIÑO,52473,MOSQUERA,52473010,EL BAJITO DE ECHANDIA (MOSQUERA - NARIÑO),2022,7,576.0,142.0,60.0,Viernes,2022 Jul 01 07:00:00 PM,24.0
52,NARIÑO,52696,SANTA BARBARA (ISCUANDE),52696022,LA ENSENADA (SANTA BARBARA (ISCUANDE) - NARIÑO),2022,7,2.219,3.721,60.0,Jueves,2022 Jul 28 06:45:00 PM,24.0
52,NARIÑO,52390,LA TOLA,52390005,LA VIGIA (LA TOLA - NARIÑO),2022,7,6.349,2.55,60.0,Jueves,2022 Jul 14 12:15:00 PM,24.0
52,NARIÑO,52390,LA TOLA,52390005,MULATOS (LA TOLA - NARIÑO),2022,7,4.646,2.139,60.0,Martes,2022 Jul 19 07:30:00 PM,24.0
52,NARIÑO,52250,EL CHARCO,52250023,SAN JOSE (EL CHARCO - NARIÑO),2022,7,11.038,3.99,56.0,Viernes,2022 Jul 01 07:15:00 PM,24.0
52,NARIÑO,52835,TUMACO,52835055,SAN JUAN COSTA (TUMACO - NARIÑO),2022,7,23.136,8.733,60.0,Viernes,2022 Jul 22 11:45:00 AM,24.0
52,NARIÑO,52390,LA TOLA,52390005,SAN PABLO DE LA MAR (LA TOLA - NARIÑO),2022,7,2.832,946.0,60.0,Viernes,2022 Jul 01 07:30:00 PM,6.0
52,NARIÑO,52520,FRANCISCO PIZARRO,52520013,SAN PEDRO DEL VINO (FRANCISCO PIZARRO - NARIÑO),2022,7,4.398,2.351,60.0,Miercoles,2022 Jul 06 07:30:00 PM,24.0
52,NARIÑO,52696,SANTA BARBARA (ISCUANDE),52696022,SECADERO (SANTA BARBARA (ISCUANDE) - NARIÑO),2022,7,3.261,1.548,60.0,Sabado,2022 Jul 30 07:15:00 PM,24.0
86,PUTUMAYO,86573,PUERTO LEGUIZAMO,86573009,PIÑUÑA NEGRO (PUERTO LEGUIZAMO - PUTUMAYO),2022,7,3.826,1.887,60.0,Sabado,2022 Jul 02 07:45:00 PM,24.0
86,PUTUMAYO,86573,PUERTO LEGUIZAMO,86573009,PUERTO LEGUIZAMO (PUERTO LEGUIZAMO - PUTUMAYO),2022,7,885.482,293.656,60.0,Viernes,2022 Jul 29 02:45:00 PM,24.0
76,VALLE DEL CAUCA,76109,BUENAVENTURA,76109028,PUERTO MERIZALDE (BUENAVENTURA - VALLE DEL CAUCA),2022,7,83.836,28.867,60.0,Viernes,2022 Jul 01 07:45:00 PM,24.0
76,VALLE DEL CAUCA,76109,BUENAVENTURA,76109028,SAN FRANCISCO DE NAYA (BUENAVENTURA - VALLE DEL CAUCA),2022,7,6.24,2.664,60.0,Martes,2022 Jul 12 10:00:00 AM,24.0
97,VAUPES,97161,CARURU,97161000,CARURU (CARURU - VAUPES),2022,7,25.763,7.6,60.0,Sabado,2022 Jul 16 06:45:00 PM,24.0
97,VAUPES,97001,MITU,97001000,MITU (MITU - VAUPES),2022,7,10.326,383.418,60.0,Miercoles,2022 Jul 06 12:00:00 PM,24.0
99,VICHADA,99001,PUERTO CARREÑO,99001002,CASUARITO (PUERTO CARREÑO - VICHADA),2022,7,23.136,8.733,60.0,Viernes,2022 Jul 22 11:45:00 AM,24.0
99,VICHADA,99773,CUMARIBO,99773000,CUMARIBO (CUMARIBO - VICHADA),2022,7,314.94,134.006,660.0,Martes,2022 Jul 26 10:00:00 AM,24.0
99,VICHADA,99524,LA PRIMAVERA,99524000,LA PRIMAVERA (LA PRIMAVERA - VICHADA),2022,7,351.229,138.52,60.0,Martes,2022 Jul 26 07:15:00 PM,24.0
99,VICHADA,99001,PUERTO CARREÑO,99001002,PUERTO CARREÑO (PUERTO CARREÑO - VICHADA),2022,7,10.326,826.91,60.0,Jueves,2022 Jul 14 01:30:00 PM,24.0
99,VICHADA,99624,SANTA ROSALIA,99624000,SANTA ROSALIA (SANTA ROSALIA - VICHADA),2022,7,138.632,69.948,60.0,Viernes,2022 Jul 22 08:45:00 PM,18.0
91,AMAZONAS,91001,LETICIA,91001000,LETICIA (LETICIA - AMAZONAS),2022,8,10.326,8.475,60.0,jueves,2022 Aug 25 03:15:00 PM,24.0
91,AMAZONAS,91540,PUERTO NARIÑO,91540000,PUERTO NARIÑO (PUERTO NARIÑO - AMAZONAS),2022,8,115.084,41.59,60.0,miércoles,2022 Aug 17 06:45:00 PM,24.0
91,AMAZONAS,91798,TARAPACÁ,91798000,TARAPACÁ (TARAPACÁ (ANM) - AMAZONAS),2022,8,25.048,10.88,60.0,lunes,2022 Aug 08 02:30:00 PM,24.0
5,ANTIOQUIA,5873,VIGÍA DEL FUERTE,5873002,VEGÁEZ (VIGÍA DEL FUERTE - ANTIOQUIA),2022,8,4.157,577.0,60.0,sábado,2022 Aug 13 08:45:00 PM,24.0
88,"ARCHIPIÉLAGO DE SAN ANDRÉS, PROVIDENCIA Y SANTA CATALINA",88564,PROVIDENCIA,88564000,PROVIDENCIA (PROVIDENCIA - ARCHIPIÉLAGO DE SAN ANDRÉS y PROVIDENCIA),2022,8,10.326,289.037,60.0,miércoles,2022 Aug 24 07:45:00 PM,24.0
91,AMAZONAS,91540,PUERTO NARIÑO,91540000,PUERTO NARIÑO,2026,1,138.343,41.816,2.624,jueves,2026 Jan 15 03:00:00 PM,2.393
88,"ARCHIPIÉLAGO DE SAN ANDRÉS, PROVIDENCIA Y SANTA CATALINA",88001,SAN ANDRÉS,88001000,SAN ANDRÉS (SAN ANDRÉS - ARCHIPIÉLAGO DE SAN ANDRÉS y PROVIDENCIA),2022,8,10.326,8.475,60.0,jueves,2022 Aug 18 03:30:00 PM,24.0
13,BOLÍVAR,13001,CARTAGENA DE INDIAS,13001007,ISLA FUERTE (CARTAGENA DE INDIAS - BOLÍVAR),2022,8,53.258,25.989,60.0,viernes,2022 Aug 12 09:30:00 PM,24.0
13,BOLÍVAR,13001,CARTAGENA DE INDIAS,13001037,ISLA MÚCURA (CARTAGENA DE INDIAS - BOLÍVAR),2022,8,7.049,2.796,60.0,domingo,2022 Aug 14 11:00:00 PM,24.0
13,BOLÍVAR,13001,CARTAGENA DE INDIAS,13001017,SANTA CRUZ DEL ISLOTE (CARTAGENA DE INDIAS - BOLÍVAR),2022,8,12.587,4.121,60.0,sábado,2022 Aug 20 10:15:00 PM,24.0
18,CAQUETÁ,18753,SAN VICENTE DEL CAGUÁN,18753002,GUACAMAYAS (SAN VICENTE DEL CAGUÁN - CAQUETÁ),2022,8,2.52,956.0,60.0,martes,2022 Aug 02 02:45:00 PM,24.0
18,CAQUETÁ,18753,SAN VICENTE DEL CAGUÁN,18753015,GUAYABAL (SAN VICENTE DEL CAGUÁN - CAQUETÁ),2022,8,5.938,2.825,60.0,sábado,2022 Aug 27 12:30:00 PM,24.0
19,CAUCA,19809,TIMBIQUÍ,19809014,CHACÓN (TIMBIQUÍ - CAUCA),2022,8,3.933,1.223,60.0,miércoles,2022 Aug 10 07:15:00 PM,24.0
19,CAUCA,19809,TIMBIQUÍ,19809010,COMUNIDAD DE CHETE (TIMBIQUÍ - CAUCA),2022,8,4.164,1.612,60.0,domingo,2022 Aug 21 07:30:00 PM,24.0
19,CAUCA,19809,TIMBIQUÍ,19809003,COTEJE (TIMBIQUÍ - CAUCA),2022,8,6.096,4.624,60.0,martes,2022 Aug 30 07:30:00 PM,24.0
19,CAUCA,19418,LÓPEZ DE MICAY,19418038,ISLA DE GALLO (LÓPEZ DE MICAY - CAUCA),2022,8,2.371,1.134,60.0,lunes,2022 Aug 08 07:00:00 PM,24.0
19,CAUCA,19318,GUAPI,19318008,LIMONES (GUAPI - CAUCA),2022,8,8.342,4.122,60.0,sábado,2022 Aug 13 01:45:00 PM,24.0
19,CAUCA,19809,TIMBIQUÍ,19809026,LOS BRAZOS (TIMBIQUÍ - CAUCA),2022,8,7.845,1.684,60.0,jueves,2022 Aug 04 08:00:00 PM,24.0
19,CAUCA,19418,LÓPEZ DE MICAY,19418009,NOANAMITO (LÓPEZ DE MICAY - CAUCA),2022,8,6.04,1.516,60.0,lunes,2022 Aug 01 08:00:00 PM,24.0
19,CAUCA,19809,TIMBIQUÍ,19809023,PUERTO SAIJA (TIMBIQUÍ - CAUCA),2022,8,25.892,8.761,60.0,jueves,2022 Aug 04 07:45:00 PM,24.0
19,CAUCA,19418,LÓPEZ DE MICAY,19418012,SAN ANTONIO DE CHUARÉ (LÓPEZ DE MICAY - CAUCA),2022,8,4.54,1.588,60.0,jueves,2022 Aug 18 06:45:00 PM,24.0
19,CAUCA,19318,GUAPI,19318013,SAN ANTONIO DE GUAJUI (GUAPI - CAUCA),2022,8,8.285,3.879,60.0,martes,2022 Aug 30 08:00:00 PM,24.0
19,CAUCA,19418,LÓPEZ DE MICAY,19418015,SAN ISIDRO (LÓPEZ DE MICAY - CAUCA),2022,8,1.13,684.0,60.0,sábado,2022 Aug 20 07:15:00 PM,24.0
19,CAUCA,19809,TIMBIQUÍ,19809009,SANTA ROSA DE SAIJA (TIMBIQUÍ - CAUCA),2022,8,3.966,2.112,60.0,sábado,2022 Aug 20 07:30:00 PM,24.0
27,CHOCO,27006,ACANDÍ,27006000,ACANDÍ (ACANDÍ - CHOCO),2022,8,577.208,204.438,60.0,martes,2022 Aug 09 10:15:00 PM,24.0
27,CHOCO,27800,UNGUÍA,27800001,BALBOA (UNGUÍA - CHOCO),2022,8,23.63,9.759,60.0,sábado,2022 Aug 06 09:15:00 PM,24.0
27,CHOCO,27099,BOJAYÁ,27099000,BELLAVISTA (BOJAYÁ - CHOCO),2022,8,103.597,30.028,60.0,lunes,2022 Aug 29 07:45:00 PM,24.0
27,CHOCO,27425,MEDIO ATRATO,27425000,BETÉ (MEDIO ATRATO - CHOCO),2022,8,10.496,5.591,60.0,viernes,2022 Aug 05 11:30:00 AM,24.0
27,CHOCO,27077,BAJO BAUDÓ,27077905,BUENAVISTA (BAJO BAUDÓ - CHOCO),2022,8,293.0,31.0,60.0,martes,2022 Aug 16 07:45:00 PM,24.0
27,CHOCO,27025,ALTO BAUDÓ,27025000,CIUDAD BAUDÓ - PIE DE PATO (ALTO BAUDÓ - CHOCO),2022,8,47.341,15.989,60.0,miércoles,2022 Aug 31 12:00:00 PM,24.0
27,CHOCO,27495,NUQUÍ,27495912,COMUNIDAD INDÍGENA DE PANGUÍ - (EL YUCAL) (NUQUÍ - CHOCO),2022,8,6.875,1.664,60.0,lunes,2022 Aug 15 07:15:00 AM,24.0
27,CHOCO,27250,EL LITORAL DEL SAN JUAN,27250002,CUCURRUPÍ (EL LITORAL DEL SAN JUAN - CHOCO),2022,8,3.083,910.0,60.0,martes,2022 Aug 30 06:15:00 PM,24.0
27,CHOCO,27075,BAHÍA SOLANO,27075001,CUPICA (BAHÍA SOLANO - CHOCO),2022,8,72.057,23.451,60.0,lunes,2022 Aug 01 07:15:00 PM,24.0
27,CHOCO,27075,BAHÍA SOLANO,27075002,EL VALLE (BAHÍA SOLANO - CHOCO),2022,8,164.591,68.613,60.0,lunes,2022 Aug 29 07:15:00 PM,24.0
27,CHOCO,27372,JURADO,27372000,JURADO (JURADO - CHOCO),2022,8,174.846,72.121,320.0,martes,2022 Aug 16 07:15:00 PM,24.0
27,CHOCO,27099,BOJAYÁ,27099002,LA LOMA DE BOJAYÁ (BOJAYÁ - CHOCO),2022,8,11.88,6.166,64.0,sábado,2022 Aug 06 06:00:00 PM,24.0
27,CHOCO,27099,BOJAYÁ,27099005,NAPIPÍ (BOJAYÁ - CHOCO),2022,8,9.976,2.595,60.0,lunes,2022 Aug 01 08:30:00 PM,24.0
27,CHOCO,27495,NUQUÍ,27495000,NUQUÍ (NUQUÍ - CHOCO),2022,8,262.239,102.089,60.0,sábado,2022 Aug 13 07:45:00 PM,24.0
27,CHOCO,27077,BAJO BAUDÓ,27077000,PIZARRO (BAJO BAUDÓ - CHOCO),2022,8,209.953,96.819,60.0,viernes,2022 Aug 12 08:00:00 PM,24.0
27,CHOCO,27250,EL LITORAL DEL SAN JUAN,27250000,SANTA GENOVEVA DE DOCORDÓ (EL LITORAL DEL SAN JUAN - CHOCO),2022,8,75.908,42.612,60.0,viernes,2022 Aug 05 01:15:00 PM,24.0
27,CHOCO,27001,QUIBDÓ,27001029,TAGACHI (QUIBDÓ - CHOCO),2022,8,5.989,2.016,60.0,sábado,2022 Aug 20 07:45:00 PM,24.0
27,CHOCO,27800,UNGUÍA,27800005,TITUMATE (UNGUÍA - CHOCO),2022,8,17.509,4.35,60.0,viernes,2022 Aug 19 07:30:00 PM,24.0
27,CHOCO,27250,EL LITORAL DEL SAN JUAN,27250914,TOGOROMA PLAYA (EL LITORAL DEL SAN JUAN - CHOCO),2022,8,985.0,285.0,60.0,viernes,2022 Aug 26 07:00:00 PM,24.0
27,CHOCO,27800,UNGUÍA,27800000,UNGUÍA (UNGUÍA - CHOCO),2022,8,420.806,143.998,60.0,lunes,2022 Aug 08 08:45:00 PM,24.0
94,GUAINÍA,94343,BARRANCOMINAS,94343000,BARRANCOMINAS (BARRANCO MINAS - GUAINÍA),2022,8,67.301,18.709,60.0,jueves,2022 Aug 04 06:30:00 PM,24.0
94,GUAINÍA,94001,INÍRIDA,94001000,INÍRIDA (INÍRIDA - GUAINÍA),2022,8,10.326,635.655,3.784,jueves,2022 Aug 18 02:30:00 PM,24.0
95,GUAVIARE,95200,MIRAFLORES,95200000,MIRAFLORES (MIRAFLORES - GUAVIARE),2022,8,83.464,29.022,209.0,jueves,2022 Aug 18 06:30:00 PM,24.0
44,LA GUAJIRA,44847,URIBÍA,44847012,NAZARETH (URIBÍA - LA GUAJIRA),2022,8,50.594,13.731,60.0,martes,2022 Aug 16 07:15:00 PM,24.0
47,MAGDALENA,47189,CIÉNAGA,47189018,PALMOR (CIÉNAGA - MAGDALENA),2022,8,85.923,29.603,60.0,martes,2022 Aug 09 07:15:00 PM,24.0
50,META,50325,MAPIRIPÁN,50325000,MAPIRIPÁN (MAPIRIPÁN - META),2022,8,162.689,62.6,60.0,martes,2022 Aug 16 06:45:00 PM,24.0
52,NARIÑO,52390,LA TOLA,52390005,AGUACATAL (LA TOLA - NARIÑO),2022,8,2.063,541.0,60.0,viernes,2022 Aug 19 06:00:00 PM,24.0
52,NARIÑO,52250,EL CHARCO,52250016,ALTERÓN (URIBE URIBE) (EL CHARCO - NARIÑO),2022,8,1.139,199.0,60.0,viernes,2022 Aug 19 06:30:00 PM,24.0
52,NARIÑO,52390,LA TOLA,52390013,AMARALES (LA TOLA - NARIÑO),2022,8,5.81,2.533,60.0,sábado,2022 Aug 20 05:15:00 PM,24.0
52,NARIÑO,52250,EL CHARCO,52250023,BAZÁN (EL CHARCO - NARIÑO),2022,8,19.456,6.452,96.0,sábado,2022 Aug 06 07:00:00 PM,24.0
52,NARIÑO,52835,SAN ANDRÉS DE TUMACO,52835055,BOCAS DE CURAY (SAN ANDRÉS DE TUMACO - NARIÑO),2022,8,8.792,3.189,60.0,sábado,2022 Aug 13 05:15:00 PM,24.0
52,NARIÑO,52490,OLAYA HERRERA,52490913,BOCAS DE PRIETA (OLAYA HERRERA - NARIÑO),2022,8,2.649,593.0,60.0,lunes,2022 Aug 01 07:15:00 PM,24.0
52,NARIÑO,52250,EL CHARCO,52250003,BOLÍVAR - SAN PEDRO (EL CHARCO - NARIÑO),2022,8,4.67,2.713,60.0,viernes,2022 Aug 26 07:00:00 PM,24.0
52,NARIÑO,52250,EL CHARCO,52250022,EL CUIL PUEBLO NUEVO (EL CHARCO - NARIÑO),2022,8,5.833,4.602,60.0,viernes,2022 Aug 19 07:45:00 PM,24.0
52,NARIÑO,52696,SANTA BÁRBARA,52696014,LA ENSENADA (SANTA BÁRBARA - NARIÑO),2022,8,3.008,5.041,60.0,sábado,2022 Aug 27 06:45:00 PM,24.0
52,NARIÑO,52390,LA TOLA,52390003,LA VIGÍA DE LA MAR (LA TOLA - NARIÑO),2022,8,5.966,2.38,60.0,lunes,2022 Aug 01 07:15:00 PM,24.0
52,NARIÑO,52390,LA TOLA,52390009,MULATOS (LA TOLA - NARIÑO),2022,8,4.222,1.964,60.0,martes,2022 Aug 23 06:15:00 PM,24.0
52,NARIÑO,52250,EL CHARCO,52250007,SAN JOSÉ DEL TAPAJE (EL CHARCO - NARIÑO),2022,8,10.774,3.562,56.0,lunes,2022 Aug 01 08:30:00 PM,24.0
52,NARIÑO,52835,SAN ANDRÉS DE TUMACO,52835217,SAN JUAN DE LA COSTA (SAN ANDRÉS DE TUMACO - NARIÑO),2022,8,23.043,8.852,128.0,lunes,2022 Aug 29 06:45:00 PM,24.0
52,NARIÑO,52390,LA TOLA,52390016,SAN PABLO DEL MAR (LA TOLA - NARIÑO),2022,8,2.702,794.0,60.0,domingo,2022 Aug 21 07:00:00 PM,24.0
52,NARIÑO,52520,FRANCISCO PIZARRO,52520013,SAN PEDRO DEL VINO ( FRANCISCO PIZARRO - NARIÑO),2022,8,3.581,1.95,60.0,miércoles,2022 Aug 17 07:45:00 PM,24.0
52,NARIÑO,52696,SANTA BÁRBARA,52696022,SECADERO (SANTA BÁRBARA - NARIÑO),2022,8,3.181,1.535,60.0,jueves,2022 Aug 11 07:15:00 PM,24.0
86,PUTUMAYO,86573,PUERTO LEGUÍZAMO,86573009,PINUNA NEGRO (PUERTO LEGUÍZAMO - PUTUMAYO),2022,8,3.714,1.911,60.0,viernes,2022 Aug 05 08:00:00 PM,24.0
86,PUTUMAYO,86573,PUERTO LEGUÍZAMO,86573000,PUERTO LEGUÍZAMO (PUERTO LEGUÍZAMO - PUTUMAYO),2022,8,923.337,300.521,60.0,jueves,2022 Aug 18 02:45:00 PM,24.0
76,VALLE DEL CAUCA,76109,BUENAVENTURA,76109028,PUERTO MERIZALDE (BUENAVENTURA - VALLE DEL CAUCA),2022,8,81.735,27.646,60.0,lunes,2022 Aug 22 07:15:00 PM,24.0
76,VALLE DEL CAUCA,76109,BUENAVENTURA,76109032,SAN FRANCISCO NAYA (BUENAVENTURA - VALLE DEL CAUCA),2022,8,6.406,2.559,60.0,sábado,2022 Aug 13 12:00:00 PM,24.0
97,VAUPÉS,97161,CARURÚ,97161000,CARURÚ (CARURÚ - VAUPÉS),2022,8,27.642,9.275,60.0,jueves,2022 Aug 25 07:30:00 PM,24.0
97,VAUPÉS,97001,MITÚ,97001000,MITÚ (MITÚ - VAUPÉS),2022,8,10.326,380.121,60.0,jueves,2022 Aug 18 11:45:00 AM,24.0
97,VAUPÉS,97666,TARAIRA,97666000,TARAIRA (TARAIRA - VAUPÉS),2022,8,33.542,10.236,60.0,jueves,2022 Aug 04 06:30:00 PM,24.0
99,VICHADA,99001,PUERTO CARREÑO,99001002,CASUARITO (PUERTO CARREÑO - VICHADA),2022,8,32.77,12.451,60.0,miércoles,2022 Aug 24 07:00:00 PM,24.0
99,VICHADA,99773,CUMARIBO,99773000,CUMARIBO (CUMARIBO - VICHADA),2022,8,321.179,134.778,60.0,jueves,2022 Aug 04 02:30:00 PM,24.0
99,VICHADA,99524,LA PRIMAVERA,99524000,LA PRIMAVERA (LA PRIMAVERA - VICHADA),2022,8,346.396,134.926,60.0,lunes,2022 Aug 08 06:45:00 PM,24.0
99,VICHADA,99001,PUERTO CARREÑO,99001000,PUERTO CARREÑO (PUERTO CARREÑO - VICHADA),2022,8,10.326,783.843,60.0,lunes,2022 Aug 08 01:30:00 PM,24.0
99,VICHADA,99624,SANTA ROSALÍA,99624000,SANTA ROSALÍA (SANTA ROSALÍA - VICHADA),2022,8,142.054,70.011,60.0,lunes,2022 Aug 08 06:45:00 PM,24.0
5,ANTIOQUIA,5873,VIGÍA DEL FUERTE,5873002,VEGAEZ (VIGÍA DEL FUERTE - ANTIOQUIA),2022,9,4.104,614.0,60.0,sábado,2022 Sep 10 01:30:00 AM,24.0
13,BOLÍVAR,13001,CARTAGENA DE INDIAS,13001007,ISLA FUERTE (CARTAGENA DE INDIAS - BOLÍVAR),2022,9,51.451,28.127,60.0,sábado,2022 Sep 03 09:30:00 PM,24.0
13,BOLÍVAR,13001,CARTAGENA DE INDIAS,13001017,SANTA CRUZ DEL ISLOTE (CARTAGENA DE INDIAS - BOLÍVAR),2022,9,12.343,4.024,60.0,miércoles,2022 Sep 28 09:45:00 PM,24.0
13,BOLÍVAR,13001,CARTAGENA DE INDIAS,13001037,ISLA MUCURA (CARTAGENA DE INDIAS - BOLÍVAR),2022,9,6.108,2.476,60.0,lunes,2022 Sep 05 09:45:00 PM,24.0
18,CAQUETÁ,18150,CARTAGENA DEL CHAIRA,18150001,REMOLINO DEL CAGUAN (CARTAGENA DEL CHAIRA - CAQUETÁ),2022,9,17.723,6.926,60.0,viernes,2022 Sep 30 07:15:00 PM,24.0
18,CAQUETÁ,18150,CARTAGENA DEL CHAIRA,18150002,SANTA FE DEL CAGUAN (CARTAGENA DEL CHAIRA - CAQUETÁ),2022,9,2.805,1.452,60.0,viernes,2022 Sep 30 07:15:00 PM,24.0
18,CAQUETÁ,18753,SAN VICENTE DEL CAGUÁN,18753002,GUACAMAYAS (SAN VICENTE DEL CAGUÁN - CAQUETÁ),2022,9,7.493,3.268,60.0,viernes,2022 Sep 23 07:00:00 PM,24.0
18,CAQUETÁ,18753,SAN VICENTE DEL CAGUÁN,18753009,PUERTO BETANIA (SAN VICENTE DEL CAGUÁN - CAQUETÁ),2022,9,4.061,1.641,60.0,jueves,2022 Sep 01 07:15:00 PM,24.0
18,CAQUETÁ,18753,SAN VICENTE DEL CAGUÁN,18753015,GUAYABAL (SAN VICENTE DEL CAGUÁN - CAQUETÁ),2022,9,5.697,2.822,60.0,domingo,2022 Sep 18 01:00:00 PM,24.0
19,CAUCA,19318,GUAPI,19318008,LIMONES (GUAPI - CAUCA),2022,9,4.939,2.278,60.0,viernes,2022 Sep 23 07:15:00 PM,24.0
19,CAUCA,19318,GUAPI,19318013,SAN ANTONIO DE GUAJUI (GUAPI - CAUCA),2022,9,3.796,1.746,60.0,sábado,2022 Sep 17 08:00:00 PM,24.0
19,CAUCA,19418,LÓPEZ DE MICAY,19418009,NOANAMITO (LÓPEZ DE MICAY - CAUCA),2022,9,7.939,2.169,56.0,viernes,2022 Sep 02 06:30:00 PM,24.0
19,CAUCA,19418,LÓPEZ DE MICAY,19418011,DOS QUEBRADAS RÍO NAYA (LÓPEZ DE MICAY - CAUCA),2022,9,0.0,0.0,0.0,jueves,2022 Sep 01 12:00:00 AM,0.0
19,CAUCA,19418,LÓPEZ DE MICAY,19418012,SAN ANTONIO DE CHUARE (LÓPEZ DE MICAY - CAUCA),2022,9,2.283,709.0,60.0,miércoles,2022 Sep 21 07:30:00 PM,24.0
19,CAUCA,19418,LÓPEZ DE MICAY,19418015,SAN ISIDRO (LÓPEZ DE MICAY - CAUCA),2022,9,978.0,541.0,60.0,lunes,2022 Sep 26 06:30:00 PM,24.0
19,CAUCA,19418,LÓPEZ DE MICAY,19418038,ISLA DE GALLO (LÓPEZ DE MICAY - CAUCA),2022,9,2.546,1.244,60.0,martes,2022 Sep 27 08:00:00 PM,24.0
19,CAUCA,19809,TIMBIQUÍ,19809003,COTEJE (TIMBIQUÍ - CAUCA),2022,9,6.482,4.7,34.0,miércoles,2022 Sep 28 06:30:00 PM,24.0
19,CAUCA,19809,TIMBIQUÍ,19809009,SANTA ROSA DE SAIJA (TIMBIQUÍ - CAUCA),2022,9,5.128,2.588,60.0,domingo,2022 Sep 25 07:30:00 PM,24.0
19,CAUCA,19809,TIMBIQUÍ,19809010,COMUNIDAD DE CHETE (TIMBIQUÍ - CAUCA),2022,9,2.769,994.0,60.0,viernes,2022 Sep 09 07:00:00 PM,24.0
19,CAUCA,19809,TIMBIQUÍ,19809023,PUERTO SAIJA (TIMBIQUÍ - CAUCA),2022,9,28.143,9.247,60.0,miércoles,2022 Sep 21 07:00:00 PM,24.0
19,CAUCA,19809,TIMBIQUÍ,19809026,LOS BRAZOS (TIMBIQUÍ - CAUCA),2022,9,7.533,1.61,60.0,miércoles,2022 Sep 28 07:00:00 PM,24.0
27,CHOCÓ,27001,QUIBDÓ,27001029,TAGACHI (QUIBDÓ - CHOCÓ),2022,9,6.504,2.235,60.0,lunes,2022 Sep 05 08:00:00 PM,24.0
27,CHOCÓ,27006,ACANDI,27006000,ACANDI (ACANDI - CHOCÓ),2022,9,610.093,201.328,60.0,viernes,2022 Sep 09 09:00:00 PM,24.0
27,CHOCÓ,27006,ACANDI,27006007,SAN FRANCISCO (ACANDI - CHOCÓ),2022,9,7.005,2.613,60.0,jueves,2022 Sep 29 07:00:00 PM,24.0
27,CHOCÓ,27025,ALTO BAUDO,27025000,CIUDAD BAUDO - PIE DE PATO (ALTO BAUDO - CHOCÓ),2022,9,46.118,15.251,60.0,martes,2022 Sep 27 12:15:00 PM,24.0
27,CHOCÓ,27075,BAHIA SOLANO,27075000,CIUDAD MUTIS (BAHIA SOLANO - CHOCÓ),2022,9,692.109,230.526,60.0,lunes,2022 Sep 05 08:00:00 PM,24.0
27,CHOCÓ,27075,BAHIA SOLANO,27075001,CUPICA (BAHIA SOLANO - CHOCÓ),2022,9,66.373,21.946,60.0,jueves,2022 Sep 01 07:30:00 PM,24.0
27,CHOCÓ,27075,BAHIA SOLANO,27075002,EL VALLE (BAHIA SOLANO - CHOCÓ),2022,9,172.116,68.111,60.0,martes,2022 Sep 27 06:45:00 PM,24.0
27,CHOCÓ,27077,BAJO BAUDO,27077000,PIZARRO (BAJO BAUDO - CHOCÓ),2022,9,194.34,87.701,60.0,sábado,2022 Sep 24 07:00:00 PM,24.0
27,CHOCÓ,27077,BAJO BAUDO,27077905,BUENAVISTA (BAJO BAUDO - CHOCÓ),2022,9,3.931,633.0,60.0,viernes,2022 Sep 30 07:15:00 PM,24.0
27,CHOCÓ,27099,BOJAYÁ,27099000,BELLAVISTA (BOJAYÁ - CHOCÓ),2022,9,98.68,29.068,249.0,sábado,2022 Sep 10 06:30:00 PM,24.0
27,CHOCÓ,27099,BOJAYÁ,27099002,LA LOMA DE BOJAYA (BOJAYÁ - CHOCÓ),2022,9,11.835,6.154,60.0,domingo,2022 Sep 04 07:00:00 PM,24.0
27,CHOCÓ,27099,BOJAYÁ,27099005,NAPIPI (BOJAYÁ - CHOCÓ),2022,9,10.326,2.781,60.0,jueves,2022 Sep 01 08:30:00 PM,24.0
27,CHOCÓ,27250,EL LITORAL DEL SAN JUAN,27250000,SANTA GENOVEVA DE DOCORDO (EL LITORAL DEL SAN JUAN - CHOCÓ),2022,9,60.628,32.072,60.0,viernes,2022 Sep 23 06:45:00 PM,24.0
27,CHOCÓ,27250,EL LITORAL DEL SAN JUAN,27250002,CUCURRUPI (EL LITORAL DEL SAN JUAN - CHOCÓ),2022,9,2.336,709.0,60.0,lunes,2022 Sep 05 06:45:00 PM,24.0
27,CHOCÓ,27372,JURADO,27372000,JURADO (JURADO - CHOCÓ),2022,9,164.785,68.864,308.0,jueves,2022 Sep 22 07:30:00 PM,24.0
27,CHOCÓ,27425,MEDIO ATRATO,27425000,BETE (MEDIO ATRATO - CHOCÓ),2022,9,13.046,7.874,60.0,lunes,2022 Sep 05 08:15:00 PM,24.0
27,CHOCÓ,27425,MEDIO ATRATO,27425008,SAN ROQUE (MEDIO ATRATO - CHOCÓ),2022,9,0.0,0.0,0.0,jueves,2022 Sep 01 12:00:00 AM,0.0
27,CHOCÓ,27495,NUQUÍ,27495000,NUQUI (NUQUÍ - CHOCÓ),2022,9,252.712,101.575,60.0,viernes,2022 Sep 09 06:45:00 PM,24.0
27,CHOCÓ,27495,NUQUÍ,27495912,COMUNIDAD INDIGENA DE PANGUI - (EL YUCAL) (NUQUÍ - CHOCÓ),2022,9,7.593,1.617,60.0,jueves,2022 Sep 29 05:45:00 PM,24.0
27,CHOCÓ,27800,UNGUIA,27800000,UNGUIA (UNGUIA - CHOCÓ),2022,9,413.172,140.063,60.0,sábado,2022 Sep 03 07:00:00 PM,24.0
27,CHOCÓ,27800,UNGUIA,27800001,BALBOA (UNGUIA - CHOCÓ),2022,9,22.055,9.105,60.0,jueves,2022 Sep 15 09:00:00 PM,24.0
27,CHOCÓ,27800,UNGUIA,27800005,TITUMATE (UNGUIA - CHOCÓ),2022,9,17.231,4.331,60.0,domingo,2022 Sep 11 06:45:00 PM,24.0
47,MAGDALENA,47189,CIÉNAGA,47189018,PALMOR (CIÉNAGA - MAGDALENA),2022,9,78.591,26.86,60.0,lunes,2022 Sep 12 06:30:00 PM,24.0
50,META,50325,MAPIRIPAN,50325000,MAPIRIPAN (MAPIRIPAN - META),2022,9,171.57,65.025,60.0,miércoles,2022 Sep 28 06:15:00 PM,24.0
52,NARIÑO,52250,EL CHARCO,52250003,BOLIVAR - SAN PEDRO (EL CHARCO - NARIÑO),2022,9,3.462,2.148,28.0,viernes,2022 Sep 23 07:00:00 PM,24.0
52,NARIÑO,52250,EL CHARCO,52250007,SAN JOSE DEL TAPAJE (EL CHARCO - NARIÑO),2022,9,7.768,2.128,56.0,jueves,2022 Sep 08 06:30:00 PM,24.0
52,NARIÑO,52250,EL CHARCO,52250023,BAZAN (EL CHARCO - NARIÑO),2022,9,14.251,4.656,60.0,miércoles,2022 Sep 14 07:45:00 PM,24.0
52,NARIÑO,52390,LA TOLA,52390003,LA VIGIA DE LA MAR (LA TOLA - NARIÑO),2022,9,5.595,2.31,60.0,martes,2022 Sep 06 07:15:00 PM,24.0
52,NARIÑO,52390,LA TOLA,52390005,AGUACATAL (LA TOLA - NARIÑO),2022,9,1.888,444.0,60.0,jueves,2022 Sep 01 04:30:00 PM,24.0
52,NARIÑO,52390,LA TOLA,52390009,MULATOS (LA TOLA - NARIÑO),2022,9,3.989,1.901,60.0,lunes,2022 Sep 05 06:45:00 PM,24.0
52,NARIÑO,52390,LA TOLA,52390013,AMARALES (LA TOLA - NARIÑO),2022,9,5.477,2.348,60.0,martes,2022 Sep 27 07:45:00 PM,24.0
52,NARIÑO,52390,LA TOLA,52390016,SAN PABLO DEL MAR (LA TOLA - NARIÑO),2022,9,2.795,711.0,60.0,domingo,2022 Sep 11 06:45:00 PM,24.0
52,NARIÑO,52490,OLAYA HERRERA,52490913,BOCAS DE PRIETA (OLAYA HERRERA - NARIÑO),2022,9,2.481,587.0,60.0,viernes,2022 Sep 30 07:30:00 PM,24.0
52,NARIÑO,52520,FRANCISCO PIZARRO,52520013,SAN PEDRO DEL VINO (FRANCISCO PIZARRO - NARIÑO),2022,9,4.039,2.283,60.0,martes,2022 Sep 20 07:15:00 PM,24.0
52,NARIÑO,52696,SANTA BÁRBARA,52696014,LA ENSENADA (SANTA BÁRBARA - NARIÑO),2022,9,3.039,5.271,60.0,domingo,2022 Sep 04 07:45:00 PM,24.0
52,NARIÑO,52696,SANTA BÁRBARA,52696022,SECADERO (SANTA BÁRBARA - NARIÑO),2022,9,3.17,1.61,60.0,miércoles,2022 Sep 07 07:45:00 PM,24.0
52,NARIÑO,52835,SAN ANDRÉS DE TUMACO,52835055,BOCAS DE CURAY (SAN ANDRÉS DE TUMACO - NARIÑO),2022,9,8.352,3.162,60.0,lunes,2022 Sep 12 06:45:00 PM,24.0
52,NARIÑO,52835,SAN ANDRÉS DE TUMACO,52835217,SAN JUAN DE LA COSTA (SAN ANDRÉS DE TUMACO - NARIÑO),2022,9,13.323,5.034,128.0,martes,2022 Sep 06 06:45:00 PM,24.0
76,VALLE DEL CAUCA,76109,BUENAVENTURA,76109028,PUERTO MERIZALDE (BUENAVENTURA - VALLE DEL CAUCA),2022,9,77.078,26.858,60.0,viernes,2022 Sep 23 08:15:00 PM,24.0
76,VALLE DEL CAUCA,76109,BUENAVENTURA,76109032,SAN FRANCISCO NAYA (BUENAVENTURA - VALLE DEL CAUCA),2022,9,7.207,2.917,60.0,jueves,2022 Sep 15 11:15:00 AM,24.0
86,PUTUMAYO,86573,PUERTO LEGUIZAMO,86573000,PUERTO LEGUIZAMO (PUERTO LEGUIZAMO - PUTUMAYO),2022,9,959.94,304.085,60.0,viernes,2022 Sep 23 03:30:00 PM,24.0
86,PUTUMAYO,86573,PUERTO LEGUIZAMO,86573009,PIÑUÑA NEGRO (PUERTO LEGUIZAMO - PUTUMAYO),2022,9,3.708,2.091,60.0,viernes,2022 Sep 02 08:00:00 PM,24.0
88,ARCHIPIÉLAGO DE SAN ANDRÉS y PROVIDENCIA,88001,SAN ANDRES,88001000,SAN ANDRES (SAN ANDRES - ARCHIPIÉLAGO DE SAN ANDRÉS y PROVIDENCIA),2022,9,10.326,8.475,60.0,viernes,2022 Sep 09 03:30:00 PM,24.0
88,ARCHIPIÉLAGO DE SAN ANDRÉS y PROVIDENCIA,88564,PROVIDENCIA,88564000,PROVIDENCIA (PROVIDENCIA - ARCHIPIÉLAGO DE SAN ANDRÉS y PROVIDENCIA),2022,9,10.326,286.044,60.0,viernes,2022 Sep 09 08:30:00 PM,24.0
91,AMAZONAS,91001,LETICIA,91001000,LETICIA (LETICIA - AMAZONAS),2022,9,10.326,8.475,60.0,jueves,2022 Sep 29 02:45:00 PM,24.0
91,AMAZONAS,91540,PUERTO NARIÑO,91540000,PUERTO NARIÑO (PUERTO NARIÑO - AMAZONAS),2022,9,119.999,42.831,60.0,miércoles,2022 Sep 28 06:30:00 PM,24.0
91,AMAZONAS,91798,TARAPACA (ANM),91798000,TARAPACA (TARAPACA (ANM) - AMAZONAS),2022,9,25.029,11.173,60.0,miércoles,2022 Sep 21 06:00:00 PM,24.0
94,GUAINÍA,94001,INÍRIDA,94001000,INIRIDA (INÍRIDA - GUAINÍA),2022,9,10.326,642.36,60.0,viernes,2022 Sep 23 03:15:00 PM,24.0
94,GUAINÍA,94343,BARRANCO MINAS,94343000,BARRANCO MINAS (BARRANCO MINAS - GUAINÍA),2022,9,67.445,19.688,60.0,jueves,2022 Sep 15 06:00:00 PM,24.0
95,GUAVIARE,95200,MIRAFLORES,95200000,MIRAFLORES (MIRAFLORES - GUAVIARE),2022,9,85.441,29.843,60.0,jueves,2022 Sep 29 07:30:00 PM,24.0
97,VAUPÉS,97001,MITÚ,97001000,MITU (MITÚ - VAUPÉS),2022,9,10.326,376.546,60.0,lunes,2022 Sep 19 12:00:00 PM,24.0
97,VAUPÉS,97161,CARURU,97161000,CARURU (CARURU - VAUPÉS),2022,9,27.026,8.615,60.0,jueves,2022 Sep 29 03:00:00 PM,24.0
97,VAUPÉS,97666,TARAIRA,97666000,TARAIRA (TARAIRA - VAUPÉS),2022,9,33.335,9.96,60.0,martes,2022 Sep 27 06:15:00 PM,24.0
99,VICHADA,99001,PUERTO CARREÑO,99001000,PUERTO CARREÑO (PUERTO CARREÑO - VICHADA),2022,9,10.326,782.876,60.0,jueves,2022 Sep 15 02:30:00 PM,24.0
99,VICHADA,99001,PUERTO CARREÑO,99001002,CASUARITO (PUERTO CARREÑO - VICHADA),2022,9,33.44,12.74,60.0,viernes,2022 Sep 02 11:45:00 AM,24.0
99,VICHADA,99524,LA PRIMAVERA,99524000,LA PRIMAVERA (LA PRIMAVERA - VICHADA),2022,9,356.275,135.354,60.0,martes,2022 Sep 20 06:15:00 PM,24.0
99,VICHADA,99624,SANTA ROSALIA,99624000,SANTA ROSALIA (SANTA ROSALIA - VICHADA),2022,9,145.211,70.159,60.0,viernes,2022 Sep 02 06:45:00 PM,24.0
99,VICHADA,99773,CUMARIBO,99773000,CUMARIBO (CUMARIBO - VICHADA),2022,9,320.979,131.025,60.0,viernes,2022 Sep 23 02:30:00 PM,24.0
91,AMAZONAS,91001,LETICIA,91001000,LETICIA (LETICIA - AMAZONAS),2022,10,10.326,8.475,60.0,jueves,2022 Oct 06 02:45:00 PM,24.0
91,AMAZONAS,91540,PUERTO NARIÑO,91540000,PUERTO NARIÑO (PUERTO NARIÑO - AMAZONAS),2022,10,123.286,44.64,60.0,jueves,2022 Oct 06 06:45:00 PM,24.0
91,AMAZONAS,91798,TARAPACÁ (ANM),91798000,TARAPACÁ (TARAPACÁ (ANM) - AMAZONAS),2022,10,26.806,12.051,60.0,viernes,2022 Oct 07 07:00:00 PM,24.0
5,ANTIOQUIA,5873,VIGÍA DEL FUERTE,5873002,VEGÁEZ (VIGÍA DEL FUERTE - ANTIOQUIA),2022,10,4.933,700.0,60.0,miércoles,2022 Oct 12 08:45:00 PM,24.0
88,"ARCHIPIÉLAGO DE SAN ANDRÉS, PROVIDENCIA Y SANTA CATALINA",88564,PROVIDENCIA,88564000,PROVIDENCIA (PROVIDENCIA - ARCHIPIÉLAGO DE SAN ANDRÉS Y PROVIDENCIA),2022,10,10.326,270.573,60.0,jueves,2022 Oct 06 09:00:00 PM,24.0
88,"ARCHIPIÉLAGO DE SAN ANDRÉS, PROVIDENCIA Y SANTA CATALINA",88001,SAN ANDRÉS,88001000,SAN ANDRÉS (SAN ANDRÉS - ARCHIPIÉLAGO DE SAN ANDRÉS Y PROVIDENCIA),2022,10,10.326,8.475,60.0,miércoles,2022 Oct 19 03:30:00 PM,24.0
13,BOLÍVAR,13001,CARTAGENA DE INDIAS,13001007,ISLA FUERTE (CARTAGENA DE INDIAS - BOLÍVAR),2022,10,50.233,28.933,60.0,sábado,2022 Oct 15 11:30:00 PM,24.0
13,BOLÍVAR,13001,CARTAGENA DE INDIAS,13001037,ISLA MÚCURA (CARTAGENA DE INDIAS - BOLÍVAR),2022,10,6.568,2.603,60.0,martes,2022 Oct 04 09:30:00 PM,24.0
13,BOLÍVAR,13001,CARTAGENA DE INDIAS,13001017,SANTA CRUZ DEL ISLOTE (CARTAGENA DE INDIAS - BOLÍVAR),2022,10,13.617,4.41,60.0,miércoles,2022 Oct 26 10:15:00 PM,24.0
18,CAQUETÁ,18150,CARTAGENA DEL CHAIRÁ,18150001,REMOLINO DEL CAGUÁN (CARTAGENA DEL CHAIRA - CAQUETÁ),2022,10,19.814,7.489,60.0,sábado,2022 Oct 29 06:45:00 PM,24.0
18,CAQUETÁ,18150,CARTAGENA DEL CHAIRÁ,18150002,SANTA FE DEL CAGUÁN (CARTAGENA DEL CHAIRA - CAQUETÁ),2022,10,5.247,2.767,60.0,viernes,2022 Oct 28 06:30:00 PM,24.0
18,CAQUETÁ,18753,SAN VICENTE DEL CAGUÁN,18753002,GUACAMAYAS (SAN VICENTE DEL CAGUÁN - CAQUETÁ),2022,10,14.139,6.202,60.0,lunes,2022 Oct 24 06:30:00 PM,24.0
18,CAQUETÁ,18753,SAN VICENTE DEL CAGUÁN,18753015,GUAYABAL (SAN VICENTE DEL CAGUÁN - CAQUETÁ),2022,10,5.433,2.646,60.0,domingo,2022 Oct 23 01:00:00 PM,24.0
18,CAQUETÁ,18753,SAN VICENTE DEL CAGUÁN,18753009,PUERTO BETANIA (SAN VICENTE DEL CAGUÁN - CAQUETÁ),2022,10,5.895,2.457,60.0,sábado,2022 Oct 22 07:15:00 PM,24.0
19,CAUCA,19318,GUAPI,19318008,LIMONES (GUAPI - CAUCA),2022,10,7.362,3.457,60.0,sábado,2022 Oct 29 07:30:00 PM,24.0
19,CAUCA,19318,GUAPI,19318013,SAN ANTONIO DE GUAJUÍ (GUAPI - CAUCA),2022,10,10.254,5.126,60.0,jueves,2022 Oct 06 07:15:00 PM,24.0
19,CAUCA,19418,LÓPEZ DE MICAY,19418011,DOS QUEBRADAS RÍO NAYA (LÓPEZ DE MICAY - CAUCA),2022,10,3.481,1.252,60.0,lunes,2022 Oct 24 07:00:00 PM,24.0
19,CAUCA,19418,LÓPEZ DE MICAY,19418038,ISLA DE GALLO (LÓPEZ DE MICAY - CAUCA),2022,10,2.978,1.499,60.0,viernes,2022 Oct 28 06:45:00 PM,24.0
19,CAUCA,19418,LÓPEZ DE MICAY,19418009,NOANAMITO (LÓPEZ DE MICAY - CAUCA),2022,10,5.732,1.553,52.0,miércoles,2022 Oct 19 07:30:00 PM,24.0
19,CAUCA,19418,LÓPEZ DE MICAY,19418012,SAN ANTONIO DE CHUARÉ (LÓPEZ DE MICAY - CAUCA),2022,10,4.673,1.395,60.0,domingo,2022 Oct 30 07:15:00 PM,24.0
19,CAUCA,19809,TIMBIQUÍ,19809010,COMUNIDAD DE CHETE (TIMBIQUÍ - CAUCA),2022,10,3.407,1.172,60.0,miércoles,2022 Oct 05 07:00:00 PM,24.0
19,CAUCA,19809,TIMBIQUÍ,19809003,COTEJE (TIMBIQUÍ - CAUCA),2022,10,5.947,4.157,33.0,lunes,2022 Oct 17 07:15:00 PM,24.0
19,CAUCA,19809,TIMBIQUÍ,19809026,LOS BRAZOS (TIMBIQUÍ - CAUCA),2022,10,7.537,1.691,60.0,lunes,2022 Oct 03 07:45:00 PM,24.0
19,CAUCA,19809,TIMBIQUÍ,19809023,PUERTO SAIJA (TIMBIQUÍ - CAUCA),2022,10,28.512,9.307,60.0,viernes,2022 Oct 28 07:00:00 PM,24.0
19,CAUCA,19809,TIMBIQUÍ,19809009,SANTA ROSA DE SAIJA (TIMBIQUÍ - CAUCA),2022,10,3.762,1.849,60.0,domingo,2022 Oct 23 07:30:00 PM,24.0
27,CHOCÓ,27006,ACANDÍ,27006000,ACANDÍ (ACANDÍ - CHOCÓ),2022,10,649.446,217.317,60.0,viernes,2022 Oct 21 09:00:00 PM,24.0
27,CHOCÓ,27025,ALTO BAUDÓ (PIE DE PATO),27025000,CIUDAD BAUDÓ - PIE DE PATO (ALTO BAUDÓ - CHOCÓ),2022,10,46.775,15.075,60.0,domingo,2022 Oct 30 11:30:00 AM,24.0
27,CHOCÓ,27075,BAHÍA SOLANO (MUTIS),27075000,CIUDAD MUTIS (BAHÍA SOLANO - CHOCÓ),2022,10,675.668,222.852,60.0,lunes,2022 Oct 03 07:15:00 PM,24.0
27,CHOCÓ,27075,BAHÍA SOLANO (MUTIS),27075001,CUPICA (BAHÍA SOLANO - CHOCÓ),2022,10,69.466,24.35,60.0,domingo,2022 Oct 23 06:45:00 PM,24.0
27,CHOCÓ,27075,BAHÍA SOLANO (MUTIS),27075002,EL VALLE (BAHÍA SOLANO - CHOCÓ),2022,10,165.508,66.301,60.0,miércoles,2022 Oct 05 07:15:00 PM,24.0
99,VICHADA,99001,PUERTO CARREÑO,99001002,CASUARITO (PUERTO CARREÑO - VICHADA),2022,10,34.895,12.891,60.0,viernes,2022 Oct 07 12:00:00 PM,14.0
27,CHOCÓ,27077,BAJO BAUDÓ (PIZARRO),27077905,BUENAVISTA (BAJO BAUDÓ (PIZARRO) - CHOCÓ),2022,10,2.613,404.0,60.0,miércoles,2022 Oct 12 07:00:00 PM,24.0
27,CHOCÓ,27077,BAJO BAUDÓ (PIZARRO),27077000,PIZARRO (BAJO BAUDÓ (PIZARRO) - CHOCÓ),2022,10,207.008,90.84,60.0,lunes,2022 Oct 03 07:30:00 PM,24.0
27,CHOCÓ,27099,BOJAYÁ (BELLAVISTA),27099000,BELLAVISTA (BOJAYÁ (BELLAVISTA) - CHOCÓ),2022,10,91.129,26.424,60.0,domingo,2022 Oct 09 07:15:00 PM,24.0
27,CHOCÓ,27099,BOJAYÁ (BELLAVISTA),27099002,LA LOMA DE BOJAYÁ (BOJAYÁ (BELLAVISTA) - CHOCÓ),2022,10,12.842,6.503,64.0,martes,2022 Oct 11 06:45:00 PM,24.0
27,CHOCÓ,27250,EL LITORAL DEL SAN JUAN,27250000,SANTA GENOVEVA DE DOCORDÓ (EL LITORAL DEL SAN JUAN - CHOCÓ),2022,10,63.376,35.681,60.0,miércoles,2022 Oct 19 07:00:00 PM,24.0
27,CHOCÓ,27372,JURADÓ,27372000,JURADÓ (JURADÓ - CHOCÓ),2022,10,162.553,67.613,60.0,lunes,2022 Oct 03 08:00:00 PM,24.0
27,CHOCÓ,27425,MEDIO ATRATO (BETÉ),27425000,BETÉ (MEDIO ATRATO (BETÉ) - CHOCÓ),2022,10,14.108,8.475,56.0,martes,2022 Oct 04 10:15:00 AM,24.0
27,CHOCÓ,27425,MEDIO ATRATO (BETÉ),27425008,SAN ROQUE (MEDIO ATRATO (BETÉ) - CHOCÓ),2022,10,1.083,326.0,60.0,viernes,2022 Oct 28 07:45:00 PM,24.0
27,CHOCÓ,27495,NUQUÍ,27495912,COMUNIDAD INDÍGENA DE PANGUÍ - EL YUCAL (NUQUÍ - CHOCÓ),2022,10,7.515,1.688,60.0,martes,2022 Oct 11 09:30:00 AM,24.0
27,CHOCÓ,27495,NUQUÍ,27495000,NUQUÍ (NUQUÍ - CHOCÓ),2022,10,258.077,101.846,60.0,martes,2022 Oct 11 07:45:00 PM,24.0
27,CHOCÓ,27001,QUIBDÓ,27001029,TAGACHI (QUIBDÓ - CHOCÓ),2022,10,8.544,3.187,60.0,lunes,2022 Oct 03 07:15:00 PM,24.0
27,CHOCÓ,27800,UNGUÍA,27800001,BALBOA (UNGUÍA - CHOCÓ),2022,10,23.041,9.095,60.0,domingo,2022 Oct 02 07:00:00 PM,24.0
27,CHOCÓ,27800,UNGUÍA,27800005,TITUMATE (UNGUÍA - CHOCÓ),2022,10,17.32,4.233,60.0,domingo,2022 Oct 02 08:15:00 PM,24.0
27,CHOCÓ,27800,UNGUÍA,27800000,UNGUÍA (UNGUÍA - CHOCÓ),2022,10,426.068,145.151,60.0,lunes,2022 Oct 03 08:00:00 PM,24.0
94,GUAINÍA,94343,BARRANCOMINAS,94343000,BARRANCOMINAS (BARRANCOMINAS - GUAINÍA),2022,10,68.201,19.442,60.0,miércoles,2022 Oct 26 06:00:00 PM,24.0
94,GUAINÍA,94001,INÍRIDA,94001000,INÍRIDA (INÍRIDA - GUAINÍA),2022,10,10.326,674.93,60.0,martes,2022 Oct 04 05:45:00 PM,24.0
95,GUAVIARE,95200,MIRAFLORES,95200000,MIRAFLORES (MIRAFLORES - GUAVIARE),2022,10,86.323,30.917,209.0,lunes,2022 Oct 24 06:15:00 PM,24.0
47,MAGDALENA,47189,CIÉNAGA,47189018,PALMOR (CIÉNAGA - MAGDALENA),2022,10,95.14,33.917,60.0,domingo,2022 Oct 30 07:15:00 PM,24.0
50,META,50325,MAPIRIPÁN,50325000,MAPIRIPÁN (MAPIRIPÁN - META),2022,10,175.63,66.378,60.0,viernes,2022 Oct 21 06:00:00 PM,24.0
52,NARIÑO,52250,EL CHARCO,52250023,BAZÁN (EL CHARCO - NARIÑO),2022,10,19.728,6.308,60.0,viernes,2022 Oct 07 06:45:00 PM,24.0
52,NARIÑO,52250,EL CHARCO,52250003,BOLÍVAR - SAN PEDRO (EL CHARCO - NARIÑO),2022,10,4.507,2.641,60.0,jueves,2022 Oct 06 07:00:00 PM,24.0
52,NARIÑO,52250,EL CHARCO,52250007,SAN JOSÉ DEL TAPAJE (EL CHARCO - NARIÑO),2022,10,11.32,4.112,64.0,viernes,2022 Oct 07 07:30:00 PM,24.0
52,NARIÑO,52520,FRANCISCO PIZARRO,52520013,SAN PEDRO DEL VINO (FRANCISCO PIZARRO - NARIÑO),2022,10,4.265,2.442,60.0,sábado,2022 Oct 01 07:00:00 PM,24.0
52,NARIÑO,52390,LA TOLA,52390005,AGUACATAL (LA TOLA - NARIÑO),2022,10,1.838,440.0,60.0,jueves,2022 Oct 13 06:15:00 PM,24.0
52,NARIÑO,52390,LA TOLA,52390013,AMÁRALES (LA TOLA - NARIÑO),2022,10,6.572,2.63,60.0,lunes,2022 Oct 31 06:45:00 PM,24.0
52,NARIÑO,52390,LA TOLA,52390003,LA VIGÍA DE LA MAR (LA TOLA - NARIÑO),2022,10,6.082,2.104,60.0,lunes,2022 Oct 31 12:15:00 PM,24.0
52,NARIÑO,52390,LA TOLA,52390009,MULATOS (LA TOLA - NARIÑO),2022,10,4.161,2.023,60.0,martes,2022 Oct 11 06:15:00 PM,24.0
91,AMAZONAS,91798,TARAPACA (ANM),91798000,TARAPACA,2025,12,29.923,12.093,60.0,lunes,2025 Dec 08 02:00:00 PM,1.033
52,NARIÑO,52490,OLAYA HERRERA,52490913,BOCA DE PRIETA (OLAYA HERRERA - NARIÑO),2022,10,2.865,750.0,60.0,martes,2022 Oct 11 06:00:00 PM,24.0
52,NARIÑO,52835,SAN ANDRÉS DE TUMACO,52835055,BOCAS DE CURAY (TUMACO - NARIÑO),2022,10,8.436,3.67,60.0,viernes,2022 Oct 21 05:30:00 PM,24.0
52,NARIÑO,52835,SAN ANDRÉS DE TUMACO,52835217,SAN JUAN DE LA COSTA (SAN ANDRÉS DE TUMACO - NARIÑO),2022,10,22.32,8.79,60.0,sábado,2022 Oct 15 06:45:00 PM,24.0
52,NARIÑO,52696,SANTA BÁRBARA (ISCUANDÉ),52696014,LA ENSENADA (SANTA BÁRBARA (ISCUANDÉ) - NARIÑO),2022,10,2.971,5.272,60.0,miércoles,2022 Oct 26 06:45:00 PM,24.0
52,NARIÑO,52696,SANTA BÁRBARA (ISCUANDÉ),52696022,SECADERO (SANTA BÁRBARA (ISCUANDÉ) - NARIÑO),2022,10,3.294,1.551,60.0,martes,2022 Oct 04 06:15:00 PM,24.0
86,PUTUMAYO,86573,PUERTO LEGUÍZAMO,86573009,PIÑUÑA NEGRO (PUERTO LEGUÍZAMO - PUTUMAYO),2022,10,4.362,2.553,60.0,sábado,2022 Oct 01 06:15:00 PM,24.0
86,PUTUMAYO,86573,PUERTO LEGUÍZAMO,86573000,PUERTO LEGUÍZAMO (PUERTO LEGUÍZAMO - PUTUMAYO),2022,10,10.326,332.419,60.0,miércoles,2022 Oct 05 12:00:00 AM,24.0
76,VALLE DEL CAUCA,76109,BUENAVENTURA,76109028,PUERTO MERIZALDE (BUENAVENTURA - VALLE DEL CAUCA),2022,10,82.571,28.772,60.0,miércoles,2022 Oct 05 07:00:00 PM,24.0
76,VALLE DEL CAUCA,76109,BUENAVENTURA,76109032,SAN FRANCISCO NAYA (BUENAVENTURA - VALLE DEL CAUCA),2022,10,7.604,3.094,60.0,sábado,2022 Oct 29 11:15:00 AM,24.0
97,VAUPÉS,97161,CARURÚ,97161000,CARURÚ (CARURÚ - VAUPÉS),2022,10,12.134,3.288,60.0,viernes,2022 Oct 07 06:00:00 PM,24.0
97,VAUPÉS,97001,MITÚ,97001000,MITÚ (MITÚ - VAUPÉS),2022,10,10.326,372.514,60.0,jueves,2022 Oct 27 11:45:00 AM,24.0
97,VAUPÉS,97666,TARAIRA,97666000,TARAIRA (TARAIRA - VAUPÉS),2022,10,25.569,7.358,60.0,jueves,2022 Oct 13 05:45:00 PM,24.0
99,VICHADA,99773,CUMARIBO,99773000,CUMARIBO (CUMARIBO - VICHADA),2022,10,330.513,135.27,60.0,miércoles,2022 Oct 26 02:45:00 PM,24.0
99,VICHADA,99524,LA PRIMAVERA,99524000,LA PRIMAVERA (LA PRIMAVERA - VICHADA),2022,10,361.115,135.363,60.0,miércoles,2022 Oct 26 02:30:00 PM,24.0
99,VICHADA,99001,PUERTO CARREÑO,99001000,PUERTO CARREÑO (PUERTO CARREÑO - VICHADA),2022,10,10.326,823.386,60.0,viernes,2022 Oct 28 01:30:00 PM,24.0
99,VICHADA,99624,SANTA ROSALÍA,99624000,SANTA ROSALÍA (SANTA ROSALÍA - VICHADA),2022,10,123.998,58.385,60.0,miércoles,2022 Oct 05 06:15:00 PM,24.0
91,AMAZONAS,91001,LETICIA,91001000,LETICIA (LETICIA - AMAZONAS),2022,11,10.326,8.475,60.0,jueves,2022 Nov 10 03:30:00 PM,24.0
91,AMAZONAS,91540,PUERTO NARIÑO,91540000,PUERTO NARIÑO (PUERTO NARIÑO - AMAZONAS),2022,11,115.494,41.16,60.0,martes,2022 Nov 08 06:45:00 PM,24.0
91,AMAZONAS,91798,TARAPACÁ (ANM),91798000,TARAPACÁ (TARAPACÁ (ANM) - AMAZONAS),2022,11,26.19,11.839,60.0,miércoles,2022 Nov 30 06:30:00 PM,24.0
88,"ARCHIPIÉLAGO DE SAN ANDRÉS, PROVIDENCIA Y SANTA CATALINA",88564,PROVIDENCIA,88564000,PROVIDENCIA (PROVIDENCIA - ARCHIPIÉLAGO DE SAN ANDRÉS Y PROVIDENCIA),2022,11,10.326,258.81,60.0,viernes,2022 Nov 04 07:15:00 PM,24.0
88,"ARCHIPIÉLAGO DE SAN ANDRÉS, PROVIDENCIA Y SANTA CATALINA",88001,SAN ANDRÉS,88001000,SAN ANDRÉS (SAN ANDRÉS - ARCHIPIÉLAGO DE SAN ANDRÉS Y PROVIDENCIA),2022,11,10.326,8.475,60.0,jueves,2022 Nov 24 03:15:00 PM,24.0
13,BOLÍVAR,13001,CARTAGENA DE INDIAS,13001007,ISLA FUERTE (CARTAGENA DE INDIAS - BOLÍVAR),2022,11,31.378,18.198,60.0,martes,2022 Nov 15 10:15:00 PM,24.0
13,BOLÍVAR,13001,CARTAGENA DE INDIAS,13001037,ISLA MÚCURA (CARTAGENA DE INDIAS - BOLÍVAR),2022,11,5.837,2.35,60.0,sábado,2022 Nov 26 10:30:00 PM,24.0
13,BOLÍVAR,13001,CARTAGENA DE INDIAS,13001017,SANTA CRUZ DEL ISLOTE (CARTAGENA DE INDIAS - BOLÍVAR),2022,11,11.866,3.793,60.0,miércoles,2022 Nov 02 10:15:00 PM,24.0
18,CAQUETÁ,18150,CARTAGENA DEL CHAIRÁ,18150001,REMOLINO DEL CAGUÁN (CARTAGENA DEL CHAIRA - CAQUETÁ),2022,11,17.684,6.476,60.0,sábado,2022 Nov 12 07:15:00 PM,24.0
18,CAQUETÁ,18753,SAN VICENTE DEL CAGUÁN,18753002,GUACAMAYAS (SAN VICENTE DEL CAGUÁN - CAQUETÁ),2022,11,13.782,5.98,60.0,viernes,2022 Nov 18 07:30:00 PM,24.0
18,CAQUETÁ,18753,SAN VICENTE DEL CAGUÁN,18753015,GUAYABAL (SAN VICENTE DEL CAGUÁN - CAQUETÁ),2022,11,5.64,2.729,60.0,sábado,2022 Nov 26 12:15:00 PM,24.0
18,CAQUETÁ,18753,SAN VICENTE DEL CAGUÁN,18753009,PUERTO BETANIA (SAN VICENTE DEL CAGUÁN - CAQUETÁ),2022,11,5.847,2.36,48.0,sábado,2022 Nov 05 06:45:00 PM,24.0
19,CAUCA,19318,GUAPI,19318008,LIMONES (GUAPI - CAUCA),2022,11,8.02,3.832,60.0,martes,2022 Nov 29 08:00:00 PM,24.0
19,CAUCA,19318,GUAPI,19318013,SAN ANTONIO DE GUAJUÍ (GUAPI - CAUCA),2022,11,10.155,5.023,60.0,jueves,2022 Nov 24 07:30:00 PM,24.0
19,CAUCA,19418,LÓPEZ DE MICAY,19418038,ISLA DE GALLO (LÓPEZ DE MICAY - CAUCA),2022,11,3.197,1.501,60.0,jueves,2022 Nov 24 07:00:00 PM,24.0
19,CAUCA,19418,LÓPEZ DE MICAY,19418009,NOANAMITO (LÓPEZ DE MICAY - CAUCA),2022,11,3.286,847.0,60.0,sábado,2022 Nov 26 06:30:00 PM,24.0
19,CAUCA,19418,LÓPEZ DE MICAY,19418012,SAN ANTONIO DE CHUARÉ (LÓPEZ DE MICAY - CAUCA),2022,11,4.252,1.196,60.0,martes,2022 Nov 01 06:45:00 PM,24.0
19,CAUCA,19809,TIMBIQUÍ,19809014,CHACÓN (TIMBIQUÍ - CAUCA),2022,11,4.483,1.304,60.0,sábado,2022 Nov 05 07:00:00 PM,7.0
19,CAUCA,19809,TIMBIQUÍ,19809003,COTEJE (TIMBIQUÍ - CAUCA),2022,11,5.969,4.122,60.0,martes,2022 Nov 22 07:15:00 PM,24.0
19,CAUCA,19809,TIMBIQUÍ,19809026,LOS BRAZOS (TIMBIQUÍ - CAUCA),2022,11,8.223,1.835,60.0,jueves,2022 Nov 03 07:15:00 PM,24.0
19,CAUCA,19809,TIMBIQUÍ,19809023,PUERTO SAIJA (TIMBIQUÍ - CAUCA),2022,11,34.981,11.388,60.0,lunes,2022 Nov 14 08:00:00 PM,24.0
19,CAUCA,19809,TIMBIQUÍ,19809009,SANTA ROSA DE SAIJA (TIMBIQUÍ - CAUCA),2022,11,3.772,1.905,60.0,lunes,2022 Nov 07 07:00:00 PM,24.0
27,CHOCÓ,27006,ACANDÍ,27006000,ACANDÍ (ACANDÍ - CHOCÓ),2022,11,639.819,212.408,60.0,miércoles,2022 Nov 02 09:00:00 PM,24.0
27,CHOCÓ,27006,ACANDÍ,27006007,SAN FRANCISCO (ACANDÍ - CHOCÓ),2022,11,23.596,8.448,60.0,sábado,2022 Nov 19 08:00:00 PM,24.0
27,CHOCÓ,27025,ALTO BAUDÓ (PIE DE PATO),27025000,CIUDAD BAUDÓ - PIE DE PATO (ALTO BAUDÓ - CHOCÓ),2022,11,45.268,14.913,60.0,jueves,2022 Nov 10 07:00:00 PM,24.0
27,CHOCÓ,27075,BAHÍA SOLANO (MUTIS),27075000,CIUDAD MUTIS (BAHÍA SOLANO - CHOCÓ),2022,11,641.619,216.495,60.0,martes,2022 Nov 01 08:00:00 PM,24.0
27,CHOCÓ,27075,BAHÍA SOLANO (MUTIS),27075002,EL VALLE (BAHÍA SOLANO - CHOCÓ),2022,11,159.353,62.307,60.0,martes,2022 Nov 08 06:45:00 PM,24.0
27,CHOCÓ,27077,BAJO BAUDÓ (PIZARRO),27077905,BUENAVISTA (BAJO BAUDÓ (PIZARRO) - CHOCÓ),2022,11,3.056,450.0,60.0,miércoles,2022 Nov 23 08:00:00 PM,24.0
27,CHOCÓ,27077,BAJO BAUDÓ (PIZARRO),27077000,PIZARRO (BAJO BAUDÓ (PIZARRO) - CHOCÓ),2022,11,195.572,82.637,60.0,domingo,2022 Nov 06 07:00:00 PM,22.0
27,CHOCÓ,27099,BOJAYÁ (BELLAVISTA),27099000,BELLAVISTA (BOJAYÁ (BELLAVISTA) - CHOCÓ),2022,11,95.417,27.421,60.0,viernes,2022 Nov 25 07:30:00 PM,24.0
27,CHOCÓ,27099,BOJAYÁ (BELLAVISTA),27099002,LA LOMA DE BOJAYÁ (BOJAYÁ (BELLAVISTA) - CHOCÓ),2022,11,11.797,5.709,60.0,miércoles,2022 Nov 30 07:30:00 PM,24.0
27,CHOCÓ,27250,EL LITORAL DEL SAN JUAN,27250002,CUCURRUPÍ (EL LITORAL DEL SAN JUAN - CHOCÓ),2022,11,2.503,770.0,60.0,martes,2022 Nov 01 06:15:00 PM,24.0
27,CHOCÓ,27250,EL LITORAL DEL SAN JUAN,27250000,SANTA GENOVEVA DE DOCORDÓ (EL LITORAL DEL SAN JUAN - CHOCÓ),2022,11,67.96,41.872,60.0,sábado,2022 Nov 19 07:15:00 PM,24.0
27,CHOCÓ,27372,JURADÓ,27372000,JURADÓ (JURADÓ - CHOCÓ),2022,11,156.552,66.334,60.0,miércoles,2022 Nov 02 07:15:00 PM,24.0
27,CHOCÓ,27425,MEDIO ATRATO (BETÉ),27425000,BETÉ (MEDIO ATRATO (BETÉ) - CHOCÓ),2022,11,15.11,9.014,60.0,miércoles,2022 Nov 09 10:30:00 AM,24.0
27,CHOCÓ,27425,MEDIO ATRATO (BETÉ),27425008,SAN ROQUE (MEDIO ATRATO (BETÉ) - CHOCÓ),2022,11,2.721,788.0,60.0,sábado,2022 Nov 05 09:15:00 AM,24.0
27,CHOCÓ,27495,NUQUÍ,27495912,COMUNIDAD INDÍGENA DE PANGUÍ - EL YUCAL (NUQUÍ - CHOCÓ),2022,11,7.166,1.62,60.0,lunes,2022 Nov 07 03:00:00 PM,24.0
27,CHOCÓ,27495,NUQUÍ,27495000,NUQUÍ (NUQUÍ - CHOCÓ),2022,11,249.447,93.895,60.0,viernes,2022 Nov 04 07:30:00 PM,24.0
27,CHOCÓ,27495,NUQUÍ,27495011,PUERTO JAGUA (NUQUÍ - CHOCÓ),2022,11,843.0,482.0,60.0,sábado,2022 Nov 26 07:45:00 PM,24.0
27,CHOCÓ,27001,QUIBDÓ,27001029,TAGACHI (QUIBDÓ - CHOCÓ),2022,11,7.921,2.993,60.0,jueves,2022 Nov 10 01:30:00 PM,24.0
27,CHOCÓ,27800,UNGUÍA,27800001,BALBOA (UNGUÍA - CHOCÓ),2022,11,22.297,8.801,60.0,miércoles,2022 Nov 02 08:00:00 PM,24.0
27,CHOCÓ,27800,UNGUÍA,27800005,TITUMATE (UNGUÍA - CHOCÓ),2022,11,15.835,3.779,60.0,sábado,2022 Nov 19 08:30:00 PM,24.0
27,CHOCÓ,27800,UNGUÍA,27800000,UNGUÍA (UNGUÍA - CHOCÓ),2022,11,400.317,137.619,60.0,miércoles,2022 Nov 02 07:15:00 PM,24.0
94,GUAINÍA,94343,BARRANCOMINAS,94343000,BARRANCOMINAS (BARRANCOMINAS - GUAINÍA),2022,11,67.848,19.052,60.0,martes,2022 Nov 22 06:00:00 PM,24.0
95,GUAVIARE,95200,MIRAFLORES,95200000,MIRAFLORES (MIRAFLORES - GUAVIARE),2022,11,85.289,28.73,60.0,sábado,2022 Nov 12 06:15:00 PM,24.0
47,MAGDALENA,47189,CIÉNAGA,47189018,PALMOR (CIÉNAGA - MAGDALENA),2022,11,99.439,36.892,60.0,domingo,2022 Nov 13 12:00:00 PM,24.0
50,META,50325,MAPIRIPÁN,50325000,MAPIRIPÁN (MAPIRIPÁN - META),2022,11,163.449,61.673,60.0,miércoles,2022 Nov 09 06:15:00 PM,24.0
52,NARIÑO,52250,EL CHARCO,52250023,BAZÁN (EL CHARCO - NARIÑO),2022,11,19.399,6.1,96.0,jueves,2022 Nov 03 06:30:00 PM,24.0
52,NARIÑO,52250,EL CHARCO,52250003,BOLÍVAR - SAN PEDRO (EL CHARCO - NARIÑO),2022,11,3.586,2.069,60.0,sábado,2022 Nov 05 08:15:00 PM,24.0
52,NARIÑO,52250,EL CHARCO,52250007,SAN JOSÉ DEL TAPAJE (EL CHARCO - NARIÑO),2022,11,11.05,4.098,64.0,martes,2022 Nov 15 07:00:00 PM,24.0
52,NARIÑO,52520,FRANCISCO PIZARRO,52520013,SAN PEDRO DEL VINO (FRANCISCO PIZARRO - NARIÑO),2022,11,4.393,2.484,60.0,viernes,2022 Nov 18 06:00:00 PM,24.0
52,NARIÑO,52390,LA TOLA,52390005,AGUACATAL (LA TOLA - NARIÑO),2022,11,2.048,547.0,60.0,sábado,2022 Nov 05 04:30:00 PM,24.0
52,NARIÑO,52390,LA TOLA,52390013,AMÁRALES (LA TOLA - NARIÑO),2022,11,6.386,2.073,60.0,sábado,2022 Nov 12 07:00:00 PM,24.0
52,NARIÑO,52390,LA TOLA,52390009,MULATOS (LA TOLA - NARIÑO),2022,11,5.44,3.007,60.0,jueves,2022 Nov 24 06:15:00 PM,24.0
52,NARIÑO,52490,OLAYA HERRERA,52490913,BOCA DE PRIETA (OLAYA HERRERA - NARIÑO),2022,11,3.155,820.0,60.0,viernes,2022 Nov 04 07:00:00 PM,24.0
52,NARIÑO,52835,SAN ANDRÉS DE TUMACO,52835055,BOCAS DE CURAY (TUMACO - NARIÑO),2022,11,8.434,3.259,60.0,domingo,2022 Nov 06 11:30:00 AM,24.0
52,NARIÑO,52696,SANTA BÁRBARA (ISCUANDÉ),52696014,LA ENSENADA (SANTA BÁRBARA (ISCUANDÉ) - NARIÑO),2022,11,2.727,4.79,60.0,miércoles,2022 Nov 02 06:45:00 PM,24.0
52,NARIÑO,52696,SANTA BÁRBARA (ISCUANDÉ),52696022,SECADERO (SANTA BÁRBARA (ISCUANDÉ) - NARIÑO),2022,11,3.089,1.438,60.0,miércoles,2022 Nov 23 06:15:00 PM,24.0
86,PUTUMAYO,86573,PUERTO LEGUÍZAMO,86573009,PIÑUÑA NEGRO (PUERTO LEGUÍZAMO - PUTUMAYO),2022,11,3.797,2.238,60.0,martes,2022 Nov 01 06:15:00 PM,24.0
86,PUTUMAYO,86573,PUERTO LEGUÍZAMO,86573000,PUERTO LEGUÍZAMO (PUERTO LEGUÍZAMO - PUTUMAYO),2022,11,976.748,311.584,60.0,martes,2022 Nov 01 02:30:00 PM,24.0
76,VALLE DEL CAUCA,76109,BUENAVENTURA,76109028,PUERTO MERIZALDE (BUENAVENTURA - VALLE DEL CAUCA),2022,11,84.534,27.94,60.0,miércoles,2022 Nov 02 07:45:00 PM,24.0
76,VALLE DEL CAUCA,76109,BUENAVENTURA,76109032,SAN FRANCISCO NAYA (BUENAVENTURA - VALLE DEL CAUCA),2022,11,7.734,3.112,60.0,viernes,2022 Nov 11 11:30:00 AM,24.0
97,VAUPÉS,97161,CARURÚ,97161000,CARURÚ (CARURÚ - VAUPÉS),2022,11,22.488,4.715,60.0,miércoles,2022 Nov 09 05:45:00 PM,24.0
91,AMAZONAS,91798,TARAPACA (ANM),91798000,TARAPACA,2026,1,29.302,11.801,60.0,jueves,2026 Jan 22 04:45:00 PM,1.029
97,VAUPÉS,97001,MITÚ,97001000,MITÚ (MITÚ - VAUPÉS),2022,11,10.326,366.476,60.0,viernes,2022 Nov 11 11:45:00 AM,24.0
97,VAUPÉS,97666,TARAIRA,97666000,TARAIRA (TARAIRA - VAUPÉS),2022,11,34.41,9.596,60.0,miércoles,2022 Nov 09 12:30:00 PM,24.0
99,VICHADA,99773,CUMARIBO,99773000,CUMARIBO (CUMARIBO - VICHADA),2022,11,325.519,132.592,60.0,martes,2022 Nov 22 11:30:00 AM,24.0
99,VICHADA,99524,LA PRIMAVERA,99524000,LA PRIMAVERA (LA PRIMAVERA - VICHADA),2022,11,352.603,130.567,60.0,martes,2022 Nov 15 07:00:00 PM,24.0
99,VICHADA,99001,PUERTO CARREÑO,99001002,CASUARITO (PUERTO CARREÑO - VICHADA),2022,11,34.325,13.019,60.0,lunes,2022 Nov 07 06:45:00 PM,24.0
99,VICHADA,99001,PUERTO CARREÑO,99001000,PUERTO CARREÑO (PUERTO CARREÑO - VICHADA),2022,11,10.326,765.349,60.0,martes,2022 Nov 15 01:45:00 PM,24.0
99,VICHADA,99624,SANTA ROSALÍA,99624000,SANTA ROSALÍA (SANTA ROSALÍA - VICHADA),2022,11,142.339,69.013,60.0,martes,2022 Nov 15 07:45:00 PM,24.0
91,AMAZONAS,91001,LETICIA,91001000,LETICIA (LETICIA - AMAZONAS),2022,12,10.326,8.475,60.0,jueves,2022 Dec 01 02:30:00 PM,24.0
91,AMAZONAS,91540,PUERTO NARIÑO,91540000,PUERTO NARIÑO (PUERTO NARIÑO - AMAZONAS),2022,12,116.663,40.82,60.0,jueves,2022 Dec 01 06:45:00 PM,24.0
91,AMAZONAS,91798,TARAPACÁ (ANM),91798000,TARAPACÁ (TARAPACÁ (ANM) - AMAZONAS),2022,12,27.447,12.457,60.0,viernes,2022 Dec 02 08:00:00 PM,24.0
88,"ARCHIPIÉLAGO DE SAN ANDRÉS, PROVIDENCIA Y SANTA CATALINA",88564,PROVIDENCIA,88564000,PROVIDENCIA (PROVIDENCIA - ARCHIPIÉLAGO DE SAN ANDRÉS Y PROVIDENCIA),2022,12,10.326,254.554,60.0,viernes,2022 Dec 16 07:00:00 PM,24.0
88,"ARCHIPIÉLAGO DE SAN ANDRÉS, PROVIDENCIA Y SANTA CATALINA",88001,SAN ANDRÉS,88001000,SAN ANDRÉS (SAN ANDRÉS - ARCHIPIÉLAGO DE SAN ANDRÉS Y PROVIDENCIA),2022,12,10.326,8.475,60.0,viernes,2022 Dec 16 03:30:00 PM,24.0
13,BOLÍVAR,13001,CARTAGENA DE INDIAS,13001007,ISLA FUERTE (CARTAGENA DE INDIAS - BOLÍVAR),2022,12,25.914,14.554,60.0,viernes,2022 Dec 30 11:00:00 PM,24.0
13,BOLÍVAR,13001,CARTAGENA DE INDIAS,13001037,ISLA MÚCURA (CARTAGENA DE INDIAS - BOLÍVAR),2022,12,6.661,2.591,60.0,jueves,2022 Dec 15 11:45:00 PM,24.0
13,BOLÍVAR,13001,CARTAGENA DE INDIAS,13001017,SANTA CRUZ DEL ISLOTE (CARTAGENA DE INDIAS - BOLÍVAR),2022,12,14.296,4.585,60.0,miércoles,2022 Dec 28 08:30:00 PM,24.0
18,CAQUETÁ,18150,CARTAGENA DEL CHAIRÁ,18150001,REMOLINO DEL CAGUÁN (CARTAGENA DEL CHAIRA - CAQUETÁ),2022,12,19.761,7.581,60.0,sábado,2022 Dec 31 06:30:00 PM,24.0
18,CAQUETÁ,18150,CARTAGENA DEL CHAIRÁ,18150002,SANTA FE DEL CAGUÁN (CARTAGENA DEL CHAIRA - CAQUETÁ),2022,12,3.691,1.846,60.0,sábado,2022 Dec 31 07:30:00 PM,24.0
18,CAQUETÁ,18753,SAN VICENTE DEL CAGUÁN,18753002,GUACAMAYAS (SAN VICENTE DEL CAGUÁN - CAQUETÁ),2022,12,15.367,6.613,60.0,martes,2022 Dec 13 07:00:00 PM,24.0
18,CAQUETÁ,18753,SAN VICENTE DEL CAGUÁN,18753015,GUAYABAL (SAN VICENTE DEL CAGUÁN - CAQUETÁ),2022,12,6.074,3.017,60.0,sábado,2022 Dec 03 06:15:00 PM,24.0
18,CAQUETÁ,18753,SAN VICENTE DEL CAGUÁN,18753009,PUERTO BETANIA (SAN VICENTE DEL CAGUÁN - CAQUETÁ),2022,12,6.69,2.72,60.0,sábado,2022 Dec 31 07:15:00 PM,24.0
19,CAUCA,19318,GUAPI,19318008,LIMONES (GUAPI - CAUCA),2022,12,9.289,4.384,60.0,sábado,2022 Dec 03 01:00:00 PM,24.0
19,CAUCA,19318,GUAPI,19318013,SAN ANTONIO DE GUAJUÍ (GUAPI - CAUCA),2022,12,11.961,6.086,60.0,sábado,2022 Dec 03 07:15:00 PM,9.0
19,CAUCA,19418,LÓPEZ DE MICAY,19418038,ISLA DE GALLO (LÓPEZ DE MICAY - CAUCA),2022,12,3.661,1.735,60.0,sábado,2022 Dec 31 07:15:00 PM,24.0
19,CAUCA,19418,LÓPEZ DE MICAY,19418012,SAN ANTONIO DE CHUARÉ (LÓPEZ DE MICAY - CAUCA),2022,12,6.002,1.839,60.0,lunes,2022 Dec 19 07:00:00 PM,24.0
19,CAUCA,19809,TIMBIQUÍ,19809014,CHACÓN (TIMBIQUÍ - CAUCA),2022,12,5.295,1.597,60.0,jueves,2022 Dec 15 06:45:00 PM,24.0
19,CAUCA,19809,TIMBIQUÍ,19809003,COTEJE (TIMBIQUÍ - CAUCA),2022,12,6.358,4.518,60.0,domingo,2022 Dec 11 06:45:00 PM,24.0
19,CAUCA,19809,TIMBIQUÍ,19809026,LOS BRAZOS (TIMBIQUÍ - CAUCA),2022,12,8.548,2.037,60.0,martes,2022 Dec 20 07:45:00 PM,24.0
19,CAUCA,19809,TIMBIQUÍ,19809023,PUERTO SAIJA (TIMBIQUÍ - CAUCA),2022,12,37.954,12.813,60.0,viernes,2022 Dec 23 07:00:00 PM,24.0
19,CAUCA,19809,TIMBIQUÍ,19809009,SANTA ROSA DE SAIJA (TIMBIQUÍ - CAUCA),2022,12,4.407,2.236,60.0,miércoles,2022 Dec 07 06:15:00 PM,24.0
27,CHOCÓ,27006,ACANDÍ,27006000,ACANDÍ (ACANDÍ - CHOCÓ),2022,12,654.345,215.32,60.0,sábado,2022 Dec 07 06:15:00 PM,24.0
27,CHOCÓ,27006,ACANDÍ,27006007,SAN FRANCISCO (ACANDÍ - CHOCÓ),2022,12,26.493,9.465,60.0,viernes,2022 Dec 30 07:45:00 PM,24.0
27,CHOCÓ,27025,ALTO BAUDÓ (PIE DE PATO),27025000,CIUDAD BAUDÓ - PIE DE PATO (ALTO BAUDÓ - CHOCÓ),2022,12,46.897,16.086,60.0,viernes,2022 Dec 30 12:00:00 PM,24.0
27,CHOCÓ,27075,BAHÍA SOLANO (MUTIS),27075002,EL VALLE (BAHÍA SOLANO - CHOCÓ),2022,12,168.547,65.188,60.0,sábado,2022 Dec 31 07:45:00 PM,24.0
27,CHOCÓ,27077,BAJO BAUDÓ (PIZARRO),27077000,PIZARRO (BAJO BAUDÓ (PIZARRO) - CHOCÓ),2022,12,211.414,92.665,60.0,viernes,2022 Dec 09 07:00:00 PM,24.0
27,CHOCÓ,27099,BOJAYÁ (BELLAVISTA),27099000,BELLAVISTA (BOJAYÁ (BELLAVISTA) - CHOCÓ),2022,12,97.377,28.24,60.0,viernes,2022 Dec 02 07:15:00 PM,24.0
27,CHOCÓ,27099,BOJAYÁ (BELLAVISTA),27099005,NAPIPÍ (BOJAYÁ (BELLAVISTA) - CHOCÓ),2022,12,12.728,6.41,64.0,viernes,2022 Dec 23 07:30:00 PM,24.0
27,CHOCÓ,27250,EL LITORAL DEL SAN JUAN,27250002,CUCURRUPÍ (EL LITORAL DEL SAN JUAN - CHOCÓ),2022,12,2.676,855.0,60.0,miércoles,2022 Dec 28 06:45:00 PM,24.0
27,CHOCÓ,27250,EL LITORAL DEL SAN JUAN,27250000,SANTA GENOVEVA DE DOCORDÓ (EL LITORAL DEL SAN JUAN - CHOCÓ),2022,12,69.04,43.45,60.0,miércoles,2022 Dec 14 11:45:00 AM,24.0
27,CHOCÓ,27372,JURADÓ,27372000,JURADÓ (JURADÓ - CHOCÓ),2022,12,177.894,72.7,60.0,sábado,2022 Dec 31 07:15:00 PM,24.0
5,ANTIOQUIA,5873,VIGÍA DEL FUERTE,5873013,LOMA MURRI,2025,12,6.057,2.856,31.562,lunes,2025 Dec 07 07:00:00 PM,831.0
27,CHOCÓ,27425,MEDIO ATRATO (BETÉ),27425000,BETÉ (MEDIO ATRATO (BETÉ) - CHOCÓ),2022,12,15.513,9.438,56.0,lunes,2022 Dec 05 11:45:00 AM,24.0
27,CHOCÓ,27495,NUQUÍ,27495912,COMUNIDAD INDÍGENA DE PANGUÍ - EL YUCAL (NUQUÍ - CHOCÓ),2022,12,6.816,1.776,60.0,sábado,2022 Dec 31 07:15:00 PM,24.0
27,CHOCÓ,27495,NUQUÍ,27495011,PUERTO JAGUA (NUQUÍ - CHOCÓ),2022,12,1.072,645.0,60.0,sábado,2022 Dec 24 08:00:00 PM,24.0
27,CHOCÓ,27001,QUIBDÓ,27001029,TAGACHI (QUIBDÓ - CHOCÓ),2022,12,8.427,3.24,60.0,sábado,2022 Dec 03 01:15:00 PM,24.0
27,CHOCÓ,27800,UNGUÍA,27800001,BALBOA (UNGUÍA - CHOCÓ),2022,12,22.438,8.79,60.0,sábado,2022 Dec 24 07:00:00 PM,24.0
27,CHOCÓ,27800,UNGUÍA,27800005,TITUMATE (UNGUÍA - CHOCÓ),2022,12,17.321,4.162,60.0,viernes,2022 Dec 09 08:00:00 PM,24.0
27,CHOCÓ,27800,UNGUÍA,27800000,UNGUÍA (UNGUÍA - CHOCÓ),2022,12,412.442,143.382,60.0,sábado,2022 Dec 31 07:15:00 PM,24.0
94,GUAINÍA,94343,BARRANCOMINAS,94343000,BARRANCOMINAS (BARRANCOMINAS - GUAINÍA),2022,12,70.067,21.323,60.0,lunes,2022 Dec 05 06:15:00 PM,24.0
95,GUAVIARE,95200,MIRAFLORES,95200000,MIRAFLORES (MIRAFLORES - GUAVIARE),2022,12,84.461,29.297,60.0,jueves,2022 Dec 01 06:30:00 PM,24.0
47,MAGDALENA,47189,CIÉNAGA,47189018,PALMOR (CIÉNAGA - MAGDALENA),2022,12,100.803,39.278,60.0,sábado,2022 Dec 10 07:15:00 PM,24.0
50,META,50325,MAPIRIPÁN,50325000,MAPIRIPÁN (MAPIRIPÁN - META),2022,12,173.749,67.839,60.0,viernes,2022 Dec 09 06:30:00 PM,24.0
52,NARIÑO,52250,EL CHARCO,52250023,BAZÁN (EL CHARCO - NARIÑO),2022,12,22.496,7.248,60.0,viernes,2022 Dec 30 05:45:00 PM,24.0
52,NARIÑO,52250,EL CHARCO,52250003,BOLÍVAR - SAN PEDRO (EL CHARCO - NARIÑO),2022,12,3.807,2.044,60.0,sábado,2022 Dec 03 07:00:00 PM,24.0
52,NARIÑO,52250,EL CHARCO,52250007,SAN JOSÉ DEL TAPAJE (EL CHARCO - NARIÑO),2022,12,12.292,4.518,56.0,jueves,2022 Dec 01 06:30:00 PM,24.0
52,NARIÑO,52390,LA TOLA,52390013,AMÁRALES (LA TOLA - NARIÑO),2022,12,7.097,2.383,60.0,miércoles,2022 Dec 21 07:30:00 PM,24.0
52,NARIÑO,52390,LA TOLA,52390009,MULATOS (LA TOLA - NARIÑO),2022,12,5.965,3.426,60.0,viernes,2022 Dec 16 06:30:00 PM,24.0
52,NARIÑO,52490,OLAYA HERRERA,52490913,BOCA DE PRIETA (OLAYA HERRERA - NARIÑO),2022,12,2.544,699.0,60.0,lunes,2022 Dec 26 07:00:00 PM,24.0
52,NARIÑO,52835,SAN ANDRÉS DE TUMACO,52835055,BOCAS DE CURAY (TUMACO - NARIÑO),2022,12,9.164,3.464,60.0,domingo,2022 Dec 18 11:00:00 AM,24.0
52,NARIÑO,52696,SANTA BÁRBARA (ISCUANDÉ),52696014,LA ENSENADA (SANTA BÁRBARA (ISCUANDÉ) - NARIÑO),2022,12,3.126,5.509,60.0,martes,2022 Dec 06 08:30:00 PM,24.0
52,NARIÑO,52696,SANTA BÁRBARA (ISCUANDÉ),52696022,SECADERO (SANTA BÁRBARA (ISCUANDÉ) - NARIÑO),2022,12,2.985,1.264,60.0,viernes,2022 Dec 02 06:30:00 PM,24.0
86,PUTUMAYO,86573,PUERTO LEGUÍZAMO,86573009,PIÑUÑA NEGRO (PUERTO LEGUÍZAMO - PUTUMAYO),2022,12,3.972,2.245,60.0,sábado,2022 Dec 03 05:15:00 PM,24.0
86,PUTUMAYO,86573,PUERTO LEGUÍZAMO,86573000,PUERTO LEGUÍZAMO (PUERTO LEGUÍZAMO - PUTUMAYO),2022,12,927.588,312.165,60.0,miércoles,2022 Dec 07 03:00:00 PM,24.0
76,VALLE DEL CAUCA,76109,BUENAVENTURA,76109028,PUERTO MERIZALDE (BUENAVENTURA - VALLE DEL CAUCA),2022,12,96.101,32.457,60.0,viernes,2022 Dec 23 08:15:00 PM,24.0
76,VALLE DEL CAUCA,76109,BUENAVENTURA,76109032,SAN FRANCISCO NAYA (BUENAVENTURA - VALLE DEL CAUCA),2022,12,7.108,2.917,60.0,sábado,2022 Dec 24 12:00:00 PM,24.0
97,VAUPÉS,97001,MITÚ,97001000,MITÚ (MITÚ - VAUPÉS),2022,12,10.326,408.967,60.0,miércoles,2022 Dec 14 12:00:00 PM,24.0
97,VAUPÉS,97666,TARAIRA,97666000,TARAIRA (TARAIRA - VAUPÉS),2022,12,30.847,8.849,60.0,lunes,2022 Dec 05 06:15:00 PM,24.0
99,VICHADA,99524,LA PRIMAVERA,99524000,LA PRIMAVERA (LA PRIMAVERA - VICHADA),2022,12,364.012,139.356,60.0,miércoles,2022 Dec 28 07:15:00 PM,24.0
99,VICHADA,99001,PUERTO CARREÑO,99001002,CASUARITO (PUERTO CARREÑO - VICHADA),2022,12,34.739,13.313,60.0,jueves,2022 Dec 15 06:15:00 PM,24.0
99,VICHADA,99001,PUERTO CARREÑO,99001000,PUERTO CARREÑO (PUERTO CARREÑO - VICHADA),2022,12,10.326,834.238,60.0,miércoles,2022 Dec 14 02:30:00 PM,24.0
99,VICHADA,99624,SANTA ROSALÍA,99624000,SANTA ROSALÍA (SANTA ROSALÍA - VICHADA),2022,12,148.727,72.473,60.0,miércoles,2022 Dec 14 08:15:00 PM,24.0
91,AMAZONAS,91001,LETICIA,91001000,LETICIA (LETICIA - AMAZONAS),2023,1,10.326,8.475,60.0,viernes,2023 Jan 27 02:45:00 PM,24.0
91,AMAZONAS,91540,PUERTO NARIÑO,91540000,PUERTO NARIÑO (PUERTO NARIÑO - AMAZONAS),2023,1,112.349,39.609,60.0,martes,2023 Jan 24 07:30:00 PM,24.0
91,AMAZONAS,91798,TARAPACÁ (ANM),91798000,TARAPACÁ (TARAPACÁ (ANM) - AMAZONAS),2023,1,26.553,11.97,60.0,martes,2023 Jan 03 02:45:00 PM,24.0
5,ANTIOQUIA,5873,VIGÍA DEL FUERTE,5873002,VEGÁEZ (VIGÍA DEL FUERTE - ANTIOQUIA),2023,1,5.368,870.0,60.0,lunes,2023 Jan 16 08:00:00 PM,24.0
88,"ARCHIPIÉLAGO DE SAN ANDRÉS, PROVIDENCIA Y SANTA CATALINA",88564,PROVIDENCIA,88564000,PROVIDENCIA (PROVIDENCIA - ARCHIPIÉLAGO DE SAN ANDRÉS Y PROVIDENCIA),2023,1,10.326,237.865,60.0,lunes,2023 Jan 30 09:45:00 PM,24.0
88,"ARCHIPIÉLAGO DE SAN ANDRÉS, PROVIDENCIA Y SANTA CATALINA",88001,SAN ANDRÉS,88001000,SAN ANDRÉS (SAN ANDRÉS - ARCHIPIÉLAGO DE SAN ANDRÉS Y PROVIDENCIA),2023,1,10.326,8.475,60.0,lunes,2023 Jan 02 03:45:00 PM,24.0
13,BOLÍVAR,13001,CARTAGENA DE INDIAS,13001007,ISLA FUERTE (CARTAGENA DE INDIAS - BOLÍVAR),2023,1,37.775,22.357,60.0,miércoles,2023 Jan 04 10:30:00 PM,24.0
13,BOLÍVAR,13001,CARTAGENA DE INDIAS,13001037,ISLA MÚCURA (CARTAGENA DE INDIAS - BOLÍVAR),2023,1,6.927,2.64,60.0,domingo,2023 Jan 08 12:00:00 AM,15.0
13,BOLÍVAR,13001,CARTAGENA DE INDIAS,13001017,SANTA CRUZ DEL ISLOTE (CARTAGENA DE INDIAS - BOLÍVAR),2023,1,7.041,2.223,60.0,martes,2023 Jan 10 08:30:00 PM,24.0
18,CAQUETÁ,18150,CARTAGENA DEL CHAIRÁ,18150001,REMOLINO DEL CAGUÁN (CARTAGENA DEL CHAIRA - CAQUETÁ),2023,1,16.274,6.186,60.0,lunes,2023 Jan 30 07:00:00 PM,24.0
18,CAQUETÁ,18150,CARTAGENA DEL CHAIRÁ,18150002,SANTA FE DEL CAGUÁN (CARTAGENA DEL CHAIRA - CAQUETÁ),2023,1,3.572,1.792,60.0,martes,2023 Jan 24 06:45:00 PM,24.0
18,CAQUETÁ,18753,SAN VICENTE DEL CAGUÁN,18753002,GUACAMAYAS (SAN VICENTE DEL CAGUÁN - CAQUETÁ),2023,1,15.622,6.107,60.0,sábado,2023 Jan 28 07:15:00 PM,24.0
18,CAQUETÁ,18753,SAN VICENTE DEL CAGUÁN,18753015,GUAYABAL (SAN VICENTE DEL CAGUÁN - CAQUETÁ),2023,1,5.548,2.721,60.0,sábado,2023 Jan 07 07:00:00 PM,24.0
18,CAQUETÁ,18753,SAN VICENTE DEL CAGUÁN,18753009,PUERTO BETANIA (SAN VICENTE DEL CAGUÁN - CAQUETÁ),2023,1,6.443,2.704,60.0,viernes,2023 Jan 06 07:30:00 PM,24.0
19,CAUCA,19318,GUAPI,19318008,LIMONES (GUAPI - CAUCA),2023,1,8.296,3.957,60.0,jueves,2023 Jan 26 05:30:00 PM,24.0
19,CAUCA,19318,GUAPI,19318013,SAN ANTONIO DE GUAJUÍ (GUAPI - CAUCA),2023,1,8.15,4.116,60.0,viernes,2023 Jan 20 08:00:00 PM,24.0
19,CAUCA,19418,LÓPEZ DE MICAY,19418011,DOS QUEBRADAS RÍO NAYA (LÓPEZ DE MICAY - CAUCA),2023,1,0.0,0.0,0.0,domingo,2023 Jan 01 12:00:00 AM,0.0
19,CAUCA,19418,LÓPEZ DE MICAY,19418038,ISLA DE GALLO (LÓPEZ DE MICAY - CAUCA),2023,1,3.283,1.589,60.0,sábado,2023 Jan 14 07:45:00 PM,24.0
19,CAUCA,19418,LÓPEZ DE MICAY,19418012,SAN ANTONIO DE CHUARÉ (LÓPEZ DE MICAY - CAUCA),2023,1,5.158,1.565,60.0,miércoles,2023 Jan 25 07:30:00 PM,24.0
19,CAUCA,19809,TIMBIQUÍ,19809014,CHACÓN (TIMBIQUÍ - CAUCA),2023,1,4.119,1.176,60.0,sábado,2023 Jan 21 06:45:00 PM,24.0
19,CAUCA,19809,TIMBIQUÍ,19809003,COTEJE (TIMBIQUÍ - CAUCA),2023,1,5.774,4.084,60.0,martes,2023 Jan 31 07:45:00 PM,24.0
19,CAUCA,19809,TIMBIQUÍ,19809026,LOS BRAZOS (TIMBIQUÍ - CAUCA),2023,1,8.959,3.905,60.0,viernes,2023 Jan 06 06:45:00 PM,24.0
19,CAUCA,19809,TIMBIQUÍ,19809023,PUERTO SAIJA (TIMBIQUÍ - CAUCA),2023,1,24.263,8.129,60.0,domingo,2023 Jan 22 07:30:00 PM,24.0
19,CAUCA,19809,TIMBIQUÍ,19809009,SANTA ROSA DE SAIJA (TIMBIQUÍ - CAUCA),2023,1,3.474,1.741,60.0,martes,2023 Jan 31 07:15:00 PM,24.0
27,CHOCÓ,27006,ACANDÍ,27006000,ACANDÍ (ACANDÍ - CHOCÓ),2023,1,631.527,201.731,60.0,sábado,2023 Jan 28 08:30:00 PM,24.0
27,CHOCÓ,27006,ACANDÍ,27006007,SAN FRANCISCO (ACANDÍ - CHOCÓ),2023,1,27.055,9.744,60.0,sábado,2023 Jan 07 08:00:00 PM,24.0
27,CHOCÓ,27025,ALTO BAUDÓ (PIE DE PATO),27025000,CIUDAD BAUDÓ - PIE DE PATO (ALTO BAUDÓ - CHOCÓ),2023,1,44.275,15.316,60.0,jueves,2023 Jan 26 07:15:00 PM,24.0
27,CHOCÓ,27075,BAHÍA SOLANO (MUTIS),27075002,EL VALLE (BAHÍA SOLANO - CHOCÓ),2023,1,167.506,64.436,60.0,jueves,2023 Jan 05 07:15:00 PM,24.0
27,CHOCÓ,27077,BAJO BAUDÓ (PIZARRO),27077029,FIRME DE USARGA (BAJO BAUDÓ (PIZARRO) - CHOCÓ),2023,1,980.0,286.0,60.0,jueves,2023 Jan 12 06:45:00 PM,24.0
27,CHOCÓ,27077,BAJO BAUDÓ (PIZARRO),27077026,GUINEAL (BAJO BAUDÓ (PIZARRO) - CHOCÓ),2023,1,6.212,2.935,60.0,miércoles,2023 Jan 25 08:00:00 PM,24.0
27,CHOCÓ,27077,BAJO BAUDÓ (PIZARRO),27077011,PILIZA (BAJO BAUDÓ (PIZARRO) - CHOCÓ),2023,1,4.514,2.299,60.0,viernes,2023 Jan 06 06:15:00 PM,24.0
27,CHOCÓ,27077,BAJO BAUDÓ (PIZARRO),27077000,PIZARRO (BAJO BAUDÓ (PIZARRO) - CHOCÓ),2023,1,217.404,95.152,60.0,viernes,2023 Jan 06 06:45:00 PM,24.0
27,CHOCÓ,27077,BAJO BAUDÓ (PIZARRO),27077016,SIVIRU (BAJO BAUDÓ - CHOCÓ),2023,1,7.301,2.902,60.0,sábado,2023 Jan 07 07:15:00 PM,24.0
27,CHOCÓ,27077,BAJO BAUDÓ (PIZARRO),27077916,TERRON (BAJO BAUDÓ - CHOCÓ),2023,1,2.41,1.042,60.0,sábado,2023 Jan 14 07:15:00 PM,24.0
27,CHOCÓ,27077,BAJO BAUDÓ (PIZARRO),27077019,VIRUDO,2023,1,5.04,2.511,60.0,martes,2023 Jan 10 12:15:00 PM,24.0
27,CHOCÓ,27099,BOJAYÁ (BELLAVISTA),27099000,BELLAVISTA (BOJAYÁ (BELLAVISTA) - CHOCÓ),2023,1,89.09,26.099,60.0,sábado,2023 Jan 28 07:45:00 PM,24.0
27,CHOCÓ,27099,BOJAYÁ (BELLAVISTA),27099005,NAPIPÍ (BOJAYÁ (BELLAVISTA) - CHOCÓ),2023,1,12.867,6.506,60.0,domingo,2023 Jan 29 07:30:00 PM,24.0
27,CHOCÓ,27099,BOJAYÁ (BELLAVISTA),27099030,PIEDRA CANDELA (BOJAYÁ - CHOCÓ),2023,1,7.605,3.438,60.0,viernes,2023 Jan 27 07:30:00 PM,24.0
27,CHOCÓ,27250,EL LITORAL DEL SAN JUAN,27250002,CUCURRUPÍ (EL LITORAL DEL SAN JUAN - CHOCÓ),2023,1,2.467,841.0,60.0,lunes,2023 Jan 09 06:45:00 PM,24.0
27,CHOCÓ,27250,EL LITORAL DEL SAN JUAN,27250000,SANTA GENOVEVA DE DOCORDÓ (EL LITORAL DEL SAN JUAN - CHOCÓ),2023,1,59.896,35.133,60.0,miércoles,2023 Jan 18 08:00:00 AM,24.0
27,CHOCÓ,27361,ISTMINA,27361021,PANAMACITO,2023,1,1.792,267.0,60.0,martes,2023 Jan 24 07:30:00 PM,24.0
27,CHOCÓ,27372,JURADÓ,27372000,JURADÓ (JURADÓ - CHOCÓ),2023,1,166.004,69.35,60.0,lunes,2023 Jan 30 07:00:00 PM,24.0
27,CHOCÓ,27425,MEDIO ATRATO (BETÉ),27425000,BETÉ (MEDIO ATRATO (BETÉ) - CHOCÓ),2023,1,15.239,9.097,56.0,miércoles,2023 Jan 18 12:15:00 PM,24.0
27,CHOCÓ,27425,MEDIO ATRATO (BETÉ),27425008,SAN ROQUE (MEDIO ATRATO (BETÉ) - CHOCÓ),2023,1,1.0,0.0,60.0,domingo,2023 Jan 29 10:30:00 AM,0.0
27,CHOCÓ,27450,MEDIO SAN JUAN,27450903,LA LERMA,2023,1,1.043,201.0,60.0,domingo,2023 Jan 08 05:45:00 PM,24.0
27,CHOCÓ,27450,MEDIO SAN JUAN,27450016,MACEDONIA (MEDIO SAN JUAN - CHOCÓ),2023,1,0.0,0.0,0.0,domingo,2023 Jan 01 12:00:00 AM,0.0
27,CHOCÓ,27495,NUQUÍ,27495912,COMUNIDAD INDÍGENA DE PANGUÍ - EL YUCAL (NUQUÍ - CHOCÓ),2023,1,6.151,1.683,60.0,lunes,2023 Jan 02 02:00:00 PM,24.0
27,CHOCÓ,27495,NUQUÍ,27495003,JURUBIRA (NUQUÍ - CHOCÓ),2023,1,18.367,7.963,60.0,martes,2023 Jan 24 09:30:00 PM,24.0
27,CHOCÓ,27001,QUIBDÓ,27001029,TAGACHI (QUIBDÓ - CHOCÓ),2023,1,8.85,3.337,60.0,miércoles,2023 Jan 25 01:30:00 PM,24.0
27,CHOCÓ,27615,RIOSUCIO,27615912,MARCIAL (RIOSUCIO - CHOCÓ),2023,1,60.0,31.0,60.0,domingo,2023 Jan 01 08:00:00 AM,24.0
27,CHOCÓ,27615,RIOSUCIO,27615930,PEÑAS BLANCAS (RIOSUCIO - CHOCÓ),2023,1,0.0,0.0,0.0,domingo,2023 Jan 01 12:00:00 AM,0.0
27,CHOCÓ,27800,UNGUÍA,27800001,BALBOA (UNGUÍA - CHOCÓ),2023,1,21.446,8.32,60.0,sábado,2023 Jan 07 08:15:00 PM,24.0
27,CHOCÓ,27800,UNGUÍA,27800005,TITUMATE (UNGUÍA - CHOCÓ),2023,1,16.014,3.835,60.0,viernes,2023 Jan 06 08:00:00 PM,24.0
27,CHOCÓ,27800,UNGUÍA,27800000,UNGUÍA (UNGUÍA - CHOCÓ),2023,1,402.169,139.811,60.0,martes,2023 Jan 31 08:30:00 PM,24.0
94,GUAINÍA,94343,BARRANCOMINAS,94343000,BARRANCOMINAS (BARRANCOMINAS - GUAINÍA),2023,1,61.606,18.107,60.0,lunes,2023 Jan 30 01:45:00 PM,24.0
95,GUAVIARE,95200,MIRAFLORES,95200000,MIRAFLORES (MIRAFLORES - GUAVIARE),2023,1,76.527,25.343,60.0,jueves,2023 Jan 26 06:45:00 PM,24.0
44,LA GUAJIRA,44847,URIBIA,44847012,NAZARETH (URIBIA - LA GUAJIRA),2023,1,58.763,11.066,60.0,lunes,2023 Jan 23 07:00:00 PM,24.0
47,MAGDALENA,47189,CIÉNAGA,47189018,PALMOR (CIÉNAGA - MAGDALENA),2023,1,97.367,36.737,60.0,martes,2023 Jan 17 06:30:00 PM,24.0
50,META,50325,MAPIRIPÁN,50325000,MAPIRIPÁN (MAPIRIPÁN - META),2023,1,162.306,63.555,60.0,lunes,2023 Jan 16 06:45:00 PM,24.0
52,NARIÑO,52250,EL CHARCO,52250023,BAZÁN (EL CHARCO - NARIÑO),2023,1,13.097,5.01,60.0,miércoles,2023 Jan 04 07:00:00 PM,24.0
52,NARIÑO,52250,EL CHARCO,52250003,BOLÍVAR - SAN PEDRO (EL CHARCO - NARIÑO),2023,1,2.668,1.451,60.0,lunes,2023 Jan 16 07:45:00 PM,24.0
52,NARIÑO,52250,EL CHARCO,52250007,SAN JOSÉ DEL TAPAJE (EL CHARCO - NARIÑO),2023,1,9.462,3.292,56.0,lunes,2023 Jan 09 05:00:00 PM,24.0
52,NARIÑO,52520,FRANCISCO PIZARRO,52520013,SAN PEDRO DEL VINO (FRANCISCO PIZARRO - NARIÑO),2023,1,1.0,1.0,60.0,martes,2023 Jan 31 01:00:00 PM,0.0
52,NARIÑO,52390,LA TOLA,52390005,AGUACATAL (LA TOLA - NARIÑO),2023,1,2.163,511.0,60.0,jueves,2023 Jan 19 06:30:00 PM,24.0
52,NARIÑO,52390,LA TOLA,52390013,AMÁRALES (LA TOLA - NARIÑO),2023,1,5.747,1.82,60.0,martes,2023 Jan 17 06:45:00 PM,24.0
52,NARIÑO,52390,LA TOLA,52390009,MULATOS (LA TOLA - NARIÑO),2023,1,5.525,3.197,60.0,miércoles,2023 Jan 25 07:15:00 PM,24.0
52,NARIÑO,52427,MAGÜÍ,52427901,ALTO ESTERO (MAGÜÍ - NARIÑO),2023,1,1.231,389.0,60.0,sábado,2023 Jan 14 07:15:00 PM,24.0
52,NARIÑO,52427,MAGÜÍ,52427015,BRISAS DE HAMBURGO (MAGÜÍ - NARIÑO),2023,1,335.0,107.0,60.0,lunes,2023 Jan 30 08:00:00 PM,24.0
52,NARIÑO,52427,MAGÜÍ,52427910,EL ROSARIO,2023,1,68.0,19.0,60.0,domingo,2023 Jan 01 12:00:00 AM,24.0
52,NARIÑO,52427,MAGÜÍ,52427005,GUILPI,2023,1,560.0,293.0,60.0,jueves,2023 Jan 12 07:00:00 PM,24.0
52,NARIÑO,52427,MAGÜÍ,52427013,LA LOMA (MAGÜÍ - NARIÑO),2023,1,214.0,77.0,60.0,jueves,2023 Jan 05 07:45:00 PM,24.0
52,NARIÑO,52490,OLAYA HERRERA,52490913,BOCA DE PRIETA (OLAYA HERRERA - NARIÑO),2023,1,2.697,750.0,60.0,jueves,2023 Jan 26 07:15:00 PM,24.0
52,NARIÑO,52835,SAN ANDRÉS DE TUMACO,52835055,BOCAS DE CURAY (TUMACO - NARIÑO),2023,1,4.078,1.55,60.0,sábado,2023 Jan 07 07:00:00 PM,24.0
52,NARIÑO,52696,SANTA BÁRBARA (ISCUANDÉ),52696014,LA ENSENADA (SANTA BÁRBARA (ISCUANDÉ) - NARIÑO),2023,1,3.243,5.88,60.0,martes,2023 Jan 24 07:00:00 PM,24.0
52,NARIÑO,52696,SANTA BÁRBARA (ISCUANDÉ),52696022,SECADERO (SANTA BÁRBARA (ISCUANDÉ) - NARIÑO),2023,1,3.516,1.23,60.0,domingo,2023 Jan 22 08:15:00 PM,24.0
86,PUTUMAYO,86573,PUERTO LEGUÍZAMO,86573009,PIÑUÑA NEGRO (PUERTO LEGUÍZAMO - PUTUMAYO),2023,1,3.6,1.998,60.0,sábado,2023 Jan 14 05:15:00 PM,24.0
86,PUTUMAYO,86573,PUERTO LEGUÍZAMO,86573000,PUERTO LEGUÍZAMO (PUERTO LEGUÍZAMO - PUTUMAYO),2023,1,918.204,315.113,60.0,viernes,2023 Jan 27 03:00:00 PM,24.0
76,VALLE DEL CAUCA,76109,BUENAVENTURA,76109105,PITAL (BUENAVENTURA - VALLE DEL CAUCA),2023,1,2.285,338.0,60.0,domingo,2023 Jan 08 05:30:00 PM,24.0
76,VALLE DEL CAUCA,76109,BUENAVENTURA,76109028,PUERTO MERIZALDE (BUENAVENTURA - VALLE DEL CAUCA),2023,1,95.242,32.691,60.0,sábado,2023 Jan 28 08:15:00 PM,24.0
76,VALLE DEL CAUCA,76109,BUENAVENTURA,76109081,PUNTA BONITA,2023,1,5.717,5.674,60.0,domingo,2023 Jan 29 08:15:00 PM,24.0
76,VALLE DEL CAUCA,76109,BUENAVENTURA,76109030,PUNTA SOLDADO (BUENAVENTURA - VALLE DEL CAUCA),2023,1,3.171,1.093,60.0,jueves,2023 Jan 12 08:00:00 PM,24.0
76,VALLE DEL CAUCA,76109,BUENAVENTURA,76109032,SAN FRANCISCO NAYA (BUENAVENTURA - VALLE DEL CAUCA),2023,1,6.512,2.72,60.0,miércoles,2023 Jan 18 11:45:00 AM,8.0
97,VAUPÉS,97161,CARURÚ,97161000,CARURÚ (CARURÚ - VAUPÉS),2023,1,7.517,2.252,77.0,martes,2023 Jan 03 06:45:00 PM,24.0
97,VAUPÉS,97001,MITÚ,97001000,MITÚ (MITÚ - VAUPÉS),2023,1,10.326,390.376,60.0,viernes,2023 Jan 27 12:00:00 PM,24.0
97,VAUPÉS,97666,TARAIRA,97666000,TARAIRA (TARAIRA - VAUPÉS),2023,1,30.27,10.067,60.0,sábado,2023 Jan 14 06:45:00 PM,24.0
99,VICHADA,99524,LA PRIMAVERA,99524000,LA PRIMAVERA (LA PRIMAVERA - VICHADA),2023,1,356.138,140.426,60.0,viernes,2023 Jan 20 06:45:00 PM,24.0
99,VICHADA,99001,PUERTO CARREÑO,99001002,CASUARITO (PUERTO CARREÑO - VICHADA),2023,1,34.85,13.41,60.0,jueves,2023 Jan 19 07:00:00 PM,24.0
99,VICHADA,99001,PUERTO CARREÑO,99001000,PUERTO CARREÑO (PUERTO CARREÑO - VICHADA),2023,1,10.326,797.366,60.0,lunes,2023 Jan 16 02:30:00 PM,24.0
99,VICHADA,99624,SANTA ROSALÍA,99624000,SANTA ROSALÍA (SANTA ROSALÍA - VICHADA),2023,1,143.364,71.818,60.0,lunes,2023 Jan 30 07:45:00 PM,24.0
91,AMAZONAS,91001,LETICIA,91001000,LETICIA (LETICIA - AMAZONAS),2023,2,10.326,960.122,60.0,martes,2023 Feb 14 03:45:00 PM,24.0
91,AMAZONAS,91540,PUERTO NARIÑO,91540000,PUERTO NARIÑO (PUERTO NARIÑO - AMAZONAS),2023,2,104.321,36.516,60.0,sábado,2023 Feb 18 07:30:00 PM,24.0
91,AMAZONAS,91798,TARAPACÁ (ANM),91798000,TARAPACÁ (TARAPACÁ (ANM) - AMAZONAS),2023,2,24.754,11.145,60.0,sábado,2023 Feb 11 06:30:00 PM,24.0
5,ANTIOQUIA,5873,VIGÍA DEL FUERTE,5873002,VEGÁEZ (VIGÍA DEL FUERTE - ANTIOQUIA),2023,2,4.704,821.0,60.0,lunes,2023 Feb 13 02:30:00 PM,24.0
88,"ARCHIPIÉLAGO DE SAN ANDRÉS, PROVIDENCIA Y SANTA CATALINA",88564,PROVIDENCIA,88564000,PROVIDENCIA (PROVIDENCIA - ARCHIPIÉLAGO DE SAN ANDRÉS Y PROVIDENCIA),2023,2,987.913,214.623,60.0,lunes,2023 Feb 27 09:30:00 PM,24.0
88,"ARCHIPIÉLAGO DE SAN ANDRÉS, PROVIDENCIA Y SANTA CATALINA",88001,SAN ANDRÉS,88001000,SAN ANDRÉS (SAN ANDRÉS - ARCHIPIÉLAGO DE SAN ANDRÉS Y PROVIDENCIA),2023,2,10.326,8.475,60.0,viernes,2023 Feb 10 03:45:00 PM,24.0
13,BOLÍVAR,13001,CARTAGENA DE INDIAS,13001007,ISLA FUERTE (CARTAGENA DE INDIAS - BOLÍVAR),2023,2,46.35,28.186,60.0,viernes,2023 Feb 17 10:30:00 PM,24.0
13,BOLÍVAR,13001,CARTAGENA DE INDIAS,13001037,ISLA MÚCURA (CARTAGENA DE INDIAS - BOLÍVAR),2023,2,5.151,2.024,60.0,viernes,2023 Feb 10 09:30:00 PM,24.0
13,BOLÍVAR,13001,CARTAGENA DE INDIAS,13001017,SANTA CRUZ DEL ISLOTE (CARTAGENA DE INDIAS - BOLÍVAR),2023,2,7.764,2.349,60.0,jueves,2023 Feb 16 07:45:00 PM,24.0
18,CAQUETÁ,18150,CARTAGENA DEL CHAIRÁ,18150001,REMOLINO DEL CAGUÁN (CARTAGENA DEL CHAIRA - CAQUETÁ),2023,2,18.931,7.358,60.0,sábado,2023 Feb 04 07:15:00 PM,24.0
18,CAQUETÁ,18150,CARTAGENA DEL CHAIRÁ,18150002,SANTA FE DEL CAGUÁN (CARTAGENA DEL CHAIRA - CAQUETÁ),2023,2,3.129,1.511,60.0,sábado,2023 Feb 04 07:00:00 PM,24.0
18,CAQUETÁ,18753,SAN VICENTE DEL CAGUÁN,18753002,GUACAMAYAS (SAN VICENTE DEL CAGUÁN - CAQUETÁ),2023,2,14.153,5.633,60.0,domingo,2023 Feb 12 07:00:00 PM,24.0
18,CAQUETÁ,18753,SAN VICENTE DEL CAGUÁN,18753015,GUAYABAL (SAN VICENTE DEL CAGUÁN - CAQUETÁ),2023,2,4.482,2.181,60.0,domingo,2023 Feb 12 12:45:00 PM,24.0
50,META,50325,MAPIRIPÁN,50325000,MAPIRIPÁN (MAPIRIPÁN - META),2023,2,163.943,62.426,60.0,lunes,2023 Feb 13 06:45:00 PM,24.0
18,CAQUETÁ,18753,SAN VICENTE DEL CAGUÁN,18753009,PUERTO BETANIA (SAN VICENTE DEL CAGUÁN - CAQUETÁ),2023,2,5.518,2.299,60.0,miércoles,2023 Feb 15 07:45:00 PM,24.0
19,CAUCA,19318,GUAPI,19318008,LIMONES (GUAPI - CAUCA),2023,2,7.523,3.597,60.0,domingo,2023 Feb 26 08:00:00 PM,24.0
19,CAUCA,19318,GUAPI,19318013,SAN ANTONIO DE GUAJUÍ (GUAPI - CAUCA),2023,2,11.032,5.802,60.0,miércoles,2023 Feb 01 06:30:00 PM,24.0
19,CAUCA,19418,LÓPEZ DE MICAY,19418011,DOS QUEBRADAS RÍO NAYA (LÓPEZ DE MICAY - CAUCA),2023,2,881.0,292.0,60.0,jueves,2023 Feb 23 07:30:00 PM,24.0
19,CAUCA,19418,LÓPEZ DE MICAY,19418038,ISLA DE GALLO (LÓPEZ DE MICAY - CAUCA),2023,2,2.894,1.428,60.0,sábado,2023 Feb 04 07:00:00 PM,24.0
19,CAUCA,19418,LÓPEZ DE MICAY,19418012,SAN ANTONIO DE CHUARÉ (LÓPEZ DE MICAY - CAUCA),2023,2,5.821,1.768,60.0,sábado,2023 Feb 11 07:00:00 PM,24.0
0,CAUCA,19809,TIMBIQUÍ,19809014,CHACÓN (TIMBIQUÍ - CAUCA),2023,2,3.457,909.0,60.0,lunes,2023 Feb 06 07:00:00 PM,24.0
19,CAUCA,19809,TIMBIQUÍ,19809003,COTEJE (TIMBIQUÍ - CAUCA),2023,2,5.534,3.828,60.0,domingo,2023 Feb 12 07:30:00 PM,24.0
19,CAUCA,19809,TIMBIQUÍ,19809026,LOS BRAZOS (TIMBIQUÍ - CAUCA),2023,2,8.111,3.623,60.0,domingo,2023 Feb 26 07:30:00 PM,24.0
19,CAUCA,19809,TIMBIQUÍ,19809023,PUERTO SAIJA (TIMBIQUÍ - CAUCA),2023,2,0.0,0.0,0.0,miércoles,2023 Feb 01 12:00:00 AM,0.0
19,CAUCA,19809,TIMBIQUÍ,19809009,SANTA ROSA DE SAIJA (TIMBIQUÍ - CAUCA),2023,2,3.11,1.44,60.0,sábado,2023 Feb 25 07:45:00 PM,24.0
27,CHOCÓ,27006,ACANDÍ,27006000,ACANDÍ (ACANDÍ - CHOCÓ),2023,2,606.674,194.174,60.0,jueves,2023 Feb 23 09:30:00 PM,24.0
27,CHOCÓ,27006,ACANDÍ,27006007,SAN FRANCISCO (ACANDÍ - CHOCÓ),2023,2,15.26,5.67,60.0,sábado,2023 Feb 04 07:00:00 PM,6.0
27,CHOCÓ,27025,ALTO BAUDÓ (PIE DE PATO),27025000,CIUDAD BAUDÓ - PIE DE PATO (ALTO BAUDÓ - CHOCÓ),2023,2,48.164,15.826,60.0,martes,2023 Jul 02 07:00:00 PM,24.0
27,CHOCÓ,27075,BAHÍA SOLANO (MUTIS),27075002,EL VALLE (BAHÍA SOLANO - CHOCÓ),2023,2,148.952,57.647,363.0,jueves,2023 Feb 09 07:15:00 PM,24.0
27,CHOCÓ,27077,BAJO BAUDÓ (PIZARRO),27077029,FIRME DE USARGA (BAJO BAUDÓ (PIZARRO) - CHOCÓ),2023,2,986.0,279.0,60.0,jueves,2023 Feb 02 08:00:00 PM,24.0
27,CHOCÓ,27077,BAJO BAUDÓ (PIZARRO),27077026,GUINEAL (BAJO BAUDÓ (PIZARRO) - CHOCÓ),2023,2,5.614,2.507,60.0,sábado,2023 Feb 04 07:30:00 PM,24.0
27,CHOCÓ,27077,BAJO BAUDÓ (PIZARRO),27077011,PILIZA (BAJO BAUDÓ (PIZARRO) - CHOCÓ),2023,2,3.654,2.233,32.0,miércoles,2023 Feb 01 07:15:00 PM,24.0
27,CHOCÓ,27077,BAJO BAUDÓ (PIZARRO),27077000,PIZARRO (BAJO BAUDÓ (PIZARRO) - CHOCÓ),2023,2,185.116,79.7,60.0,martes,2023 Feb 28 08:15:00 PM,24.0
27,CHOCÓ,27077,BAJO BAUDÓ (PIZARRO),27077016,SIVIRU (BAJO BAUDÓ - CHOCÓ),2023,2,6.539,2.563,60.0,domingo,2023 Feb 15 07:15:00 PM,24.0
27,CHOCÓ,27077,BAJO BAUDÓ (PIZARRO),27077916,TERRON (BAJO BAUDÓ - CHOCÓ),2023,2,4.302,2.008,60.0,sábado,2023 Feb 18 07:00:00 PM,8.0
27,CHOCÓ,27099,BOJAYÁ (BELLAVISTA),27099000,BELLAVISTA (BOJAYÁ (BELLAVISTA) - CHOCÓ),2023,2,88.854,26.915,60.0,lunes,2023 Feb 20 07:15:00 PM,24.0
27,CHOCÓ,27099,BOJAYÁ (BELLAVISTA),27099005,NAPIPÍ (BOJAYÁ (BELLAVISTA) - CHOCÓ),2023,2,11.318,5.612,60.0,sábado,2023 Feb 11 07:15:00 PM,24.0
27,CHOCÓ,27099,BOJAYÁ (BELLAVISTA),27099030,PIEDRA CANDELA (BOJAYÁ - CHOCÓ),2023,2,7.573,3.32,60.0,viernes,2023 Feb 03 05:45:00 PM,24.0
27,CHOCÓ,27250,EL LITORAL DEL SAN JUAN,27250002,CUCURRUPÍ (EL LITORAL DEL SAN JUAN - CHOCÓ),2023,2,2.032,663.0,60.0,lunes,2023 Feb 13 06:30:00 PM,24.0
27,CHOCÓ,27250,EL LITORAL DEL SAN JUAN,27250000,SANTA GENOVEVA DE DOCORDÓ (EL LITORAL DEL SAN JUAN - CHOCÓ),2023,2,65.461,37.421,60.0,martes,2023 Feb 28 01:00:00 PM,24.0
27,CHOCÓ,27372,JURADÓ,27372000,JURADÓ (JURADÓ - CHOCÓ),2023,2,158.692,65.712,60.0,jueves,2023 Feb 09 07:45:00 PM,24.0
27,CHOCÓ,27425,MEDIO ATRATO (BETÉ),27425000,BETÉ (MEDIO ATRATO (BETÉ) - CHOCÓ),2023,2,16.021,8.377,64.0,jueves,2023 Feb 02 07:15:00 PM,24.0
27,CHOCÓ,27425,MEDIO ATRATO (BETÉ),27425008,SAN ROQUE (MEDIO ATRATO (BETÉ) - CHOCÓ),2023,2,477.0,198.0,60.0,sábado,2023 Feb 25 07:15:00 PM,24.0
27,CHOCÓ,27450,MEDIO SAN JUAN,27450016,MACEDONIA (MEDIO SAN JUAN - CHOCÓ),2023,2,0.0,0.0,0.0,miércoles,2023 Feb 01 12:00:00 AM,0.0
27,CHOCÓ,27495,NUQUÍ,27495912,COMUNIDAD INDÍGENA DE PANGUÍ - EL YUCAL (NUQUÍ - CHOCÓ),2023,2,626.0,338.0,60.0,viernes,2023 Feb 10 09:15:00 AM,24.0
27,CHOCÓ,27495,NUQUÍ,27495003,JURUBIRA (NUQUÍ - CHOCÓ),2023,2,15.883,7.758,60.0,miércoles,2023 Feb 01 07:15:00 PM,24.0
27,CHOCÓ,27001,QUIBDÓ,27001029,TAGACHI (QUIBDÓ - CHOCÓ),2023,2,8.98,3.268,60.0,domingo,2023 Feb 26 02:00:00 PM,24.0
27,CHOCÓ,27615,RIOSUCIO,27615912,MARCIAL (RIOSUCIO - CHOCÓ),2023,2,0.0,0.0,0.0,miércoles,2023 Feb 01 12:00:00 AM,0.0
27,CHOCÓ,27615,RIOSUCIO,27615930,PEÑAS BLANCAS (RIOSUCIO - CHOCÓ),2023,2,20.0,7.0,60.0,domingo,2023 Feb 26 08:00:00 PM,0.0
27,CHOCÓ,27800,UNGUÍA,27800001,BALBOA (UNGUÍA - CHOCÓ),2023,2,20.033,8.171,60.0,jueves,2023 Feb 23 07:45:00 PM,24.0
27,CHOCÓ,27800,UNGUÍA,27800005,TITUMATE (UNGUÍA - CHOCÓ),2023,2,15.726,3.837,60.0,viernes,2023 Feb 24 08:45:00 PM,24.0
27,CHOCÓ,27800,UNGUÍA,27800000,UNGUÍA (UNGUÍA - CHOCÓ),2023,2,383.819,136.573,60.0,jueves,2023 Feb 09 09:15:00 PM,24.0
94,GUAINÍA,94343,BARRANCOMINAS,94343000,BARRANCOMINAS (BARRANCOMINAS - GUAINÍA),2023,2,59.8,16.912,60.0,miércoles,2023 Feb 15 07:00:00 PM,24.0
95,GUAVIARE,95200,MIRAFLORES,95200000,MIRAFLORES (MIRAFLORES - GUAVIARE),2023,2,75.587,24.768,60.0,viernes,2023 Feb 03 07:00:00 PM,24.0
44,LA GUAJIRA,44847,URIBIA,44847012,NAZARETH (URIBIA - LA GUAJIRA),2023,2,59.448,11.174,60.0,martes,2023 Feb 28 06:45:00 PM,24.0
47,MAGDALENA,47189,CIÉNAGA,47189018,PALMOR (CIÉNAGA - MAGDALENA),2023,2,90.744,33.211,60.0,domingo,2023 Feb 12 06:45:00 PM,24.0
52,NARIÑO,52250,EL CHARCO,52250023,BAZÁN (EL CHARCO - NARIÑO),2023,2,20.734,7.517,60.0,viernes,2023 Feb 10 07:30:00 PM,24.0
52,NARIÑO,52250,EL CHARCO,52250003,BOLÍVAR - SAN PEDRO (EL CHARCO - NARIÑO),2023,2,3.442,2.679,60.0,viernes,2023 Feb 10 07:45:00 PM,24.0
52,NARIÑO,52250,EL CHARCO,52250007,SAN JOSÉ DEL TAPAJE (EL CHARCO - NARIÑO),2023,2,10.59,3.974,56.0,miércoles,2023 Feb 01 07:00:00 PM,24.0
52,NARIÑO,52520,FRANCISCO PIZARRO,52520013,SAN PEDRO DEL VINO (FRANCISCO PIZARRO - NARIÑO),2023,2,1.004,617.0,60.0,domingo,2023 Feb 26 12:15:00 PM,24.0
52,NARIÑO,52390,LA TOLA,52390005,AGUACATAL (LA TOLA - NARIÑO),2023,2,2.089,675.0,60.0,martes,2023 Feb 21 03:45:00 PM,24.0
52,NARIÑO,52390,LA TOLA,52390013,AMÁRALES (LA TOLA - NARIÑO),2023,2,5.973,2.187,60.0,jueves,2023 Feb 23 07:45:00 PM,24.0
52,NARIÑO,52390,LA TOLA,52390009,MULATOS (LA TOLA - NARIÑO),2023,2,4.165,2.33,60.0,viernes,2023 Feb 10 06:45:00 PM,24.0
52,NARIÑO,52427,MAGÜÍ,52427901,ALTO ESTERO (MAGÜÍ - NARIÑO),2023,2,660.0,191.0,60.0,miércoles,2023 Feb 01 07:30:00 PM,24.0
52,NARIÑO,52427,MAGÜÍ,52427015,BRISAS DE HAMBURGO (MAGÜÍ - NARIÑO),2023,2,1.992,660.0,60.0,martes,2023 Feb 28 08:00:00 PM,24.0
52,NARIÑO,52427,MAGÜÍ,52427913,LA ISLA (MAGÜÍ - NARIÑO),2023,2,129.0,62.0,60.0,sábado,2023 Feb 25 08:45:00 PM,78.0
52,NARIÑO,52427,MAGÜÍ,52427013,LA LOMA (MAGÜÍ - NARIÑO),2023,2,575.0,170.0,60.0,martes,2023 Feb 21 07:15:00 PM,24.0
52,NARIÑO,52427,MAGÜÍ,52427915,LAS LAJAS (MAGÜÍ - NARIÑO),2023,2,2.569,774.0,60.0,sábado,2023 Feb 17 07:30:00 PM,24.0
52,NARIÑO,52490,OLAYA HERRERA,52490913,BOCA DE PRIETA (OLAYA HERRERA - NARIÑO),2023,2,2.493,688.0,60.0,martes,2023 Feb 28 07:30:00 PM,24.0
52,NARIÑO,52835,SAN ANDRÉS DE TUMACO,52835055,BOCAS DE CURAY (TUMACO - NARIÑO),2023,2,8.34,3.293,60.0,domingo,2023 Feb 26 11:30:00 AM,24.0
52,NARIÑO,52696,SANTA BÁRBARA (ISCUANDÉ),52696014,LA ENSENADA (SANTA BÁRBARA (ISCUANDÉ) - NARIÑO),2023,2,2.68,4.713,60.0,lunes,2023 Feb 27 07:30:00 PM,24.0
52,NARIÑO,52696,SANTA BÁRBARA (ISCUANDÉ),52696022,SECADERO (SANTA BÁRBARA (ISCUANDÉ) - NARIÑO),2023,2,2.707,1.26,60.0,martes,2023 Feb 21 06:00:00 PM,24.0
86,PUTUMAYO,86573,PUERTO LEGUÍZAMO,86573009,PIÑUÑA NEGRO (PUERTO LEGUÍZAMO - PUTUMAYO),2023,2,2.705,1.54,60.0,sábado,2023 Feb 04 06:00:00 PM,24.0
86,PUTUMAYO,86573,PUERTO LEGUÍZAMO,86573000,PUERTO LEGUÍZAMO (PUERTO LEGUÍZAMO - PUTUMAYO),2023,2,713.026,246.235,60.0,lunes,2023 Feb 27 03:45:00 PM,24.0
76,VALLE DEL CAUCA,76109,BUENAVENTURA,76109069,PAPAYAL 1 (BUENAVENTURA - VALLE DEL CAUCA),2023,2,9.126,354.0,60.0,viernes,2023 Feb 24 07:45:00 PM,24.0
76,VALLE DEL CAUCA,76109,BUENAVENTURA,76109105,PITAL (BUENAVENTURA - VALLE DEL CAUCA),2023,2,4.004,684.0,60.0,domingo,2023 Feb 26 01:15:00 PM,11.0
76,VALLE DEL CAUCA,76109,BUENAVENTURA,76109028,PUERTO MERIZALDE (BUENAVENTURA - VALLE DEL CAUCA),2023,2,95.317,32.134,60.0,jueves,2023 Feb 23 07:45:00 PM,24.0
76,VALLE DEL CAUCA,76109,BUENAVENTURA,76109030,PUNTA SOLDADO (BUENAVENTURA - VALLE DEL CAUCA),2023,2,3.594,1.357,60.0,miércoles,2023 Feb 22 07:45:00 PM,24.0
76,VALLE DEL CAUCA,76109,BUENAVENTURA,76109032,SAN FRANCISCO NAYA (BUENAVENTURA - VALLE DEL CAUCA),2023,2,5.003,2.109,60.0,sábado,2023 Feb 18 11:45:00 AM,24.0
97,VAUPÉS,97161,CARURÚ,97161000,CARURÚ (CARURÚ - VAUPÉS),2023,2,19.177,7.797,60.0,sábado,2023 Feb 25 06:45:00 PM,24.0
97,VAUPÉS,97001,MITÚ,97001000,MITÚ (MITÚ - VAUPÉS),2023,2,10.326,353.503,60.0,viernes,2023 Feb 03 12:00:00 PM,24.0
97,VAUPÉS,97666,TARAIRA,97666000,TARAIRA (TARAIRA - VAUPÉS),2023,2,27.764,8.917,60.0,martes,2023 Feb 28 07:30:00 PM,24.0
99,VICHADA,99773,CUMARIBO,99773000,CUMARIBO (CUMARIBO - VICHADA),2023,2,317.052,129.232,60.0,viernes,2023 Feb 10 03:00:00 PM,24.0
99,VICHADA,99524,LA PRIMAVERA,99524000,LA PRIMAVERA (LA PRIMAVERA - VICHADA),2023,2,341.866,138.649,60.0,lunes,2023 Feb 27 03:30:00 PM,24.0
99,VICHADA,99001,PUERTO CARREÑO,99001002,CASUARITO (PUERTO CARREÑO - VICHADA),2023,2,33.007,12.054,60.0,lunes,2023 Feb 27 01:45:00 PM,24.0
99,VICHADA,99001,PUERTO CARREÑO,99001000,PUERTO CARREÑO (PUERTO CARREÑO - VICHADA),2023,2,10.326,753.201,60.0,martes,2023 Feb 28 01:15:00 PM,24.0
99,VICHADA,99624,SANTA ROSALÍA,99624000,SANTA ROSALÍA (SANTA ROSALÍA - VICHADA),2023,2,96.58,47.0,60.0,martes,2023 Feb 14 08:45:00 PM,24.0
91,AMAZONAS,91001,LETICIA,91001000,LETICIA (LETICIA - AMAZONAS),2023,3,10.326,8.475,60.0,martes,2023 Mar 21 03:15:00 PM,24.0
91,AMAZONAS,91540,PUERTO NARIÑO,91540000,PUERTO NARIÑO (PUERTO NARIÑO - AMAZONAS),2023,3,118.535,41.866,60.0,miércoles,2023 Mar 08 07:15:00 PM,24.0
91,AMAZONAS,91798,TARAPACÁ (ANM),91798000,TARAPACÁ (TARAPACÁ (ANM) - AMAZONAS),2023,3,27.972,12.997,60.0,jueves,2023 Mar 02 07:00:00 PM,24.0
5,ANTIOQUIA,5873,VIGÍA DEL FUERTE,5873002,VEGÁEZ (VIGÍA DEL FUERTE - ANTIOQUIA),2023,3,5.317,1.026,60.0,lunes,2023 Mar 27 07:30:00 PM,24.0
88,"ARCHIPIÉLAGO DE SAN ANDRÉS, PROVIDENCIA Y SANTA CATALINA",88564,PROVIDENCIA,88564000,PROVIDENCIA (PROVIDENCIA - ARCHIPIÉLAGO DE SAN ANDRÉS Y PROVIDENCIA),2023,3,10.326,246.072,60.0,lunes,2023 Mar 13 09:45:00 PM,24.0
13,BOLÍVAR,13001,CARTAGENA DE INDIAS,13001007,ISLA FUERTE (CARTAGENA DE INDIAS - BOLÍVAR),2023,3,62.498,37.175,60.0,domingo,2023 Mar 19 10:30:00 PM,24.0
13,BOLÍVAR,13001,CARTAGENA DE INDIAS,13001037,ISLA MÚCURA (CARTAGENA DE INDIAS - BOLÍVAR),2023,3,6.068,2.414,60.0,jueves,2023 Mar 16 12:45:00 AM,24.0
13,BOLÍVAR,13001,CARTAGENA DE INDIAS,13001017,SANTA CRUZ DEL ISLOTE (CARTAGENA DE INDIAS - BOLÍVAR),2023,3,5.81,1.96,60.0,domingo,2023 Mar 05 08:30:00 PM,24.0
18,CAQUETÁ,18150,CARTAGENA DEL CHAIRÁ,18150001,REMOLINO DEL CAGUÁN (CARTAGENA DEL CHAIRA - CAQUETÁ),2023,3,18.036,6.919,60.0,jueves,2023 Mar 23 07:30:00 PM,24.0
18,CAQUETÁ,18753,SAN VICENTE DEL CAGUÁN,18753002,GUACAMAYAS (SAN VICENTE DEL CAGUÁN - CAQUETÁ),2023,3,14.812,5.782,60.0,viernes,2023 Mar 24 07:00:00 PM,24.0
18,CAQUETÁ,18753,SAN VICENTE DEL CAGUÁN,18753009,PUERTO BETANIA (SAN VICENTE DEL CAGUÁN - CAQUETÁ),2023,3,5.372,2.251,60.0,sábado,2023 Mar 25 08:15:00 PM,24.0
19,CAUCA,19318,GUAPI,19318008,LIMONES (GUAPI - CAUCA),2023,3,8.947,4.328,60.0,martes,2023 Mar 21 04:45:00 PM,24.0
19,CAUCA,19318,GUAPI,19318013,SAN ANTONIO DE GUAJUÍ (GUAPI - CAUCA),2023,3,11.443,5.932,60.0,martes,2023 Mar 28 06:45:00 PM,24.0
19,CAUCA,19418,LÓPEZ DE MICAY,19418011,DOS QUEBRADAS RÍO NAYA (LÓPEZ DE MICAY - CAUCA),2023,3,4.883,1.67,60.0,sábado,2023 Mar 11 08:30:00 PM,24.0
19,CAUCA,19418,LÓPEZ DE MICAY,19418038,ISLA DE GALLO (LÓPEZ DE MICAY - CAUCA),2023,3,4.114,2.027,60.0,viernes,2023 Mar 31 07:30:00 PM,24.0
19,CAUCA,19418,LÓPEZ DE MICAY,19418012,SAN ANTONIO DE CHUARÉ (LÓPEZ DE MICAY - CAUCA),2023,3,6.528,2.003,60.0,jueves,2023 Mar 23 07:45:00 PM,24.0
19,CAUCA,19809,TIMBIQUÍ,19809014,CHACÓN (TIMBIQUÍ - CAUCA),2023,3,4.172,1.189,60.0,jueves,2023 Mar 23 07:15:00 PM,24.0
19,CAUCA,19809,TIMBIQUÍ,19809003,COTEJE (TIMBIQUÍ - CAUCA),2023,3,6.017,4.289,60.0,jueves,2023 Mar 02 07:00:00 PM,24.0
19,CAUCA,19809,TIMBIQUÍ,19809026,LOS BRAZOS (TIMBIQUÍ - CAUCA),2023,3,3.391,1.561,60.0,viernes,2023 Mar 10 07:30:00 PM,24.0
19,CAUCA,19809,TIMBIQUÍ,19809023,PUERTO SAIJA (TIMBIQUÍ - CAUCA),2023,3,5.212,1.884,60.0,jueves,2023 Mar 30 08:30:00 PM,24.0
19,CAUCA,19809,TIMBIQUÍ,19809009,SANTA ROSA DE SAIJA (TIMBIQUÍ - CAUCA),2023,3,3.811,1.892,60.0,domingo,2023 Mar 26 07:00:00 PM,24.0
27,CHOCÓ,27006,ACANDÍ,27006000,ACANDÍ (ACANDÍ - CHOCÓ),2023,3,707.587,224.618,60.0,miércoles,2023 Mar 22 09:00:00 PM,24.0
27,CHOCÓ,27006,ACANDÍ,27006007,SAN FRANCISCO (ACANDÍ - CHOCÓ),2023,3,23.175,8.659,60.0,domingo,2023 Mar 19 07:15:00 PM,24.0
27,CHOCÓ,27025,ALTO BAUDÓ (PIE DE PATO),27025000,CIUDAD BAUDÓ - PIE DE PATO (ALTO BAUDÓ - CHOCÓ),2023,3,52.024,16.65,60.0,sábado,2023 Mar 04 12:00:00 PM,24.0
27,CHOCÓ,27075,BAHÍA SOLANO (MUTIS),27075002,EL VALLE (BAHÍA SOLANO - CHOCÓ),2023,3,170.57,66.573,60.0,lunes,2023 Mar 20 07:15:00 PM,24.0
27,CHOCÓ,27077,BAJO BAUDÓ (PIZARRO),27077029,FIRME DE USARGA (BAJO BAUDÓ (PIZARRO) - CHOCÓ),2023,3,1.039,333.0,60.0,viernes,2023 Mar 31 10:45:00 PM,24.0
27,CHOCÓ,27077,BAJO BAUDÓ (PIZARRO),27077026,GUINEAL (BAJO BAUDÓ (PIZARRO) - CHOCÓ),2023,3,5.926,2.553,60.0,domingo,2023 Mar 12 12:15:00 PM,24.0
27,CHOCÓ,27077,BAJO BAUDÓ (PIZARRO),27077011,PILIZA (BAJO BAUDÓ (PIZARRO) - CHOCÓ),2023,3,4.166,1.935,32.0,domingo,2023 Mar 05 07:00:00 PM,24.0
27,CHOCÓ,27077,BAJO BAUDÓ (PIZARRO),27077000,PIZARRO (BAJO BAUDÓ (PIZARRO) - CHOCÓ),2023,3,213.596,95.092,60.0,miércoles,2023 Mar 01 07:30:00 PM,24.0
27,CHOCÓ,27077,BAJO BAUDÓ (PIZARRO),27077016,SIVIRU (BAJO BAUDÓ - CHOCÓ),2023,3,7.066,2.655,60.0,viernes,2023 Mar 17 06:15:00 PM,24.0
27,CHOCÓ,27077,BAJO BAUDÓ (PIZARRO),27077916,TERRON (BAJO BAUDÓ - CHOCÓ),2023,3,2.345,1.137,60.0,sábado,2023 Mar 04 03:15:00 PM,24.0
27,CHOCÓ,27099,BOJAYÁ (BELLAVISTA),27099000,BELLAVISTA (BOJAYÁ (BELLAVISTA) - CHOCÓ),2023,3,99.574,31.581,60.0,miércoles,2023 Mar 01 12:45:00 PM,24.0
27,CHOCÓ,27099,BOJAYÁ (BELLAVISTA),27099005,NAPIPÍ (BOJAYÁ (BELLAVISTA) - CHOCÓ),2023,3,12.634,6.282,60.0,miércoles,2023 Mar 01 07:30:00 PM,24.0
27,CHOCÓ,27099,BOJAYÁ (BELLAVISTA),27099030,PIEDRA CANDELA (BOJAYÁ - CHOCÓ),2023,3,7.454,3.341,60.0,domingo,2023 Mar 26 11:15:00 PM,24.0
27,CHOCÓ,27250,EL LITORAL DEL SAN JUAN,27250002,CUCURRUPÍ (EL LITORAL DEL SAN JUAN - CHOCÓ),2023,3,2.161,715.0,60.0,martes,2023 Mar 07 06:45:00 PM,24.0
27,CHOCÓ,27250,EL LITORAL DEL SAN JUAN,27250000,SANTA GENOVEVA DE DOCORDÓ (EL LITORAL DEL SAN JUAN - CHOCÓ),2023,3,85.802,45.692,60.0,sábado,2023 Mar 18 09:15:00 AM,24.0
27,CHOCÓ,27372,JURADÓ,27372000,JURADÓ (JURADÓ - CHOCÓ),2023,3,178.818,72.656,60.0,martes,2023 Mar 28 07:15:00 PM,24.0
27,CHOCÓ,27425,MEDIO ATRATO (BETÉ),27425000,BETÉ (MEDIO ATRATO (BETÉ) - CHOCÓ),2023,3,8.896,4.537,68.0,martes,2023 Mar 14 07:30:00 PM,24.0
27,CHOCÓ,27450,MEDIO SAN JUAN,27450016,MACEDONIA (MEDIO SAN JUAN - CHOCÓ),2023,3,0.0,0.0,0.0,miércoles,2023 Mar 01 12:00:00 AM,0.0
27,CHOCÓ,27495,NUQUÍ,27495912,COMUNIDAD INDÍGENA DE PANGUÍ - EL YUCAL (NUQUÍ - CHOCÓ),2023,3,2.891,697.0,60.0,viernes,2023 Mar 10 10:45:00 AM,24.0
27,CHOCÓ,27001,QUIBDÓ,27001029,TAGACHI (QUIBDÓ - CHOCÓ),2023,3,9.585,3.426,60.0,martes,2023 Mar 07 01:30:00 PM,24.0
27,CHOCÓ,27615,RIOSUCIO,27615912,MARCIAL (RIOSUCIO - CHOCÓ),2023,3,190.0,111.0,60.0,lunes,2023 Mar 13 03:15:00 PM,24.0
27,CHOCÓ,27615,RIOSUCIO,27615930,PEÑAS BLANCAS (RIOSUCIO - CHOCÓ),2023,3,19.0,7.0,60.0,viernes,2023 Mar 31 08:15:00 PM,0.0
27,CHOCÓ,27800,UNGUÍA,27800001,BALBOA (UNGUÍA - CHOCÓ),2023,3,21.678,8.654,60.0,domingo,2023 Mar 19 06:45:00 PM,24.0
27,CHOCÓ,27800,UNGUÍA,27800005,TITUMATE (UNGUÍA - CHOCÓ),2023,3,16.786,4.111,60.0,domingo,2023 Mar 26 08:45:00 PM,24.0
27,CHOCÓ,27800,UNGUÍA,27800000,UNGUÍA (UNGUÍA - CHOCÓ),2023,3,417.786,149.595,60.0,jueves,2023 Mar 02 08:00:00 PM,24.0
94,GUAINÍA,94343,BARRANCOMINAS,94343000,BARRANCOMINAS (BARRANCOMINAS - GUAINÍA),2023,3,68.624,18.304,60.0,jueves,2023 Mar 23 06:15:00 PM,24.0
95,GUAVIARE,95200,MIRAFLORES,95200000,MIRAFLORES (MIRAFLORES - GUAVIARE),2023,3,84.855,29.197,60.0,martes,2023 Mar 14 07:15:00 PM,24.0
44,LA GUAJIRA,44847,URIBIA,44847012,NAZARETH (URIBIA - LA GUAJIRA),2023,3,61.337,11.434,60.0,jueves,2023 Mar 23 07:30:00 PM,24.0
47,MAGDALENA,47189,CIÉNAGA,47189018,PALMOR (CIÉNAGA - MAGDALENA),2023,3,96.521,33.853,60.0,sábado,2023 Mar 04 06:45:00 PM,24.0
50,META,50325,MAPIRIPÁN,50325000,MAPIRIPÁN (MAPIRIPÁN - META),2023,3,179.782,69.028,60.0,miércoles,2023 Mar 08 06:30:00 PM,24.0
52,NARIÑO,52250,EL CHARCO,52250023,BAZÁN (EL CHARCO - NARIÑO),2023,3,23.633,9.05,60.0,martes,2023 Mar 14 07:15:00 PM,24.0
52,NARIÑO,52250,EL CHARCO,52250003,BOLÍVAR - SAN PEDRO (EL CHARCO - NARIÑO),2023,3,3.945,2.49,60.0,viernes,2023 Mar 31 05:15:00 PM,24.0
52,NARIÑO,52250,EL CHARCO,52250007,SAN JOSÉ DEL TAPAJE (EL CHARCO - NARIÑO),2023,3,12.684,4.642,64.0,lunes,2023 Mar 06 07:30:00 PM,24.0
52,NARIÑO,52520,FRANCISCO PIZARRO,52520013,SAN PEDRO DEL VINO (FRANCISCO PIZARRO - NARIÑO),2023,3,0.0,0.0,3.0,jueves,2023 Mar 09 07:30:00 PM,0.0
52,NARIÑO,52390,LA TOLA,52390005,AGUACATAL (LA TOLA - NARIÑO),2023,3,2.213,733.0,60.0,viernes,2023 Mar 10 03:15:00 PM,24.0
52,NARIÑO,52390,LA TOLA,52390013,AMÁRALES (LA TOLA - NARIÑO),2023,3,7.359,2.969,60.0,viernes,2023 Mar 17 07:45:00 PM,24.0
52,NARIÑO,52390,LA TOLA,52390009,MULATOS (LA TOLA - NARIÑO),2023,3,5.455,3.019,60.0,jueves,2023 Mar 23 06:45:00 PM,24.0
52,NARIÑO,52427,MAGÜÍ,52427901,ALTO ESTERO (MAGÜÍ - NARIÑO),2023,3,496.0,167.0,60.0,sábado,2023 Mar 04 08:30:00 PM,24.0
52,NARIÑO,52427,MAGÜÍ,52427913,LA ISLA (MAGÜÍ - NARIÑO),2023,3,963.0,479.0,60.0,sábado,2023 Mar 18 10:45:00 PM,24.0
52,NARIÑO,52427,MAGÜÍ,52427013,LA LOMA (MAGÜÍ - NARIÑO),2023,3,775.0,351.0,60.0,lunes,2023 Mar 20 06:45:00 PM,24.0
52,NARIÑO,52427,MAGÜÍ,52427915,LAS LAJAS (MAGÜÍ - NARIÑO),2023,3,2.767,868.0,60.0,jueves,2023 Mar 02 10:15:00 PM,24.0
52,NARIÑO,52490,OLAYA HERRERA,52490913,BOCA DE PRIETA (OLAYA HERRERA - NARIÑO),2023,3,2.378,639.0,60.0,jueves,2023 Mar 09 07:15:00 PM,24.0
52,NARIÑO,52835,SAN ANDRÉS DE TUMACO,52835055,BOCAS DE CURAY (TUMACO - NARIÑO),2023,3,7.546,2.97,60.0,sábado,2023 Mar 25 07:15:00 PM,24.0
52,NARIÑO,52696,SANTA BÁRBARA (ISCUANDÉ),52696014,LA ENSENADA (SANTA BÁRBARA (ISCUANDÉ) - NARIÑO),2023,3,3.237,5.629,60.0,domingo,2023 Mar 05 06:30:00 PM,24.0
52,NARIÑO,52696,SANTA BÁRBARA (ISCUANDÉ),52696022,SECADERO (SANTA BÁRBARA (ISCUANDÉ) - NARIÑO),2023,3,3.097,1.46,60.0,jueves,2023 Mar 23 07:15:00 PM,24.0
86,PUTUMAYO,86573,PUERTO LEGUÍZAMO,86573009,PIÑUÑA NEGRO (PUERTO LEGUÍZAMO - PUTUMAYO),2023,3,3.091,1.766,60.0,sábado,2023 Mar 11 06:00:00 PM,24.0
86,PUTUMAYO,86573,PUERTO LEGUÍZAMO,86573000,PUERTO LEGUÍZAMO (PUERTO LEGUÍZAMO - PUTUMAYO),2023,3,947.979,302.017,60.0,jueves,2023 Mar 23 03:00:00 PM,24.0
76,VALLE DEL CAUCA,76109,BUENAVENTURA,76109069,PAPAYAL 1 (BUENAVENTURA - VALLE DEL CAUCA),2023,3,11.427,350.0,60.0,lunes,2023 Mar 13 10:15:00 PM,24.0
76,VALLE DEL CAUCA,76109,BUENAVENTURA,76109105,PITAL (BUENAVENTURA - VALLE DEL CAUCA),2023,3,2.959,497.0,60.0,domingo,2023 Mar 14 08:15:00 PM,24.0
76,VALLE DEL CAUCA,76109,BUENAVENTURA,76109028,PUERTO MERIZALDE (BUENAVENTURA - VALLE DEL CAUCA),2023,3,106.362,36.271,60.0,martes,2023 Mar 21 07:30:00 PM,24.0
76,VALLE DEL CAUCA,76109,BUENAVENTURA,76109030,PUNTA SOLDADO (BUENAVENTURA - VALLE DEL CAUCA),2023,3,4.979,2.103,60.0,lunes,2023 Mar 13 07:30:00 PM,24.0
76,VALLE DEL CAUCA,76109,BUENAVENTURA,76109032,SAN FRANCISCO NAYA (BUENAVENTURA - VALLE DEL CAUCA),2023,3,6.599,2.84,60.0,martes,2023 Mar 21 07:30:00 PM,24.0
97,VAUPÉS,97161,CARURÚ,97161000,CARURÚ (CARURÚ - VAUPÉS),2023,3,26.624,10.338,60.0,miércoles,2023 Mar 15 07:00:00 PM,24.0
97,VAUPÉS,97001,MITÚ,97001000,MITÚ (MITÚ - VAUPÉS),2023,3,10.326,399.178,60.0,viernes,2023 Mar 24 01:00:00 PM,24.0
97,VAUPÉS,97666,TARAIRA,97666000,TARAIRA (TARAIRA - VAUPÉS),2023,3,33.885,10.226,60.0,jueves,2023 Mar 23 12:30:00 PM,24.0
99,VICHADA,99773,CUMARIBO,99773000,CUMARIBO (CUMARIBO - VICHADA),2023,3,347.049,139.018,60.0,viernes,2023 Mar 24 02:30:00 PM,24.0
99,VICHADA,99524,LA PRIMAVERA,99524000,LA PRIMAVERA (LA PRIMAVERA - VICHADA),2023,3,407.79,162.183,60.0,viernes,2023 Mar 17 06:30:00 PM,24.0
99,VICHADA,99001,PUERTO CARREÑO,99001000,PUERTO CARREÑO (PUERTO CARREÑO - VICHADA),2023,3,10.326,848.32,60.0,jueves,2023 Mar 23 02:30:00 PM,24.0
91,AMAZONAS,91001,LETICIA,91001000,LETICIA (LETICIA - AMAZONAS),2023,4,10.326,8.475,60.0,miércoles,2023 Apr 19 02:30:00 PM,24.0
91,AMAZONAS,91540,PUERTO NARIÑO,91540000,PUERTO NARIÑO (PUERTO NARIÑO - AMAZONAS),2023,4,115.634,41.17,60.0,martes,2023 Apr 18 08:00:00 PM,24.0
91,AMAZONAS,91798,TARAPACÁ (ANM),91798000,TARAPACÁ (TARAPACÁ (ANM) - AMAZONAS),2023,4,27.679,12.805,60.0,viernes,2023 Apr 14 02:30:00 PM,24.0
5,ANTIOQUIA,5873,VIGÍA DEL FUERTE,5873002,VEGÁEZ (VIGÍA DEL FUERTE - ANTIOQUIA),2023,4,4.117,807.0,60.0,sábado,2023 Apr 22 07:00:00 PM,508.0
88,"ARCHIPIÉLAGO DE SAN ANDRÉS, PROVIDENCIA Y SANTA CATALINA",88564,PROVIDENCIA,88564000,PROVIDENCIA (PROVIDENCIA - ARCHIPIÉLAGO DE SAN ANDRÉS Y PROVIDENCIA),2023,4,10.326,251.263,1.954,martes,2023 Apr 18 10:00:00 PM,24.0
95,GUAVIARE,95200,MIRAFLORES,95200000,MIRAFLORES (MIRAFLORES - GUAVIARE),2023,4,80.666,29.742,60.0,martes,2023 Apr 18 06:15:00 PM,24.0
88,"ARCHIPIÉLAGO DE SAN ANDRÉS, PROVIDENCIA Y SANTA CATALINA",88001,SAN ANDRÉS,88001000,SAN ANDRÉS (SAN ANDRÉS - ARCHIPIÉLAGO DE SAN ANDRÉS Y PROVIDENCIA),2023,4,10.326,8.475,60.0,viernes,2023 Apr 28 03:45:00 PM,24.0
13,BOLÍVAR,13001,CARTAGENA DE INDIAS,13001007,ISLA FUERTE (CARTAGENA DE INDIAS - BOLÍVAR),2023,4,65.449,38.614,60.0,jueves,2023 Apr 06 11:45:00 PM,24.0
13,BOLÍVAR,13001,CARTAGENA DE INDIAS,13001037,ISLA MÚCURA (CARTAGENA DE INDIAS - BOLÍVAR),2023,4,4.954,1.982,60.0,viernes,2023 Apr 07 11:15:00 PM,24.0
13,BOLÍVAR,13001,CARTAGENA DE INDIAS,13001017,SANTA CRUZ DEL ISLOTE (CARTAGENA DE INDIAS - BOLÍVAR),2023,4,6.741,2.627,60.0,lunes,2023 Apr 24 10:00:00 PM,24.0
18,CAQUETÁ,18150,CARTAGENA DEL CHAIRÁ,18150001,REMOLINO DEL CAGUÁN (CARTAGENA DEL CHAIRA - CAQUETÁ),2023,4,18.351,6.956,60.0,sábado,2023 Apr 15 07:15:00 PM,24.0
18,CAQUETÁ,18753,SAN VICENTE DEL CAGUÁN,18753002,GUACAMAYAS (SAN VICENTE DEL CAGUÁN - CAQUETÁ),2023,4,13.734,5.352,60.0,martes,2023 Apr 11 07:00:00 PM,24.0
18,CAQUETÁ,18753,SAN VICENTE DEL CAGUÁN,18753009,PUERTO BETANIA (SAN VICENTE DEL CAGUÁN - CAQUETÁ),2023,4,5.177,2.164,45.0,sábado,2023 Apr 15 07:30:00 PM,24.0
19,CAUCA,19318,GUAPI,19318008,LIMONES (GUAPI - CAUCA),2023,4,6.828,3.179,60.0,viernes,2023 Apr 21 06:00:00 PM,24.0
19,CAUCA,19318,GUAPI,19318013,SAN ANTONIO DE GUAJUÍ (GUAPI - CAUCA),2023,4,7.455,3.647,60.0,viernes,2023 Apr 28 07:30:00 PM,24.0
19,CAUCA,19418,LÓPEZ DE MICAY,19418011,DOS QUEBRADAS RÍO NAYA (LÓPEZ DE MICAY - CAUCA),2023,4,4.506,1.661,60.0,domingo,2023 Apr 30 07:00:00 PM,24.0
19,CAUCA,19418,LÓPEZ DE MICAY,19418038,ISLA DE GALLO (LÓPEZ DE MICAY - CAUCA),2023,4,4.223,2.097,60.0,sábado,2023 Apr 29 07:30:00 PM,24.0
19,CAUCA,19418,LÓPEZ DE MICAY,19418012,SAN ANTONIO DE CHUARÉ (LÓPEZ DE MICAY - CAUCA),2023,4,6.039,1.778,60.0,jueves,2023 Apr 20 07:00:00 PM,24.0
19,CAUCA,19809,TIMBIQUÍ,19809014,CHACÓN (TIMBIQUÍ - CAUCA),2023,4,3.8,1.154,60.0,miércoles,2023 Apr 05 07:45:00 PM,24.0
19,CAUCA,19809,TIMBIQUÍ,19809003,COTEJE (TIMBIQUÍ - CAUCA),2023,4,6.705,4.514,60.0,sábado,2023 Apr 15 07:15:00 PM,24.0
19,CAUCA,19809,TIMBIQUÍ,19809026,LOS BRAZOS (TIMBIQUÍ - CAUCA),2023,4,6.201,2.619,60.0,lunes,2023 Apr 10 07:45:00 PM,24.0
19,CAUCA,19809,TIMBIQUÍ,19809023,PUERTO SAIJA (TIMBIQUÍ - CAUCA),2023,4,34.862,12.076,60.0,sábado,2023 Apr 29 07:30:00 PM,24.0
19,CAUCA,19809,TIMBIQUÍ,19809009,SANTA ROSA DE SAIJA (TIMBIQUÍ - CAUCA),2023,4,3.907,2.038,60.0,domingo,2023 Apr 23 07:45:00 PM,24.0
27,CHOCÓ,27006,ACANDÍ,27006000,ACANDÍ (ACANDÍ - CHOCÓ),2023,4,629.767,202.276,60.0,miércoles,2023 Apr 26 09:00:00 PM,24.0
27,CHOCÓ,27006,ACANDÍ,27006007,SAN FRANCISCO (ACANDÍ - CHOCÓ),2023,4,25.371,9.244,60.0,jueves,2023 Apr 06 07:30:00 PM,24.0
27,CHOCÓ,27025,ALTO BAUDÓ (PIE DE PATO),27025000,CIUDAD BAUDÓ - PIE DE PATO (ALTO BAUDÓ - CHOCÓ),2023,4,50.835,15.895,60.0,sábado,2023 Apr 22 12:00:00 PM,24.0
27,CHOCÓ,27075,BAHÍA SOLANO (MUTIS),27075002,EL VALLE (BAHÍA SOLANO - CHOCÓ),2023,4,175.291,65.889,60.0,sábado,2023 Apr 08 07:00:00 PM,24.0
27,CHOCÓ,27077,BAJO BAUDÓ (PIZARRO),27077029,FIRME DE USARGA (BAJO BAUDÓ (PIZARRO) - CHOCÓ),2023,4,597.0,206.0,60.0,miércoles,2023 Apr 05 11:15:00 AM,24.0
27,CHOCÓ,27077,BAJO BAUDÓ (PIZARRO),27077026,GUINEAL (BAJO BAUDÓ (PIZARRO) - CHOCÓ),2023,4,2.833,1.288,60.0,domingo,2023 Apr 16 11:30:00 AM,24.0
27,CHOCÓ,27077,BAJO BAUDÓ (PIZARRO),27077011,PILIZA (BAJO BAUDÓ (PIZARRO) - CHOCÓ),2023,4,2.756,1.837,60.0,sábado,2023 Apr 15 07:30:00 PM,24.0
27,CHOCÓ,27077,BAJO BAUDÓ (PIZARRO),27077000,PIZARRO (BAJO BAUDÓ (PIZARRO) - CHOCÓ),2023,4,221.687,97.807,60.0,lunes,2023 Apr 03 07:00:00 PM,24.0
27,CHOCÓ,27077,BAJO BAUDÓ (PIZARRO),27077916,TERRON (BAJO BAUDÓ - CHOCÓ),2023,4,3.95,1.876,60.0,miércoles,2023 Apr 26 01:15:00 PM,24.0
27,CHOCÓ,27099,BOJAYÁ (BELLAVISTA),27099000,BELLAVISTA (BOJAYÁ (BELLAVISTA) - CHOCÓ),2023,4,100.105,31.137,60.0,lunes,2023 Apr 24 07:00:00 PM,24.0
27,CHOCÓ,27099,BOJAYÁ (BELLAVISTA),27099030,PIEDRA CANDELA (BOJAYÁ - CHOCÓ),2023,4,7.295,3.267,60.0,miércoles,2023 Apr 19 05:00:00 PM,24.0
27,CHOCÓ,27250,EL LITORAL DEL SAN JUAN,27250000,SANTA GENOVEVA DE DOCORDÓ (EL LITORAL DEL SAN JUAN - CHOCÓ),2023,4,85.347,47.372,60.0,martes,2023 Apr 25 12:30:00 PM,24.0
27,CHOCÓ,27372,JURADÓ,27372000,JURADÓ (JURADÓ - CHOCÓ),2023,4,178.615,69.357,60.0,viernes,2023 Apr 21 07:00:00 PM,24.0
27,CHOCÓ,27425,MEDIO ATRATO (BETÉ),27425000,BETÉ (MEDIO ATRATO (BETÉ) - CHOCÓ),2023,4,9.745,4.156,56.0,miércoles,2023 Apr 26 11:45:00 AM,24.0
27,CHOCÓ,27450,MEDIO SAN JUAN,27450016,MACEDONIA (MEDIO SAN JUAN - CHOCÓ),2023,4,0.0,0.0,0.0,sábado,2023 Apr 01 12:00:00 AM,0.0
27,CHOCÓ,27495,NUQUÍ,27495912,COMUNIDAD INDÍGENA DE PANGUÍ - EL YUCAL (NUQUÍ - CHOCÓ),2023,4,2.362,932.0,60.0,domingo,2023 Apr 02 08:30:00 AM,24.0
27,CHOCÓ,27001,QUIBDÓ,27001029,TAGACHI (QUIBDÓ - CHOCÓ),2023,4,6.755,2.435,60.0,domingo,2023 Apr 23 08:15:00 PM,24.0
27,CHOCÓ,27615,RIOSUCIO,27615912,MARCIAL (RIOSUCIO - CHOCÓ),2023,4,122.0,69.0,60.0,jueves,2023 Apr 06 08:45:00 PM,24.0
27,CHOCÓ,27615,RIOSUCIO,27615930,PEÑAS BLANCAS (RIOSUCIO - CHOCÓ),2023,4,114.0,46.0,60.0,martes,2023 Apr 04 07:15:00 PM,24.0
27,CHOCÓ,27800,UNGUÍA,27800001,BALBOA (UNGUÍA - CHOCÓ),2023,4,22.569,8.978,60.0,sábado,2023 Apr 22 07:15:00 PM,24.0
27,CHOCÓ,27800,UNGUÍA,27800005,TITUMATE (UNGUÍA - CHOCÓ),2023,4,16.564,4.076,60.0,viernes,2023 Apr 28 09:30:00 PM,24.0
27,CHOCÓ,27800,UNGUÍA,27800000,UNGUÍA (UNGUÍA - CHOCÓ),2023,4,416.394,147.36,60.0,domingo,2023 Apr 02 07:15:00 PM,24.0
94,GUAINÍA,94343,BARRANCOMINAS,94343000,BARRANCOMINAS (BARRANCOMINAS - GUAINÍA),2023,4,51.123,12.598,60.0,jueves,2023 Apr 13 06:15:00 PM,24.0
44,LA GUAJIRA,44847,URIBIA,44847012,NAZARETH (URIBIA - LA GUAJIRA),2023,4,58.39,10.988,60.0,miércoles,2023 Apr 19 06:45:00 PM,24.0
47,MAGDALENA,47189,CIÉNAGA,47189018,PALMOR (CIÉNAGA - MAGDALENA),2023,4,92.907,32.959,60.0,martes,2023 Apr 25 06:45:00 PM,24.0
50,META,50325,MAPIRIPÁN,50325000,MAPIRIPÁN (MAPIRIPÁN - META),2023,4,162.955,61.12,60.0,miércoles,2023 Apr 19 06:30:00 PM,24.0
52,NARIÑO,52250,EL CHARCO,52250023,BAZÁN (EL CHARCO - NARIÑO),2023,4,18.414,7.06,60.0,sábado,2023 Apr 08 06:30:00 PM,24.0
52,NARIÑO,52250,EL CHARCO,52250003,BOLÍVAR - SAN PEDRO (EL CHARCO - NARIÑO),2023,4,3.37,2.751,60.0,martes,2023 Apr 04 06:15:00 PM,24.0
52,NARIÑO,52250,EL CHARCO,52250007,SAN JOSÉ DEL TAPAJE (EL CHARCO - NARIÑO),2023,4,9.928,3.132,56.0,martes,2023 Apr 04 06:00:00 PM,24.0
52,NARIÑO,52520,FRANCISCO PIZARRO,52520013,SAN PEDRO DEL VINO (FRANCISCO PIZARRO - NARIÑO),2023,4,3.385,2.17,60.0,viernes,2023 Apr 21 07:45:00 PM,6.0
52,NARIÑO,52390,LA TOLA,52390013,AMÁRALES (LA TOLA - NARIÑO),2023,4,6.624,2.615,60.0,martes,2023 Apr 18 07:30:00 PM,24.0
52,NARIÑO,52390,LA TOLA,52390009,MULATOS (LA TOLA - NARIÑO),2023,4,5.26,2.804,60.0,lunes,2023 Apr 17 06:45:00 PM,24.0
52,NARIÑO,52427,MAGÜÍ,52427901,ALTO ESTERO (MAGÜÍ - NARIÑO),2023,4,618.0,176.0,60.0,jueves,2023 Apr 13 07:45:00 PM,24.0
52,NARIÑO,52427,MAGÜÍ,52427013,LA LOMA (MAGÜÍ - NARIÑO),2023,4,791.0,404.0,60.0,jueves,2023 Apr 20 06:30:00 PM,24.0
52,NARIÑO,52490,OLAYA HERRERA,52490913,BOCA DE PRIETA (OLAYA HERRERA - NARIÑO),2023,4,2.82,744.0,60.0,martes,2023 Apr 04 06:15:00 PM,24.0
52,NARIÑO,52835,SAN ANDRÉS DE TUMACO,52835055,BOCAS DE CURAY (TUMACO - NARIÑO),2023,4,5.522,2.177,60.0,sábado,2023 Apr 01 07:00:00 PM,24.0
52,NARIÑO,52696,SANTA BÁRBARA (ISCUANDÉ),52696014,LA ENSENADA (SANTA BÁRBARA (ISCUANDÉ) - NARIÑO),2023,4,3.299,5.747,60.0,miércoles,2023 Apr 05 07:15:00 PM,24.0
52,NARIÑO,52696,SANTA BÁRBARA (ISCUANDÉ),52696022,SECADERO (SANTA BÁRBARA (ISCUANDÉ) - NARIÑO),2023,4,2.694,1.758,60.0,martes,2023 Apr 25 07:00:00 PM,24.0
86,PUTUMAYO,86573,PUERTO LEGUÍZAMO,86573009,PIÑUÑA NEGRO (PUERTO LEGUÍZAMO - PUTUMAYO),2023,4,3.164,1.859,60.0,sábado,2023 Apr 22 06:45:00 PM,24.0
86,PUTUMAYO,86573,PUERTO LEGUÍZAMO,86573000,PUERTO LEGUÍZAMO (PUERTO LEGUÍZAMO - PUTUMAYO),2023,4,696.773,247.54,60.0,lunes,2023 Apr 03 03:15:00 PM,24.0
76,VALLE DEL CAUCA,76109,BUENAVENTURA,76109069,PAPAYAL 1 (BUENAVENTURA - VALLE DEL CAUCA),2023,4,9.219,246.0,60.0,lunes,2023 Apr 10 07:15:00 PM,24.0
76,VALLE DEL CAUCA,76109,BUENAVENTURA,76109105,PITAL (BUENAVENTURA - VALLE DEL CAUCA),2023,4,1.205,147.0,60.0,sábado,2023 Apr 01 06:00:00 PM,4.0
76,VALLE DEL CAUCA,76109,BUENAVENTURA,76109028,PUERTO MERIZALDE (BUENAVENTURA - VALLE DEL CAUCA),2023,4,99.985,35.264,60.0,sábado,2023 Apr 15 07:30:00 PM,24.0
76,VALLE DEL CAUCA,76109,BUENAVENTURA,76109030,PUNTA SOLDADO (BUENAVENTURA - VALLE DEL CAUCA),2023,4,4.269,1.61,60.0,jueves,2023 Apr 06 08:00:00 PM,9.0
76,VALLE DEL CAUCA,76109,BUENAVENTURA,76109032,SAN FRANCISCO NAYA (BUENAVENTURA - VALLE DEL CAUCA),2023,4,6.41,2.725,60.0,miércoles,2023 Apr 05 11:45:00 AM,24.0
97,VAUPÉS,97161,CARURÚ,97161000,CARURÚ (CARURÚ - VAUPÉS),2023,4,16.139,6.413,60.0,sábado,2023 Apr 15 01:00:00 PM,24.0
97,VAUPÉS,97001,MITÚ,97001000,MITÚ (MITÚ - VAUPÉS),2023,4,10.326,371.098,60.0,viernes,2023 Apr 14 12:15:00 PM,24.0
97,VAUPÉS,97666,TARAIRA,97666000,TARAIRA (TARAIRA - VAUPÉS),2023,4,32.641,10.279,60.0,miércoles,2023 Apr 19 06:45:00 PM,24.0
99,VICHADA,99773,CUMARIBO,99773000,CUMARIBO (CUMARIBO - VICHADA),2023,4,314.033,126.9,60.0,jueves,2023 Apr 13 02:30:00 PM,24.0
99,VICHADA,99524,LA PRIMAVERA,99524000,LA PRIMAVERA (LA PRIMAVERA - VICHADA),2023,4,261.782,104.332,60.0,jueves,2023 Apr 13 06:30:00 PM,24.0
99,VICHADA,99001,PUERTO CARREÑO,99001000,PUERTO CARREÑO (PUERTO CARREÑO - VICHADA),2023,4,10.326,810.15,60.0,miércoles,2023 Apr 19 02:15:00 PM,24.0
91,AMAZONAS,91001,LETICIA,91001000,LETICIA (LETICIA - AMAZONAS),2023,5,10.326,8.475,60.0,viernes,2023 May 19 02:45:00 PM,24.0
91,AMAZONAS,91540,PUERTO NARIÑO,91540000,PUERTO NARIÑO (PUERTO NARIÑO - AMAZONAS),2023,5,123.168,42.058,60.0,jueves,2023 May 18 06:30:00 PM,24.0
91,AMAZONAS,91798,TARAPACÁ (ANM),91798000,TARAPACÁ (TARAPACÁ (ANM) - AMAZONAS),2023,5,28.273,12.82,60.0,miércoles,2023 May 03 07:00:00 PM,24.0
5,ANTIOQUIA,5873,VIGÍA DEL FUERTE,5873002,VEGÁEZ (VIGÍA DEL FUERTE - ANTIOQUIA),2023,5,4.558,847.0,60.0,martes,2023 May 16 06:30:00 PM,24.0
88,"ARCHIPIÉLAGO DE SAN ANDRÉS, PROVIDENCIA Y SANTA CATALINA",88564,PROVIDENCIA,88564000,PROVIDENCIA (PROVIDENCIA - ARCHIPIÉLAGO DE SAN ANDRÉS Y PROVIDENCIA),2023,5,10.326,282.553,60.0,martes,2023 May 30 10:15:00 PM,24.0
88,"ARCHIPIÉLAGO DE SAN ANDRÉS, PROVIDENCIA Y SANTA CATALINA",88001,SAN ANDRÉS,88001000,SAN ANDRÉS (SAN ANDRÉS - ARCHIPIÉLAGO DE SAN ANDRÉS Y PROVIDENCIA),2023,5,10.326,8.475,60.0,jueves,2023 May 04 03:45:00 PM,24.0
13,BOLÍVAR,13001,CARTAGENA DE INDIAS,13001007,ISLA FUERTE (CARTAGENA DE INDIAS - BOLÍVAR),2023,5,55.498,33.985,60.0,sábado,2023 May 20 10:15:00 PM,24.0
13,BOLÍVAR,13001,CARTAGENA DE INDIAS,13001037,ISLA MÚCURA (CARTAGENA DE INDIAS - BOLÍVAR),2023,5,5.344,2.244,60.0,miércoles,2023 May 03 04:30:00 AM,24.0
13,BOLÍVAR,13001,CARTAGENA DE INDIAS,13001017,SANTA CRUZ DEL ISLOTE (CARTAGENA DE INDIAS - BOLÍVAR),2023,5,5.241,1.619,60.0,martes,2023 May 30 08:00:00 PM,24.0
18,CAQUETÁ,18150,CARTAGENA DEL CHAIRÁ,18150001,REMOLINO DEL CAGUÁN (CARTAGENA DEL CHAIRA - CAQUETÁ),2023,5,16.93,6.578,60.0,domingo,2023 May 28 07:30:00 PM,24.0
18,CAQUETÁ,18753,SAN VICENTE DEL CAGUÁN,18753002,GUACAMAYAS (SAN VICENTE DEL CAGUÁN - CAQUETÁ),2023,5,9.101,3.425,60.0,viernes,2023 May 19 07:00:00 PM,24.0
18,CAQUETÁ,18753,SAN VICENTE DEL CAGUÁN,18753009,PUERTO BETANIA (SAN VICENTE DEL CAGUÁN - CAQUETÁ),2023,5,975.0,407.0,60.0,lunes,2023 May 01 07:30:00 PM,24.0
19,CAUCA,19318,GUAPI,19318008,LIMONES (GUAPI - CAUCA),2023,5,8.453,4.047,60.0,sábado,2023 May 06 06:00:00 PM,24.0
19,CAUCA,19318,GUAPI,19318013,SAN ANTONIO DE GUAJUÍ (GUAPI - CAUCA),2023,5,11.356,5.947,60.0,martes,2023 May 02 07:15:00 PM,24.0
19,CAUCA,19418,LÓPEZ DE MICAY,19418011,DOS QUEBRADAS RÍO NAYA (LÓPEZ DE MICAY - CAUCA),2023,5,4.252,1.602,60.0,miércoles,2023 May 10 07:00:00 PM,24.0
19,CAUCA,19418,LÓPEZ DE MICAY,19418038,ISLA DE GALLO (LÓPEZ DE MICAY - CAUCA),2023,5,3.856,1.876,60.0,domingo,2023 May 07 07:15:00 PM,24.0
19,CAUCA,19418,LÓPEZ DE MICAY,19418012,SAN ANTONIO DE CHUARÉ (LÓPEZ DE MICAY - CAUCA),2023,5,5.358,1.642,60.0,viernes,2023 May 05 06:30:00 PM,5.0
19,CAUCA,19809,TIMBIQUÍ,19809014,CHACÓN (TIMBIQUÍ - CAUCA),2023,5,4.087,1.602,60.0,viernes,2023 May 05 07:15:00 PM,24.0
19,CAUCA,19809,TIMBIQUÍ,19809003,COTEJE (TIMBIQUÍ - CAUCA),2023,5,6.309,4.28,60.0,miércoles,2023 May 03 07:15:00 PM,24.0
19,CAUCA,19809,TIMBIQUÍ,19809026,LOS BRAZOS (TIMBIQUÍ - CAUCA),2023,5,1.934,787.0,60.0,martes,2023 May 02 07:45:00 PM,24.0
19,CAUCA,19809,TIMBIQUÍ,19809023,PUERTO SAIJA (TIMBIQUÍ - CAUCA),2023,5,37.451,12.559,60.0,sábado,2023 May 06 07:00:00 PM,24.0
19,CAUCA,19809,TIMBIQUÍ,19809009,SANTA ROSA DE SAIJA (TIMBIQUÍ - CAUCA),2023,5,3.843,1.858,60.0,martes,2023 May 09 06:30:00 PM,24.0
27,CHOCÓ,27006,ACANDÍ,27006000,ACANDÍ (ACANDÍ - CHOCÓ),2023,5,619.206,193.736,60.0,sábado,2023 May 06 07:00:00 PM,24.0
27,CHOCÓ,27025,ALTO BAUDÓ (PIE DE PATO),27025000,CIUDAD BAUDÓ - PIE DE PATO (ALTO BAUDÓ - CHOCÓ),2023,5,51.067,16.842,60.0,sábado,2023 May 06 12:15:00 PM,24.0
27,CHOCÓ,27075,BAHÍA SOLANO (MUTIS),27075002,EL VALLE (BAHÍA SOLANO - CHOCÓ),2023,5,175.887,68.496,60.0,sábado,2023 May 06 07:30:00 PM,24.0
27,CHOCÓ,27077,BAJO BAUDÓ (PIZARRO),27077029,FIRME DE USARGA (BAJO BAUDÓ (PIZARRO) - CHOCÓ),2023,5,656.0,200.0,60.0,martes,2023 May 16 06:45:00 PM,24.0
27,CHOCÓ,27077,BAJO BAUDÓ (PIZARRO),27077026,GUINEAL (BAJO BAUDÓ (PIZARRO) - CHOCÓ),2023,5,0.0,0.0,0.0,lunes,2023 May 01 12:00:00 AM,0.0
27,CHOCÓ,27077,BAJO BAUDÓ (PIZARRO),27077011,PILIZA (BAJO BAUDÓ (PIZARRO) - CHOCÓ),2023,5,4.214,1.112,60.0,miércoles,2023 May 03 07:00:00 PM,6.0
27,CHOCÓ,27077,BAJO BAUDÓ (PIZARRO),27077000,PIZARRO (BAJO BAUDÓ (PIZARRO) - CHOCÓ),2023,5,243.435,104.285,60.0,jueves,2023 May 18 07:30:00 PM,24.0
27,CHOCÓ,27077,BAJO BAUDÓ (PIZARRO),27077916,TERRON (BAJO BAUDÓ - CHOCÓ),2023,5,5.11,2.362,60.0,sábado,2023 May 13 12:45:00 PM,24.0
27,CHOCÓ,27099,BOJAYÁ (BELLAVISTA),27099000,BELLAVISTA (BOJAYÁ (BELLAVISTA) - CHOCÓ),2023,5,107.314,33.982,60.0,miércoles,2023 May 31 07:15:00 PM,24.0
27,CHOCÓ,27099,BOJAYÁ (BELLAVISTA),27099030,PIEDRA CANDELA (BOJAYÁ - CHOCÓ),2023,5,7.719,3.338,60.0,jueves,2023 May 04 06:30:00 PM,24.0
27,CHOCÓ,27250,EL LITORAL DEL SAN JUAN,27250000,SANTA GENOVEVA DE DOCORDÓ (EL LITORAL DEL SAN JUAN - CHOCÓ),2023,5,105.526,57.86,60.0,domingo,2023 May 07 12:45:00 PM,24.0
27,CHOCÓ,27372,JURADÓ,27372000,JURADÓ (JURADÓ - CHOCÓ),2023,5,194.481,73.416,60.0,viernes,2023 May 12 07:45:00 PM,24.0
27,CHOCÓ,27425,MEDIO ATRATO (BETÉ),27425000,BETÉ (MEDIO ATRATO (BETÉ) - CHOCÓ),2023,5,15.078,8.968,60.0,viernes,2023 May 26 10:45:00 AM,24.0
27,CHOCÓ,27450,MEDIO SAN JUAN,27450016,MACEDONIA (MEDIO SAN JUAN - CHOCÓ),2023,5,161.0,2.0,60.0,sábado,2023 May 27 05:15:00 PM,24.0
27,CHOCÓ,27495,NUQUÍ,27495912,COMUNIDAD INDÍGENA DE PANGUÍ - EL YUCAL (NUQUÍ - CHOCÓ),2023,5,5.605,1.605,60.0,miércoles,2023 May 10 02:45:00 PM,24.0
27,CHOCÓ,27001,QUIBDÓ,27001029,TAGACHI (QUIBDÓ - CHOCÓ),2023,5,8.589,3.146,60.0,sábado,2023 May 06 01:00:00 PM,24.0
27,CHOCÓ,27800,UNGUÍA,27800001,BALBOA (UNGUÍA - CHOCÓ),2023,5,24.459,9.396,60.0,sábado,2023 May 13 08:00:00 PM,24.0
27,CHOCÓ,27800,UNGUÍA,27800005,TITUMATE (UNGUÍA - CHOCÓ),2023,5,16.549,3.974,60.0,sábado,2023 May 06 09:45:00 PM,24.0
27,CHOCÓ,27800,UNGUÍA,27800000,UNGUÍA (UNGUÍA - CHOCÓ),2023,5,432.888,148.786,60.0,martes,2023 May 09 09:00:00 PM,24.0
94,GUAINÍA,94343,BARRANCOMINAS,94343000,BARRANCOMINAS (BARRANCOMINAS - GUAINÍA),2023,5,67.713,17.17,60.0,lunes,2023 May 08 06:45:00 PM,24.0
95,GUAVIARE,95200,MIRAFLORES,95200000,MIRAFLORES (MIRAFLORES - GUAVIARE),2023,5,84.74,28.08,60.0,lunes,2023 May 08 06:45:00 PM,24.0
44,LA GUAJIRA,44847,URIBIA,44847012,NAZARETH (URIBIA - LA GUAJIRA),2023,5,62.934,12.169,60.0,martes,2023 May 02 07:00:00 PM,24.0
47,MAGDALENA,47189,CIÉNAGA,47189018,PALMOR (CIÉNAGA - MAGDALENA),2023,5,96.268,35.096,60.0,sábado,2023 May 27 11:15:00 AM,24.0
50,META,50325,MAPIRIPÁN,50325000,MAPIRIPÁN (MAPIRIPÁN - META),2023,5,176.312,63.644,60.0,martes,2023 May 30 07:00:00 PM,24.0
52,NARIÑO,52520,FRANCISCO PIZARRO,52520013,SAN PEDRO DEL VINO (FRANCISCO PIZARRO - NARIÑO),2023,5,4.389,2.806,60.0,martes,2023 May 30 07:45:00 PM,24.0
52,NARIÑO,52390,LA TOLA,52390013,AMÁRALES (LA TOLA - NARIÑO),2023,5,7.264,2.496,60.0,miércoles,2023 May 17 07:15:00 PM,24.0
52,NARIÑO,52390,LA TOLA,52390009,MULATOS (LA TOLA - NARIÑO),2023,5,5.574,3.02,60.0,miércoles,2023 May 03 07:00:00 PM,24.0
52,NARIÑO,52427,MAGÜÍ,52427901,ALTO ESTERO (MAGÜÍ - NARIÑO),2023,5,563.0,177.0,60.0,jueves,2023 May 25 07:15:00 PM,24.0
52,NARIÑO,52427,MAGÜÍ,52427013,LA LOMA (MAGÜÍ - NARIÑO),2023,5,529.0,323.0,60.0,miércoles,2023 May 31 06:30:00 PM,24.0
52,NARIÑO,52490,OLAYA HERRERA,52490913,BOCA DE PRIETA (OLAYA HERRERA - NARIÑO),2023,5,2.795,782.0,60.0,martes,2023 May 02 07:00:00 PM,24.0
52,NARIÑO,52835,SAN ANDRÉS DE TUMACO,52835055,BOCAS DE CURAY (TUMACO - NARIÑO),2023,5,9.047,3.5,60.0,miércoles,2023 May 03 06:30:00 PM,24.0
52,NARIÑO,52696,SANTA BÁRBARA (ISCUANDÉ),52696014,LA ENSENADA (SANTA BÁRBARA (ISCUANDÉ) - NARIÑO),2023,5,3.299,5.844,60.0,miércoles,2023 May 03 08:15:00 PM,24.0
52,NARIÑO,52696,SANTA BÁRBARA (ISCUANDÉ),52696022,SECADERO (SANTA BÁRBARA (ISCUANDÉ) - NARIÑO),2023,5,3.046,2.109,60.0,martes,2023 May 30 07:00:00 PM,24.0
86,PUTUMAYO,86573,PUERTO LEGUÍZAMO,86573009,PIÑUÑA NEGRO (PUERTO LEGUÍZAMO - PUTUMAYO),2023,5,3.369,1.846,60.0,lunes,2023 May 01 08:15:00 PM,24.0
86,PUTUMAYO,86573,PUERTO LEGUÍZAMO,86573000,PUERTO LEGUÍZAMO (PUERTO LEGUÍZAMO - PUTUMAYO),2023,5,672.755,244.92,60.0,martes,2023 May 02 06:45:00 PM,24.0
76,VALLE DEL CAUCA,76109,BUENAVENTURA,76109069,PAPAYAL 1 (BUENAVENTURA - VALLE DEL CAUCA),2023,5,11.148,483.0,60.0,sábado,2023 May 27 07:30:00 PM,10.0
76,VALLE DEL CAUCA,76109,BUENAVENTURA,76109105,PITAL (BUENAVENTURA - VALLE DEL CAUCA),2023,5,2.628,354.0,60.0,viernes,2023 May 26 04:15:00 PM,24.0
76,VALLE DEL CAUCA,76109,BUENAVENTURA,76109028,PUERTO MERIZALDE (BUENAVENTURA - VALLE DEL CAUCA),2023,5,100.004,36.029,60.0,lunes,2023 May 08 07:15:00 PM,24.0
76,VALLE DEL CAUCA,76109,BUENAVENTURA,76109032,SAN FRANCISCO NAYA (BUENAVENTURA - VALLE DEL CAUCA),2023,5,6.52,2.793,60.0,sábado,2023 May 13 11:45:00 AM,24.0
97,VAUPÉS,97161,CARURÚ,97161000,CARURÚ (CARURÚ - VAUPÉS),2023,5,25.644,10.473,60.0,domingo,2023 May 28 06:45:00 PM,24.0
97,VAUPÉS,97001,MITÚ,97001000,MITÚ (MITÚ - VAUPÉS),2023,5,10.326,391.07,60.0,miércoles,2023 May 31 12:45:00 PM,24.0
97,VAUPÉS,97666,TARAIRA,97666000,TARAIRA (TARAIRA - VAUPÉS),2023,5,34.853,11.203,60.0,miércoles,2023 May 24 07:00:00 PM,24.0
99,VICHADA,99773,CUMARIBO,99773000,CUMARIBO (CUMARIBO - VICHADA),2023,5,329.337,131.132,60.0,miércoles,2023 May 17 09:00:00 AM,24.0
99,VICHADA,99001,PUERTO CARREÑO,99001000,PUERTO CARREÑO (PUERTO CARREÑO - VICHADA),2023,5,10.326,814.269,60.0,lunes,2023 May 08 02:30:00 PM,24.0
52,NARIÑO,52250,EL CHARCO,52250023,BAZÁN (EL CHARCO - NARIÑO),2023,5,17.484,6.656,60.0,miércoles,2023 May 03 07:30:00 PM,24.0
52,NARIÑO,52250,EL CHARCO,52250007,SAN JOSÉ DEL TAPAJE (EL CHARCO - NARIÑO),2023,5,12.742,4.454,56.0,martes,2023 May 02 06:00:00 PM,24.0
91,AMAZONAS,91001,LETICIA,91001000,LETICIA (LETICIA - AMAZONAS),2023,6,10.326,970.871,60.0,jueves,2023 Jun 22 03:00:00 PM,24.0
91,AMAZONAS,91540,PUERTO NARIÑO,91540000,PUERTO NARIÑO (PUERTO NARIÑO - AMAZONAS),2023,6,112.131,39.279,60.0,jueves,2023 Jun 22 06:45:00 PM,24.0
91,AMAZONAS,91798,TARAPACÁ (ANM),91798000,TARAPACÁ (TARAPACÁ (ANM) - AMAZONAS),2023,6,25.586,11.773,60.0,viernes,2023 Jun 30 02:00:00 PM,24.0
5,ANTIOQUIA,5873,VIGÍA DEL FUERTE,5873002,VEGÁEZ (VIGÍA DEL FUERTE - ANTIOQUIA),2023,6,4.562,657.0,60.0,jueves,2023 Jun 15 04:45:00 PM,24.0
88,"ARCHIPIÉLAGO DE SAN ANDRÉS, PROVIDENCIA Y SANTA CATALINA",88564,PROVIDENCIA,88564000,PROVIDENCIA (PROVIDENCIA - ARCHIPIÉLAGO DE SAN ANDRÉS Y PROVIDENCIA),2023,6,10.326,273.678,60.0,domingo,2023 Jun 11 10:15:00 PM,24.0
88,"ARCHIPIÉLAGO DE SAN ANDRÉS, PROVIDENCIA Y SANTA CATALINA",88001,SAN ANDRÉS,88001000,SAN ANDRÉS (SAN ANDRÉS - ARCHIPIÉLAGO DE SAN ANDRÉS Y PROVIDENCIA),2023,6,10.326,8.475,60.0,lunes,2023 Jun 05 03:30:00 PM,24.0
13,BOLÍVAR,13001,CARTAGENA DE INDIAS,13001007,ISLA FUERTE (CARTAGENA DE INDIAS - BOLÍVAR),2023,6,59.453,34.659,60.0,domingo,2023 Jun 18 08:45:00 PM,24.0
13,BOLÍVAR,13001,CARTAGENA DE INDIAS,13001037,ISLA MÚCURA (CARTAGENA DE INDIAS - BOLÍVAR),2023,6,6.722,2.757,60.0,viernes,2023 Jun 23 11:00:00 PM,24.0
13,BOLÍVAR,13001,CARTAGENA DE INDIAS,13001017,SANTA CRUZ DEL ISLOTE (CARTAGENA DE INDIAS - BOLÍVAR),2023,6,3.644,1.139,60.0,jueves,2023 Jun 29 08:45:00 PM,24.0
18,CAQUETÁ,18150,CARTAGENA DEL CHAIRÁ,18150001,REMOLINO DEL CAGUÁN (CARTAGENA DEL CHAIRA - CAQUETÁ),2023,6,13.008,5.838,60.0,sábado,2023 Jun 10 07:15:00 PM,24.0
18,CAQUETÁ,18753,SAN VICENTE DEL CAGUÁN,18753002,GUACAMAYAS (SAN VICENTE DEL CAGUÁN - CAQUETÁ),2023,6,6.08,2.469,60.0,viernes,2023 Jun 30 07:30:00 PM,24.0
18,CAQUETÁ,18753,SAN VICENTE DEL CAGUÁN,18753009,PUERTO BETANIA (SAN VICENTE DEL CAGUÁN - CAQUETÁ),2023,6,1.092,467.0,60.0,sábado,2023 Jun 03 07:00:00 PM,24.0
19,CAUCA,19318,GUAPI,19318008,LIMONES (GUAPI - CAUCA),2023,6,8.458,4.019,60.0,jueves,2023 Jun 08 07:45:00 PM,24.0
19,CAUCA,19318,GUAPI,19318013,SAN ANTONIO DE GUAJUÍ (GUAPI - CAUCA),2023,6,11.92,6.346,60.0,jueves,2023 Jun 15 07:00:00 PM,24.0
19,CAUCA,19418,LÓPEZ DE MICAY,19418011,DOS QUEBRADAS RÍO NAYA (LÓPEZ DE MICAY - CAUCA),2023,6,3.618,1.334,60.0,lunes,2023 Jun 26 07:15:00 PM,24.0
19,CAUCA,19418,LÓPEZ DE MICAY,19418012,SAN ANTONIO DE CHUARÉ (LÓPEZ DE MICAY - CAUCA),2023,6,4.977,1.481,60.0,sábado,2023 Jun 03 07:00:00 PM,24.0
19,CAUCA,19809,TIMBIQUÍ,19809014,CHACÓN (TIMBIQUÍ - CAUCA),2023,6,3.383,968.0,60.0,viernes,2023 Jun 09 06:30:00 PM,24.0
19,CAUCA,19809,TIMBIQUÍ,19809003,COTEJE (TIMBIQUÍ - CAUCA),2023,6,6.007,4.124,60.0,miércoles,2023 Jun 14 07:00:00 PM,24.0
19,CAUCA,19809,TIMBIQUÍ,19809026,LOS BRAZOS (TIMBIQUÍ - CAUCA),2023,6,3.586,1.625,60.0,domingo,2023 Jun 25 06:45:00 PM,24.0
19,CAUCA,19809,TIMBIQUÍ,19809023,PUERTO SAIJA (TIMBIQUÍ - CAUCA),2023,6,35.079,12.066,60.0,jueves,2023 Jun 15 06:45:00 PM,24.0
19,CAUCA,19809,TIMBIQUÍ,19809009,SANTA ROSA DE SAIJA (TIMBIQUÍ - CAUCA),2023,6,3.223,1.356,60.0,jueves,2023 Jun 01 08:15:00 PM,24.0
27,CHOCÓ,27006,ACANDÍ,27006000,ACANDÍ (ACANDÍ - CHOCÓ),2023,6,650.643,199.516,60.0,sábado,2023 Jun 03 10:00:00 PM,24.0
27,CHOCÓ,27025,ALTO BAUDÓ (PIE DE PATO),27025000,CIUDAD BAUDÓ - PIE DE PATO (ALTO BAUDÓ - CHOCÓ),2023,6,48.391,16.09,60.0,jueves,2023 Jun 01 12:00:00 PM,24.0
27,CHOCÓ,27075,BAHÍA SOLANO (MUTIS),27075000,CIUDAD MUTIS (BAHÍA SOLANO - CHOCÓ),2023,6,708.46,247.384,60.0,miércoles,2023 Jun 07 11:30:00 AM,24.0
27,CHOCÓ,27075,BAHÍA SOLANO (MUTIS),27075001,CUPICA (BAHÍA SOLANO - CHOCÓ),2023,6,50.99,17.052,60.0,miércoles,2023 Jun 07 07:30:00 PM,24.0
27,CHOCÓ,27075,BAHÍA SOLANO (MUTIS),27075002,EL VALLE (BAHÍA SOLANO - CHOCÓ),2023,6,172.661,63.485,60.0,domingo,2023 Jun 11 07:15:00 PM,24.0
27,CHOCÓ,27077,BAJO BAUDÓ (PIZARRO),27077029,FIRME DE USARGA (BAJO BAUDÓ (PIZARRO) - CHOCÓ),2023,6,777.0,408.0,60.0,domingo,2023 Jun 25 07:00:00 PM,24.0
27,CHOCÓ,27077,BAJO BAUDÓ (PIZARRO),27077026,GUINEAL (BAJO BAUDÓ (PIZARRO) - CHOCÓ),2023,6,4.025,1.952,60.0,viernes,2023 Jun 23 12:30:00 PM,24.0
27,CHOCÓ,27077,BAJO BAUDÓ (PIZARRO),27077011,PILIZA (BAJO BAUDÓ (PIZARRO) - CHOCÓ),2023,6,2.946,818.0,60.0,sábado,2023 Jun 03 07:30:00 PM,24.0
27,CHOCÓ,27077,BAJO BAUDÓ (PIZARRO),27077000,PIZARRO (BAJO BAUDÓ (PIZARRO) - CHOCÓ),2023,6,232.561,100.032,60.0,lunes,2023 Jun 05 07:15:00 PM,24.0
27,CHOCÓ,27077,BAJO BAUDÓ (PIZARRO),27077916,TERRON (BAJO BAUDÓ - CHOCÓ),2023,6,2.437,1.231,60.0,jueves,2023 Jun 29 12:30:00 PM,24.0
27,CHOCÓ,27099,BOJAYÁ (BELLAVISTA),27099000,BELLAVISTA (BOJAYÁ (BELLAVISTA) - CHOCÓ),2023,6,100.603,32.072,60.0,miércoles,2023 Jun 07 07:45:00 PM,24.0
27,CHOCÓ,27099,BOJAYÁ (BELLAVISTA),27099030,PIEDRA CANDELA (BOJAYÁ - CHOCÓ),2023,6,7.665,3.468,60.0,miércoles,2023 Jun 21 05:15:00 PM,24.0
27,CHOCÓ,27250,EL LITORAL DEL SAN JUAN,27250000,SANTA GENOVEVA DE DOCORDÓ (EL LITORAL DEL SAN JUAN - CHOCÓ),2023,6,98.353,55.0,60.0,sábado,2023 Jun 24 11:00:00 AM,24.0
27,CHOCÓ,27372,JURADÓ,27372000,JURADÓ (JURAÓ - CHOCÓ),2023,6,177.241,67.301,60.0,martes,2023 Jun 20 07:45:00 PM,24.0
27,CHOCÓ,27425,MEDIO ATRATO (BETÉ),27425000,BETÉ (MEDIO ATRATO (BETÉ) - CHOCÓ),2023,6,15.563,14.736,60.0,jueves,2023 Jun 01 12:15:00 PM,24.0
27,CHOCÓ,27495,NUQUÍ,27495912,COMUNIDAD INDÍGENA DE PANGUÍ - EL YUCAL (NUQUÍ - CHOCÓ),2023,6,5.498,1.65,60.0,jueves,2023 Jun 15 01:15:00 PM,24.0
27,CHOCÓ,27001,QUIBDÓ,27001029,TAGACHI (QUIBDÓ - CHOCÓ),2023,6,7.829,2.983,60.0,domingo,2023 Jun 25 02:00:00 PM,24.0
27,CHOCÓ,27800,UNGUÍA,27800001,BALBOA (UNGUÍA - CHOCÓ),2023,6,24.801,9.439,60.0,domingo,2023 Jun 11 08:00:00 PM,24.0
27,CHOCÓ,27800,UNGUÍA,27800005,TITUMATE (UNGUÍA - CHOCÓ),2023,6,14.213,4.597,60.0,viernes,2023 Jun 30 08:15:00 PM,24.0
27,CHOCÓ,27800,UNGUÍA,27800000,UNGUÍA (UNGUÍA - CHOCÓ),2023,6,444.905,148.542,60.0,sábado,2023 Jun 03 08:30:00 PM,24.0
94,GUAINÍA,94343,BARRANCOMINAS,94343000,BARRANCOMINAS (BARRANCOMINAS - GUAINÍA),2023,6,63.075,15.679,60.0,miércoles,2023 Jun 28 06:30:00 PM,24.0
95,GUAVIARE,95200,MIRAFLORES,95200000,MIRAFLORES (MIRAFLORES - GUAVIARE),2023,6,81.02,28.953,60.0,sábado,2023 Jun 03 06:45:00 PM,24.0
44,LA GUAJIRA,44847,URIBIA,44847012,NAZARETH (URIBIA - LA GUAJIRA),2023,6,53.431,10.543,60.0,jueves,2023 Jun 01 07:45:00 PM,24.0
47,MAGDALENA,47189,CIÉNAGA,47189018,PALMOR (CIÉNAGA - MAGDALENA),2023,6,89.264,31.694,60.0,sábado,2023 Jun 03 07:30:00 PM,24.0
50,META,50325,MAPIRIPÁN,50325000,MAPIRIPÁN (MAPIRIPÁN - META),2023,6,160.25,59.014,60.0,sábado,2023 Jun 03 07:15:00 PM,24.0
52,NARIÑO,52250,EL CHARCO,52250023,BAZÁN (EL CHARCO - NARIÑO),2023,6,23.44,9.203,60.0,lunes,2023 Jun 05 07:00:00 PM,24.0
52,NARIÑO,52250,EL CHARCO,52250007,SAN JOSÉ DEL TAPAJE (EL CHARCO - NARIÑO),2023,6,11.088,3.21,88.0,viernes,2023 Jun 23 07:30:00 PM,24.0
52,NARIÑO,52520,FRANCISCO PIZARRO,52520013,SAN PEDRO DEL VINO (FRANCISCO PIZARRO - NARIÑO),2023,6,4.164,2.375,60.0,miércoles,2023 Jun 21 07:45:00 PM,24.0
52,NARIÑO,52390,LA TOLA,52390013,AMÁRALES (LA TOLA - NARIÑO),2023,6,5.709,1.967,60.0,miércoles,2023 Jun 14 07:30:00 PM,24.0
52,NARIÑO,52390,LA TOLA,52390009,MULATOS (LA TOLA - NARIÑO),2023,6,5.23,2.805,60.0,viernes,2023 Jun 09 06:30:00 PM,24.0
52,NARIÑO,52427,MAGÜÍ,52427901,ALTO ESTERO (MAGÜÍ - NARIÑO),2023,6,534.0,168.0,60.0,viernes,2023 Jun 02 07:15:00 PM,24.0
52,NARIÑO,52427,MAGÜÍ,52427013,LA LOMA (MAGÜÍ - NARIÑO),2023,6,308.0,218.0,60.0,martes,2023 Jun 13 06:15:00 PM,24.0
52,NARIÑO,52490,OLAYA HERRERA,52490913,BOCA DE PRIETA (OLAYA HERRERA - NARIÑO),2023,6,2.371,656.0,60.0,jueves,2023 Jun 22 08:00:00 PM,24.0
52,NARIÑO,52835,SAN ANDRÉS DE TUMACO,52835055,BOCAS DE CURAY (TUMACO - NARIÑO),2023,6,8.423,3.007,60.0,viernes,2023 Jun 02 07:00:00 PM,24.0
52,NARIÑO,52696,SANTA BÁRBARA (ISCUANDÉ),52696014,LA ENSENADA (SANTA BÁRBARA (ISCUANDÉ) - NARIÑO),2023,6,3.33,6.13,60.0,jueves,2023 Jun 29 07:45:00 PM,24.0
52,NARIÑO,52696,SANTA BÁRBARA (ISCUANDÉ),52696022,SECADERO (SANTA BÁRBARA (ISCUANDÉ) - NARIÑO),2023,6,3.218,2.215,60.0,lunes,2023 Jun 05 06:45:00 PM,24.0
86,PUTUMAYO,86573,PUERTO LEGUÍZAMO,86573009,PIÑUÑA NEGRO (PUERTO LEGUÍZAMO - PUTUMAYO),2023,6,2.614,1.39,60.0,sábado,2023 Jun 03 04:45:00 PM,24.0
86,PUTUMAYO,86573,PUERTO LEGUÍZAMO,86573000,PUERTO LEGUÍZAMO (PUERTO LEGUÍZAMO - PUTUMAYO),2023,6,637.269,233.584,60.0,martes,2023 Jun 13 06:45:00 PM,24.0
76,VALLE DEL CAUCA,76109,BUENAVENTURA,76109069,PAPAYAL 1 (BUENAVENTURA - VALLE DEL CAUCA),2023,6,9.619,679.0,60.0,sábado,2023 Jun 03 06:30:00 PM,24.0
76,VALLE DEL CAUCA,76109,BUENAVENTURA,76109028,PUERTO MERIZALDE (BUENAVENTURA - VALLE DEL CAUCA),2023,6,99.946,36.02,60.0,miércoles,2023 Jun 21 07:45:00 PM,24.0
76,VALLE DEL CAUCA,76109,BUENAVENTURA,76109032,SAN FRANCISCO NAYA (BUENAVENTURA - VALLE DEL CAUCA),2023,6,6.449,2.709,60.0,jueves,2023 Jun 08 11:45:00 AM,24.0
97,VAUPÉS,97161,CARURÚ,97161000,CARURÚ (CARURÚ - VAUPÉS),2023,6,23.364,9.927,60.0,viernes,2023 Jun 09 06:30:00 PM,24.0
97,VAUPÉS,97001,MITÚ,97001000,MITÚ (MITÚ - VAUPÉS),2023,6,10.326,361.584,60.0,martes,2023 Jun 13 12:00:00 PM,24.0
97,VAUPÉS,97666,TARAIRA,97666000,TARAIRA (TARAIRA - VAUPÉS),2023,6,31.932,10.264,60.0,miércoles,2023 Jun 28 12:30:00 PM,24.0
99,VICHADA,99773,CUMARIBO,99773000,CUMARIBO (CUMARIBO - VICHADA),2023,6,308.892,124.088,660.0,viernes,2023 Jun 09 02:45:00 PM,24.0
99,VICHADA,99001,PUERTO CARREÑO,99001000,PUERTO CARREÑO (PUERTO CARREÑO - VICHADA),2023,6,10.326,758.457,60.0,jueves,2023 Jun 01 02:15:00 PM,24.0
91,AMAZONAS,91001,LETICIA,91001000,LETICIA (LETICIA - AMAZONAS),2023,7,10.326,8.475,60.0,jueves,2023 Jul 27 03:00:00 PM,24.0
91,AMAZONAS,91798,TARAPACA (ANM),91798000,TARAPACA (TARAPACA (ANM) - AMAZONAS),2023,7,27.746,12.859,60.0,miércoles,2023 Jul 12 07:00:00 PM,24.0
5,ANTIOQUIA,5873,VIGÍA DEL FUERTE,5873002,VEGAEZ (VIGÍA DEL FUERTE - ANTIOQUIA),2023,7,4.947,471.0,60.0,jueves,2023 Jul 20 07:30:00 PM,24.0
88,ARCHIPIÉLAGO DE SAN ANDRÉS y PROVIDENCIA,88564,PROVIDENCIA,88564000,PROVIDENCIA (PROVIDENCIA - ARCHIPIÉLAGO DE SAN ANDRÉS y PROVIDENCIA ),2023,7,10.326,282.664,60.0,miércoles,2023 Jul 12 10:00:00 PM,24.0
88,ARCHIPIÉLAGO DE SAN ANDRÉS y PROVIDENCIA,88001,SAN ANDRÉS,88001000,SAN ANDRÉS (SAN ANDRÉS - ARCHIPIÉLAGO DE SAN ANDRÉS y PROVIDENCIA ),2023,7,10.326,8.475,60.0,viernes,2023 Jul 21 03:30:00 PM,24.0
13,BOLÍVAR,13001,CARTAGENA DE INDIAS,13001007,ISLA FUERTE (CARTAGENA DE INDIAS - BOLÍVAR),2023,7,35.668,20.472,60.0,sábado,2023 Jul 01 08:00:00 PM,24.0
13,BOLÍVAR,13001,CARTAGENA DE INDIAS,13001037,ISLA MUCURA (CARTAGENA DE INDIAS - BOLÍVAR),2023,7,7.284,2.921,60.0,miércoles,2023 Jul 05 10:30:00 PM,24.0
13,BOLÍVAR,13001,CARTAGENA DE INDIAS,13001017,SANTA CRUZ DEL ISLOTE (CARTAGENA DE INDIAS - BOLÍVAR),2023,7,5.536,1.715,60.0,martes,2023 Jul 11 09:15:00 PM,24.0
18,CAQUETÁ,18150,CARTAGENA DEL CHAIRA,18150001,REMOLINO DEL CAGUAN (CARTAGENA DEL CHAIRA - CAQUETÁ),2023,7,19.378,8.83,60.0,sábado,2023 Jul 29 07:00:00 PM,24.0
18,CAQUETÁ,18753,SAN VICENTE DEL CAGUÁN,18753002,GUACAMAYAS (SAN VICENTE DEL CAGUÁN - CAQUETÁ),2023,7,12.425,4.632,60.0,sábado,2023 Jul 22 07:00:00 PM,24.0
18,CAQUETÁ,18753,SAN VICENTE DEL CAGUÁN,18753009,PUERTO BETANIA (SAN VICENTE DEL CAGUÁN - CAQUETÁ),2023,7,4.384,1.842,60.0,viernes,2023 Jul 07 07:30:00 PM,6.0
19,CAUCA,19318,GUAPI,19318008,LIMONES (GUAPI - CAUCA),2023,7,8.512,4.005,60.0,miércoles,2023 Jul 05 06:15:00 PM,24.0
19,CAUCA,19418,LÓPEZ DE MICAY,19418012,SAN ANTONIO DE CHUARE (LÓPEZ DE MICAY - CAUCA),2023,7,5.872,1.823,60.0,sábado,2023 Jul 01 07:00:00 PM,24.0
19,CAUCA,19809,TIMBIQUÍ,19809014,CHACON (TIMBIQUÍ - CAUCA),2023,7,3.544,1.015,60.0,domingo,2023 Jul 30 07:45:00 PM,24.0
19,CAUCA,19809,TIMBIQUÍ,19809003,COTEJE (TIMBIQUÍ - CAUCA),2023,7,5.691,3.826,60.0,lunes,2023 Jul 24 07:30:00 PM,24.0
19,CAUCA,19809,TIMBIQUÍ,19809023,PUERTO SAIJA (TIMBIQUÍ - CAUCA),2023,7,29.833,10.248,60.0,miércoles,2023 Jul 19 07:30:00 PM,24.0
19,CAUCA,19809,TIMBIQUÍ,19809009,SANTA ROSA DE SAIJA (TIMBIQUÍ - CAUCA),2023,7,3.236,1.284,60.0,domingo,2023 Jul 23 07:30:00 PM,24.0
27,CHOCÓ,27006,ACANDÍ,27006000,ACANDÍ (ACANDÍ - CHOCÓ),2023,7,675.713,203.724,60.0,viernes,2023 Jul 07 08:45:00 PM,18.0
27,CHOCÓ,27025,ALTO BAUDO,27025000,CIUDAD BAUDO - PIE DE PATO (ALTO BAUDO - CHOCÓ),2023,7,53.237,17.732,60.0,jueves,2023 Jul 20 11:45:00 AM,24.0
27,CHOCÓ,27075,BAHÍA SOLANO,27075000,CIUDAD MUTIS (BAHÍA SOLANO - CHOCÓ),2023,7,613.079,235.459,60.0,miércoles,2023 Jul 26 11:45:00 AM,24.0
27,CHOCÓ,27075,BAHÍA SOLANO,27075001,CUPICA (BAHÍA SOLANO - CHOCÓ),2023,7,55.273,18.455,60.0,miércoles,2023 Jul 19 08:15:00 PM,24.0
27,CHOCÓ,27075,BAHÍA SOLANO,27075002,EL VALLE (BAHÍA SOLANO - CHOCÓ),2023,7,192.736,71.761,60.0,viernes,2023 Jul 21 07:30:00 PM,24.0
27,CHOCÓ,27077,BAJO BAUDÓ,27077029,FIRME DE USARGA (BAJO BAUDÓ - CHOCÓ),2023,7,755.0,836.0,60.0,lunes,2023 Jul 31 07:00:00 PM,24.0
27,CHOCÓ,27077,BAJO BAUDÓ,27077026,GUINEAL (BAJO BAUDÓ - CHOCÓ),2023,7,5.747,2.493,60.0,martes,2023 Jul 18 07:00:00 PM,24.0
27,CHOCÓ,27077,BAJO BAUDÓ,27077000,PIZARRO (BAJO BAUDÓ - CHOCÓ),2023,7,245.3,98.778,60.0,martes,2023 Jul 18 07:45:00 PM,24.0
27,CHOCÓ,27077,BAJO BAUDÓ,27077916,TERRON (BAJO BAUDÓ - CHOCÓ),2023,7,4.613,2.208,60.0,miércoles,2023 Jul 19 12:45:00 PM,24.0
27,CHOCÓ,27099,BOJAYÁ,27099000,BELLAVISTA (BOJAYÁ - CHOCÓ),2023,7,101.093,31.203,60.0,sábado,2023 Jul 08 08:15:00 PM,24.0
27,CHOCÓ,27099,BOJAYÁ,27099030,PIEDRA CANDELA (BOJAYÁ - CHOCÓ),2023,7,7.434,3.293,60.0,sábado,2023 Jul 29 03:30:00 PM,24.0
27,CHOCÓ,27250,EL LITORAL DEL SAN JUAN,27250000,SANTA GENOVEVA DE DOCORDO (EL LITORAL DEL SAN JUAN - CHOCÓ),2023,7,103.973,56.702,60.0,jueves,2023 Jul 20 12:45:00 PM,24.0
27,CHOCÓ,27372,JURADO,27372000,JURADO (JURADO - CHOCÓ),2023,7,184.813,68.165,60.0,jueves,2023 Jul 20 07:30:00 PM,23.0
27,CHOCÓ,27425,MEDIO ATRATO,27425000,BETE (MEDIO ATRATO - CHOCÓ),2023,7,10.645,8.936,56.0,jueves,2023 Jul 06 11:30:00 AM,24.0
27,CHOCÓ,27800,UNGUÍA,27800001,BALBOA (UNGUÍA - CHOCÓ),2023,7,26.211,9.835,60.0,domingo,2023 Jul 30 08:30:00 PM,24.0
27,CHOCÓ,27800,UNGUÍA,27800005,TITUMATE (UNGUÍA - CHOCÓ),2023,7,15.421,7.302,60.0,sábado,2023 Jul 29 07:45:00 PM,24.0
27,CHOCÓ,27800,UNGUÍA,27800000,UNGUÍA (UNGUÍA - CHOCÓ),2023,7,459.939,155.189,60.0,lunes,2023 Jul 10 08:00:00 PM,24.0
94,GUAINÍA,94343,BARRANCO MINAS,94343000,BARRANCO MINAS (BARRANCO MINAS - GUAINÍA),2023,7,60.935,14.074,60.0,miércoles,2023 Jul 05 06:30:00 PM,24.0
95,GUAVIARE,95200,MIRAFLORES,95200000,MIRAFLORES (MIRAFLORES - GUAVIARE),2023,7,83.462,27.375,60.0,jueves,2023 Jul 06 06:45:00 PM,24.0
44,LA GUAJIRA,44847,URIBIA,44847012,NAZARETH (URIBIA - LA GUAJIRA),2023,7,58.349,11.007,60.0,miércoles,2023 Jul 12 06:45:00 PM,24.0
47,MAGDALENA,47189,CIÉNAGA,47189018,PALMOR (CIÉNAGA - MAGDALENA),2023,7,98.207,35.278,60.0,viernes,2023 Jul 14 07:00:00 PM,24.0
50,META,50325,MAPIRIPAN,50325000,MAPIRIPAN (MAPIRIPAN - META),2023,7,166.023,60.755,60.0,miércoles,2023 Jul 26 06:45:00 PM,24.0
52,NARIÑO,52250,EL CHARCO,52250023,BAZAN (EL CHARCO - NARIÑO),2023,7,17.741,6.878,60.0,martes,2023 Jul 18 07:15:00 PM,24.0
52,NARIÑO,52250,EL CHARCO,52250007,SAN JOSE DEL TAPAJE (EL CHARCO - NARIÑO),2023,7,12.99,3.724,80.0,sábado,2023 Jul 01 06:45:00 PM,24.0
52,NARIÑO,52520,FRANCISCO PIZARRO,52520013,SAN PEDRO DEL VINO (FRANCISCO PIZARRO - NARIÑO),2023,7,4.071,2.175,60.0,martes,2023 Jul 25 06:30:00 PM,24.0
52,NARIÑO,52390,LA TOLA,52390013,AMARALES (LA TOLA - NARIÑO),2023,7,7.193,2.262,60.0,martes,2023 Jul 18 08:00:00 PM,24.0
52,NARIÑO,52427,MAGÜI,52427901,ALTO ESTERO (MAGÜI - NARIÑO),2023,7,421.0,132.0,60.0,domingo,2023 Jul 30 07:15:00 PM,24.0
52,NARIÑO,52427,MAGÜI,52427013,LA LOMA (MAGÜI - NARIÑO),2023,7,339.0,235.0,60.0,domingo,2023 Jul 30 07:30:00 PM,24.0
52,NARIÑO,52490,OLAYA HERRERA,52490913,BOCA DE PRIETA (OLAYA HERRERA - NARIÑO),2023,7,2.347,657.0,60.0,miércoles,2023 Jul 26 08:00:00 PM,24.0
52,NARIÑO,52835,SAN ANDRÉS DE TUMACO,52835055,BOCAS DE CURAY (SAN ANDRÉS DE TUMACO - NARIÑO),2023,7,8.814,3.287,60.0,domingo,2023 Jul 23 12:00:00 PM,24.0
52,NARIÑO,52696,SANTA BÁRBARA,52696014,LA ENSENADA (SANTA BÁRBARA - NARIÑO),2023,7,3.485,6.323,60.0,jueves,2023 Jul 20 07:30:00 PM,24.0
52,NARIÑO,52696,SANTA BÁRBARA,52696022,SECADERO (SANTA BÁRBARA - NARIÑO),2023,7,2.602,1.828,60.0,domingo,2023 Jul 23 07:45:00 PM,24.0
86,PUTUMAYO,86573,PUERTO LEGUIZAMO,86573000,PUERTO LEGUIZAMO (PUERTO LEGUIZAMO - PUTUMAYO),2023,7,671.713,244.357,60.0,miércoles,2023 Jul 26 07:00:00 PM,24.0
76,VALLE DEL CAUCA,76109,BUENAVENTURA,76109069,PAPAYAL 1 (BUENAVENTURA - VALLE DEL CAUCA),2023,7,8.31,580.0,60.0,viernes,2023 Jul 28 06:45:00 PM,24.0
76,VALLE DEL CAUCA,76109,BUENAVENTURA,76109028,PUERTO MERIZALDE (BUENAVENTURA - VALLE DEL CAUCA),2023,7,88.095,32.072,60.0,jueves,2023 Jul 06 03:30:00 PM,24.0
76,VALLE DEL CAUCA,76109,BUENAVENTURA,76109032,SAN FRANCISCO NAYA (BUENAVENTURA - VALLE DEL CAUCA),2023,7,6.483,2.842,60.0,sábado,2023 Jul 01 11:45:00 AM,24.0
97,VAUPÉS,97161,CARURÚ,97161000,CARURÚ (CARURÚ - VAUPÉS),2023,7,25.299,10.383,60.0,miércoles,2023 Jul 19 07:00:00 PM,24.0
97,VAUPÉS,97001,MITÚ,97001000,MITÚ (MITÚ - VAUPÉS),2023,7,10.326,373.817,60.0,miércoles,2023 Jul 05 11:45:00 AM,24.0
97,VAUPÉS,97666,TARAIRA,97666000,TARAIRA (TARAIRA - VAUPÉS),2023,7,33.997,10.861,60.0,miércoles,2023 Jul 26 12:30:00 PM,24.0
99,VICHADA,99773,CUMARIBO,99773000,CUMARIBO (CUMARIBO - VICHADA),2023,7,317.822,129.634,60.0,jueves,2023 Jul 13 02:15:00 PM,24.0
99,VICHADA,99001,PUERTO CARREÑO,99001000,PUERTO CARREÑO (PUERTO CARREÑO - VICHADA),2023,7,10.326,762.278,60.0,jueves,2023 Jul 06 02:15:00 PM,24.0
52,NARIÑO,52390,LA TOLA,52390009,MULATOS (LA TOLA - NARIÑO),2023,7,5.866,189.0,60.0,viernes,2023 Jul 14 08:30:00 PM,24.0
91,AMAZONAS,91798,TARAPACÁ (ANM),91798000,TARAPACÁ (TARAPACÁ (ANM) - AMAZONAS),2023,8,30.314,13.613,60.0,sábado,2023 Aug 26 02:15:00 PM,24.0
5,ANTIOQUIA,5873,VIGÍA DEL FUERTE,5873002,VEGÁEZ (VIGÍA DEL FUERTE - ANTIOQUIA),2023,8,5.313,735.0,60.0,sábado,2023 Aug 12 07:00:00 PM,24.0
91,AMAZONAS,91001,LETICIA,91001000,LETICIA (LETICIA - AMAZONAS),2023,8,10.326,8.475,60.0,martes,2023 Aug 22 02:45:00 PM,24.0
88,"ARCHIPIÉLAGO DE SAN ANDRÉS, PROVIDENCIA Y SANTA CATALINA",88564,PROVIDENCIA,88564000,PROVIDENCIA (PROVIDENCIA - ARCHIPIÉLAGO DE SAN ANDRÉS Y PROVIDENCIA),2023,8,10.326,269.878,60.0,jueves,2023 Aug 31 02:30:00 PM,24.0
88,"ARCHIPIÉLAGO DE SAN ANDRÉS, PROVIDENCIA Y SANTA CATALINA",88001,SAN ANDRÉS,88001000,SAN ANDRÉS (SAN ANDRÉS - ARCHIPIÉLAGO DE SAN ANDRÉS Y PROVIDENCIA),2023,8,10.326,8.475,60.0,miércoles,2023 Aug 30 03:30:00 PM,24.0
13,BOLÍVAR,13001,CARTAGENA DE INDIAS,13001007,ISLA FUERTE (CARTAGENA DE INDIAS - BOLÍVAR),2023,8,59.332,34.624,60.0,sábado,2023 Aug 05 10:15:00 PM,12.0
13,BOLÍVAR,13001,CARTAGENA DE INDIAS,13001037,ISLA MÚCURA (CARTAGENA DE INDIAS - BOLÍVAR),2023,8,7.212,2.912,60.0,sábado,2023 Aug 19 11:30:00 PM,24.0
13,BOLÍVAR,13001,CARTAGENA DE INDIAS,13001017,SANTA CRUZ DEL ISLOTE (CARTAGENA DE INDIAS - BOLÍVAR),2023,8,5.284,1.708,60.0,jueves,2023 Aug 10 08:30:00 PM,24.0
18,CAQUETÁ,18150,CARTAGENA DEL CHAIRÁ,18150001,REMOLINO DEL CAGUÁN (CARTAGENA DEL CHAIRA - CAQUETÁ),2023,8,19.409,8.63,60.0,sábado,2023 Aug 26 07:00:00 PM,24.0
18,CAQUETÁ,18753,SAN VICENTE DEL CAGUÁN,18753002,GUACAMAYAS (SAN VICENTE DEL CAGUÁN - CAQUETÁ),2023,8,13.259,5.056,60.0,miércoles,2023 Aug 09 07:15:00 PM,24.0
18,CAQUETÁ,18753,SAN VICENTE DEL CAGUÁN,18753009,PUERTO BETANIA (SAN VICENTE DEL CAGUÁN - CAQUETÁ),2023,8,4.927,2.037,60.0,miércoles,2023 Aug 16 08:15:00 PM,24.0
19,CAUCA,19318,GUAPI,19318008,LIMONES (GUAPI - CAUCA),2023,8,8.101,3.921,60.0,domingo,2023 Aug 20 07:00:00 PM,24.0
19,CAUCA,19318,GUAPI,19318013,SAN ANTONIO DE GUAJUÍ (GUAPI - CAUCA),2023,8,11.007,6.047,60.0,miércoles,2023 Aug 02 07:30:00 PM,24.0
19,CAUCA,19418,LÓPEZ DE MICAY,19418033,BOCA GRANDE (LÓPEZ (MICAY) - CAUCA),2023,8,4.015,732.0,60.0,martes,2023 Aug 15 07:00:00 PM,5.0
19,CAUCA,19418,LÓPEZ DE MICAY,19418038,ISLA DE GALLO (LÓPEZ DE MICAY - CAUCA),2023,8,4.899,2.448,60.0,sábado,2023 Aug 05 08:15:00 PM,24.0
19,CAUCA,19418,LÓPEZ DE MICAY,19418009,NOANAMITO (LÓPEZ DE MICAY - CAUCA),2023,8,7.844,2.996,36.0,domingo,2023 Aug 06 07:30:00 PM,24.0
19,CAUCA,19418,LÓPEZ DE MICAY,19418011,DOS QUEBRADAS RÍO NAYA (LÓPEZ DE MICAY - CAUCA),2023,8,2.404,986.0,60.0,miércoles,2023 Aug 30 07:30:00 PM,24.0
19,CAUCA,19418,LÓPEZ DE MICAY,19418012,SAN ANTONIO DE CHUARÉ (LÓPEZ DE MICAY - CAUCA),2023,8,4.772,1.371,60.0,sábado,2023 Aug 05 07:15:00 PM,24.0
19,CAUCA,19418,LÓPEZ DE MICAY,19418015,SAN ISIDRO (LÓPEZ DE MICAY - CAUCA),2023,8,1.063,581.0,60.0,domingo,2023 Aug 06 07:45:00 PM,24.0
19,CAUCA,19809,TIMBIQUÍ,19809014,CHACÓN (TIMBIQUÍ - CAUCA),2023,8,3.707,1.081,60.0,miércoles,2023 Aug 09 07:00:00 PM,24.0
19,CAUCA,19809,TIMBIQUÍ,19809003,COTEJE (TIMBIQUÍ - CAUCA),2023,8,6.201,4.364,60.0,jueves,2023 Aug 10 07:15:00 PM,24.0
19,CAUCA,19809,TIMBIQUÍ,19809023,PUERTO SAIJA (TIMBIQUÍ - CAUCA),2023,8,38.598,13.508,60.0,miércoles,2023 Aug 30 07:45:00 PM,24.0
19,CAUCA,19809,TIMBIQUÍ,19809009,SANTA ROSA DE SAIJA (TIMBIQUÍ - CAUCA),2023,8,3.266,1.302,60.0,lunes,2023 Aug 28 07:30:00 PM,24.0
27,CHOCÓ,27006,ACANDÍ,27006000,ACANDÍ (ACANDÍ - CHOCÓ),2023,8,624.583,193.963,60.0,viernes,2023 Aug 04 10:00:00 PM,24.0
27,CHOCÓ,27025,ALTO BAUDÓ (PIE DE PATO),27025000,CIUDAD BAUDÓ - PIE DE PATO (ALTO BAUDÓ - CHOCÓ),2023,8,53.179,17.886,60.0,miércoles,2023 Aug 30 11:45:00 AM,24.0
27,CHOCÓ,27075,BAHÍA SOLANO (MUTIS),27075000,CIUDAD MUTIS (BAHÍA SOLANO - CHOCÓ),2023,8,122.195,50.665,60.0,miércoles,2023 Aug 02 12:15:00 PM,24.0
27,CHOCÓ,27075,BAHÍA SOLANO (MUTIS),27075001,CUPICA (BAHÍA SOLANO - CHOCÓ),2023,8,56.339,17.183,60.0,lunes,2023 Aug 14 08:00:00 PM,24.0
27,CHOCÓ,27075,BAHÍA SOLANO (MUTIS),27075002,EL VALLE (BAHÍA SOLANO - CHOCÓ),2023,8,190.369,70.576,60.0,miércoles,2023 Aug 30 07:15:00 PM,24.0
27,CHOCÓ,27077,BAJO BAUDÓ (PIZARRO),27077029,FIRME DE USARGA (BAJO BAUDÓ (PIZARRO) - CHOCÓ),2023,8,378.0,246.0,60.0,domingo,2023 Aug 06 07:30:00 PM,24.0
27,CHOCÓ,27077,BAJO BAUDÓ (PIZARRO),27077026,GUINEAL (BAJO BAUDÓ (PIZARRO) - CHOCÓ),2023,8,5.965,5.912,60.0,domingo,2023 Aug 13 11:45:00 AM,24.0
27,CHOCÓ,27077,BAJO BAUDÓ (PIZARRO),27077000,PIZARRO (BAJO BAUDÓ (PIZARRO) - CHOCÓ),2023,8,251.425,97.889,60.0,miércoles,2023 Aug 02 07:30:00 PM,24.0
27,CHOCÓ,27077,BAJO BAUDÓ (PIZARRO),27077916,TERRON (BAJO BAUDÓ - CHOCÓ),2023,8,5.211,2.581,60.0,miércoles,2023 Aug 02 12:45:00 PM,24.0
27,CHOCÓ,27099,BOJAYÁ (BELLAVISTA),27099000,BELLAVISTA (BOJAYÁ (BELLAVISTA) - CHOCÓ),2023,8,101.643,30.691,60.0,viernes,2023 Aug 04 08:15:00 PM,24.0
27,CHOCÓ,27099,BOJAYÁ (BELLAVISTA),27099030,PIEDRA CANDELA (BOJAYÁ - CHOCÓ),2023,8,7.787,3.445,60.0,martes,2023 Aug 29 04:00:00 PM,24.0
27,CHOCÓ,27250,EL LITORAL DEL SAN JUAN,27250000,SANTA GENOVEVA DE DOCORDÓ (EL LITORAL DEL SAN JUAN - CHOCÓ),2023,8,95.572,52.957,60.0,miércoles,2023 Aug 09 11:45:00 AM,24.0
27,CHOCÓ,27372,JURADÓ,27372000,JURADÓ (JURAÓ - CHOCÓ),2023,8,200.154,70.965,60.0,miércoles,2023 Aug 16 07:15:00 PM,24.0
27,CHOCÓ,27425,MEDIO ATRATO (BETÉ),27425000,BETÉ (MEDIO ATRATO (BETÉ) - CHOCÓ),2023,8,12.708,7.979,56.0,martes,2023 Aug 29 12:30:00 PM,24.0
27,CHOCÓ,27495,NUQUÍ,27495011,PUERTO JAGUA (NUQUÍ - CHOCÓ),2023,8,923.0,467.0,6.0,sábado,2023 Aug 19 07:00:00 PM,24.0
27,CHOCÓ,27495,NUQUÍ,27495003,JURUBIRA (NUQUÍ - CHOCÓ),2023,8,15.945,7.744,60.0,viernes,2023 Aug 18 07:15:00 PM,24.0
27,CHOCÓ,27001,QUIBDÓ,27001029,TAGACHI (QUIBDÓ - CHOCÓ),2023,8,0.0,0.0,0.0,martes,2023 Aug 01 12:00:00 AM,0.0
27,CHOCÓ,27800,UNGUÍA,27800001,BALBOA (UNGUÍA - CHOCÓ),2023,8,26.794,9.912,60.0,sábado,2023 Aug 05 07:30:00 PM,24.0
27,CHOCÓ,27800,UNGUÍA,27800005,TITUMATE (UNGUÍA - CHOCÓ),2023,8,16.873,5.751,60.0,viernes,2023 Aug 25 08:00:00 PM,24.0
27,CHOCÓ,27800,UNGUÍA,27800000,UNGUÍA (UNGUÍA - CHOCÓ),2023,8,468.171,158.614,60.0,miércoles,2023 Aug 30 09:00:00 PM,24.0
94,GUAINÍA,94343,BARRANCOMINAS,94343000,BARRANCOMINAS (BARRANCOMINAS - GUAINÍA),2023,8,60.416,16.684,60.0,viernes,2023 Aug 25 06:30:00 PM,24.0
94,GUAINÍA,94001,INÍRIDA,94001000,INÍRIDA (INÍRIDA - GUAINÍA),2023,8,10.326,639.007,60.0,viernes,2023 Aug 18 02:30:00 PM,24.0
95,GUAVIARE,95200,MIRAFLORES,95200000,MIRAFLORES (MIRAFLORES - GUAVIARE),2023,8,89.27,28.41,60.0,viernes,2023 Aug 25 01:30:00 PM,24.0
44,LA GUAJIRA,44847,URIBIA,44847012,NAZARETH (URIBIA - LA GUAJIRA),2023,8,53.865,10.924,60.0,jueves,2023 Aug 10 07:00:00 PM,24.0
47,MAGDALENA,47189,CIÉNAGA,47189018,PALMOR (CIÉNAGA - MAGDALENA),2023,8,83.964,29.169,60.0,martes,2023 Aug 15 07:00:00 PM,24.0
50,META,50325,MAPIRIPÁN,50325000,MAPIRIPÁN (MAPIRIPÁN - META),2023,8,180.492,66.783,60.0,miércoles,2023 Aug 23 07:00:00 PM,24.0
52,NARIÑO,52250,EL CHARCO,52250016,ALTERÓN (URIBE URIBE) (EL CHARCO - NARIÑO),2023,8,0.0,0.0,0.0,martes,2023 Aug 01 12:00:00 AM,0.0
52,NARIÑO,52250,EL CHARCO,52250023,BAZÁN (EL CHARCO - NARIÑO),2023,8,23.057,8.84,60.0,sábado,2023 Aug 12 07:15:00 PM,24.0
52,NARIÑO,52250,EL CHARCO,52250003,BOLÍVAR - SAN PEDRO (EL CHARCO - NARIÑO),2023,8,3.19,2.658,60.0,martes,2023 Aug 15 07:30:00 PM,24.0
52,NARIÑO,52250,EL CHARCO,52250022,EL CUIL PUEBLO NUEVO (EL CHARCO - NARIÑO),2023,8,7.076,3.555,60.0,miércoles,2023 Aug 30 07:15:00 PM,24.0
52,NARIÑO,52250,EL CHARCO,52250005,LAS MERCEDES (EL CHARCO - NARIÑO),2023,8,2.573,1.959,60.0,jueves,2023 Aug 31 07:45:00 PM,24.0
52,NARIÑO,52250,EL CHARCO,52250007,SAN JOSÉ DEL TAPAJE (EL CHARCO - NARIÑO),2023,8,11.974,3.44,80.0,lunes,2023 Aug 28 09:00:00 PM,24.0
52,NARIÑO,52520,FRANCISCO PIZARRO,52520013,SAN PEDRO DEL VINO (FRANCISCO PIZARRO - NARIÑO),2023,8,4.234,2.442,60.0,lunes,2023 Aug 21 07:00:00 PM,24.0
52,NARIÑO,52390,LA TOLA,52390005,AGUACATAL (LA TOLA - NARIÑO),2023,8,3.391,993.0,60.0,sábado,2023 Aug 19 08:00:00 PM,24.0
52,NARIÑO,52390,LA TOLA,52390013,AMÁRALES (LA TOLA - NARIÑO),2023,8,9.507,3.351,60.0,viernes,2023 Aug 18 08:00:00 PM,24.0
52,NARIÑO,52390,LA TOLA,52390003,LA VIGÍA DE LA MAR (LA TOLA - NARIÑO),2023,8,6.544,2.253,60.0,viernes,2023 Aug 18 11:30:00 AM,24.0
52,NARIÑO,52390,LA TOLA,52390009,MULATOS (LA TOLA - NARIÑO),2023,8,5.257,3.388,60.0,martes,2023 Aug 08 06:00:00 PM,24.0
52,NARIÑO,52390,LA TOLA,52390016,SAN PABLO DEL MAR (LA TOLA - NARIÑO),2023,8,4.041,1.563,60.0,jueves,2023 Aug 17 06:45:00 PM,24.0
52,NARIÑO,52427,MAGÜÍ,52427013,LA LOMA (MAGÜÍ - NARIÑO),2023,8,976.0,607.0,60.0,martes,2023 Aug 01 07:15:00 PM,24.0
52,NARIÑO,52490,OLAYA HERRERA,52490913,BOCA DE PRIETA (OLAYA HERRERA - NARIÑO),2023,8,2.691,784.0,60.0,viernes,2023 Aug 04 06:30:00 PM,24.0
52,NARIÑO,52835,SAN ANDRÉS DE TUMACO,52835055,BOCAS DE CURAY (TUMACO - NARIÑO),2023,8,7.895,2.711,60.0,miércoles,2023 Aug 09 07:15:00 PM,24.0
52,NARIÑO,52835,SAN ANDRÉS DE TUMACO,52835217,SAN JUAN DE LA COSTA (SAN ANDRÉS DE TUMACO - NARIÑO),2023,8,22.285,8.667,60.0,jueves,2023 Aug 10 07:00:00 PM,24.0
52,NARIÑO,52696,SANTA BÁRBARA (ISCUANDÉ),52696014,LA ENSENADA (SANTA BÁRBARA (ISCUANDÉ) - NARIÑO),2023,8,3.563,6.345,60.0,viernes,2023 Aug 25 07:15:00 PM,24.0
52,NARIÑO,52696,SANTA BÁRBARA (ISCUANDÉ),52696022,SECADERO (SANTA BÁRBARA (ISCUANDÉ) - NARIÑO),2023,8,2.848,1.87,60.0,martes,2023 Aug 29 05:45:00 PM,24.0
86,PUTUMAYO,86573,PUERTO LEGUÍZAMO,86573000,PUERTO LEGUÍZAMO (PUERTO LEGUÍZAMO - PUTUMAYO),2023,8,724.411,246.403,60.0,jueves,2023 Aug 31 11:30:00 AM,24.0
76,VALLE DEL CAUCA,76109,BUENAVENTURA,76109069,PAPAYAL 1 (BUENAVENTURA - VALLE DEL CAUCA),2023,8,9.476,811.0,60.0,domingo,2023 Aug 20 06:45:00 PM,24.0
76,VALLE DEL CAUCA,76109,BUENAVENTURA,76109028,PUERTO MERIZALDE (BUENAVENTURA - VALLE DEL CAUCA),2023,8,97.305,36.072,60.0,lunes,2023 Aug 21 06:00:00 PM,24.0
76,VALLE DEL CAUCA,76109,BUENAVENTURA,76109032,SAN FRANCISCO NAYA (BUENAVENTURA - VALLE DEL CAUCA),2023,8,6.704,3.015,60.0,viernes,2023 Aug 18 12:15:00 PM,24.0
97,VAUPÉS,97161,CARURÚ,97161000,CARURÚ (CARURÚ - VAUPÉS),2023,8,26.153,10.645,60.0,jueves,2023 Aug 31 06:00:00 PM,24.0
97,VAUPÉS,97001,MITÚ,97001000,MITÚ (MITÚ - VAUPÉS),2023,8,10.326,390.499,60.0,miércoles,2023 Aug 23 11:45:00 AM,24.0
97,VAUPÉS,97666,TARAIRA,97666000,TARAIRA (TARAIRA - VAUPÉS),2023,8,36.864,11.207,60.0,jueves,2023 Aug 10 12:45:00 PM,24.0
99,VICHADA,99773,CUMARIBO,99773000,CUMARIBO (CUMARIBO - VICHADA),2023,8,347.125,135.511,60.0,jueves,2023 Aug 31 03:00:00 PM,24.0
99,VICHADA,99001,PUERTO CARREÑO,99001000,PUERTO CARREÑO (PUERTO CARREÑO - VICHADA),2023,8,10.326,801.372,60.0,viernes,2023 Aug 18 02:30:00 PM,24.0
91,AMAZONAS,91001,LETICIA,91001000,LETICIA (LETICIA - AMAZONAS),2023,9,10.326,8.475,60.0,jueves,2023 Sep 07 03:00:00 PM,24.0
91,AMAZONAS,91798,TARAPACÁ (ANM),91798000,TARAPACÁ (TARAPACÁ (ANM) - AMAZONAS),2023,9,30.097,13.757,60.0,miércoles,2023 Sep 06 03:15:00 PM,24.0
5,ANTIOQUIA,5873,VIGÍA DEL FUERTE,5873002,VEGÁEZ (VIGÍA DEL FUERTE - ANTIOQUIA),2023,9,5.685,837.0,60.0,jueves,2023 Sep 07 09:00:00 PM,24.0
88,"ARCHIPIÉLAGO DE SAN ANDRÉS, PROVIDENCIA Y SANTA CATALINA",88564,PROVIDENCIA,88564000,PROVIDENCIA (PROVIDENCIA - ARCHIPIÉLAGO DE SAN ANDRÉS Y PROVIDENCIA),2023,9,10.326,271.351,60.0,martes,2023 Sep 26 02:15:00 PM,24.0
88,"ARCHIPIÉLAGO DE SAN ANDRÉS, PROVIDENCIA Y SANTA CATALINA",88001,SAN ANDRÉS,88001000,SAN ANDRÉS (SAN ANDRÉS - ARCHIPIÉLAGO DE SAN ANDRÉS Y PROVIDENCIA),2023,9,10.326,8.475,60.0,viernes,2023 Sep 01 03:30:00 PM,24.0
13,BOLÍVAR,13001,CARTAGENA DE INDIAS,13001007,ISLA FUERTE (CARTAGENA DE INDIAS - BOLÍVAR),2023,9,73.29,40.608,60.0,viernes,2023 Sep 29 10:15:00 PM,24.0
13,BOLÍVAR,13001,CARTAGENA DE INDIAS,13001037,ISLA MÚCURA (CARTAGENA DE INDIAS - BOLÍVAR),2023,9,5.539,2.199,60.0,viernes,2023 Sep 08 10:15:00 PM,24.0
13,BOLÍVAR,13001,CARTAGENA DE INDIAS,13001017,SANTA CRUZ DEL ISLOTE (CARTAGENA DE INDIAS - BOLÍVAR),2023,9,9.602,3.063,60.0,jueves,2023 Sep 28 10:00:00 PM,24.0
18,CAQUETÁ,18150,CARTAGENA DEL CHAIRÁ,18150001,REMOLINO DEL CAGUÁN (CARTAGENA DEL CHAIRA - CAQUETÁ),2023,9,19.377,8.471,60.0,sábado,2023 Sep 09 07:30:00 PM,24.0
18,CAQUETÁ,18753,SAN VICENTE DEL CAGUÁN,18753002,GUACAMAYAS (SAN VICENTE DEL CAGUÁN - CAQUETÁ),2023,9,7.487,2.719,60.0,martes,2023 Sep 12 08:15:00 PM,24.0
18,CAQUETÁ,18753,SAN VICENTE DEL CAGUÁN,18753009,PUERTO BETANIA (SAN VICENTE DEL CAGUÁN - CAQUETÁ),2023,9,4.945,2.037,60.0,miércoles,2023 Sep 13 06:45:00 PM,24.0
19,CAUCA,19318,GUAPI,19318008,LIMONES (GUAPI - CAUCA),2023,9,8.078,3.861,60.0,viernes,2023 Sep 01 08:00:00 PM,24.0
19,CAUCA,19318,GUAPI,19318013,SAN ANTONIO DE GUAJUÍ (GUAPI - CAUCA),2023,9,10.067,5.54,60.0,domingo,2023 Sep 10 07:30:00 PM,24.0
19,CAUCA,19418,LÓPEZ DE MICAY,19418033,BOCA GRANDE (LÓPEZ (MICAY) - CAUCA),2023,9,1.623,302.0,60.0,miércoles,2023 Sep 13 07:30:00 PM,24.0
19,CAUCA,19418,LÓPEZ DE MICAY,19418038,ISLA DE GALLO (LÓPEZ DE MICAY - CAUCA),2023,9,1.863,950.0,60.0,lunes,2023 Sep 11 06:00:00 PM,24.0
19,CAUCA,19418,LÓPEZ DE MICAY,19418009,NOANAMITO (LÓPEZ DE MICAY - CAUCA),2023,9,3.588,1.366,36.0,sábado,2023 Sep 02 07:15:00 PM,24.0
19,CAUCA,19418,LÓPEZ DE MICAY,19418012,SAN ANTONIO DE CHUARÉ (LÓPEZ DE MICAY - CAUCA),2023,9,4.374,1.225,60.0,viernes,2023 Sep 08 07:15:00 PM,24.0
19,CAUCA,19418,LÓPEZ DE MICAY,19418015,SAN ISIDRO (LÓPEZ DE MICAY - CAUCA),2023,9,464.0,261.0,60.0,jueves,2023 Sep 30 06:30:00 PM,24.0
19,CAUCA,19809,TIMBIQUÍ,19809014,CHACÓN (TIMBIQUÍ - CAUCA),2023,9,3.824,1.089,60.0,martes,2023 Sep 05 06:15:00 PM,24.0
19,CAUCA,19809,TIMBIQUÍ,19809003,COTEJE (TIMBIQUÍ - CAUCA),2023,9,6.311,4.448,60.0,martes,2023 Sep 12 07:15:00 PM,24.0
19,CAUCA,19809,TIMBIQUÍ,19809023,PUERTO SAIJA (TIMBIQUÍ - CAUCA),2023,9,34.702,11.795,60.0,sábado,2023 Sep 09 08:00:00 PM,24.0
19,CAUCA,19809,TIMBIQUÍ,19809009,SANTA ROSA DE SAIJA (TIMBIQUÍ - CAUCA),2023,9,4.668,1.823,60.0,jueves,2023 Sep 28 07:15:00 PM,24.0
27,CHOCÓ,27006,ACANDÍ,27006000,ACANDÍ (ACANDÍ - CHOCÓ),2023,9,711.384,218.142,60.0,miércoles,2023 Sep 06 09:30:00 PM,24.0
27,CHOCÓ,27025,ALTO BAUDÓ (PIE DE PATO),27025000,CIUDAD BAUDÓ - PIE DE PATO (ALTO BAUDÓ - CHOCÓ),2023,9,52.092,17.61,60.0,martes,2023 Sep 19 12:00:00 PM,24.0
27,CHOCÓ,27075,BAHÍA SOLANO (MUTIS),27075000,CIUDAD MUTIS (BAHÍA SOLANO - CHOCÓ),2023,9,469.697,187.068,60.0,miércoles,2023 Sep 06 11:00:00 AM,24.0
27,CHOCÓ,27075,BAHÍA SOLANO (MUTIS),27075001,CUPICA (BAHÍA SOLANO - CHOCÓ),2023,9,53.501,17.298,60.0,miércoles,2023 Sep 06 07:30:00 PM,24.0
27,CHOCÓ,27075,BAHÍA SOLANO (MUTIS),27075002,EL VALLE (BAHÍA SOLANO - CHOCÓ),2023,9,176.881,68.7,60.0,miércoles,2023 Sep 06 07:15:00 PM,24.0
27,CHOCÓ,27077,BAJO BAUDÓ (PIZARRO),27077029,FIRME DE USARGA (BAJO BAUDÓ (PIZARRO) - CHOCÓ),2023,9,891.0,361.0,60.0,lunes,2023 Sep 18 08:15:00 PM,24.0
27,CHOCÓ,27077,BAJO BAUDÓ (PIZARRO),27077026,GUINEAL (BAJO BAUDÓ (PIZARRO) - CHOCÓ),2023,9,5.951,3.174,60.0,miércoles,2023 Sep 27 06:45:00 PM,24.0
27,CHOCÓ,27077,BAJO BAUDÓ (PIZARRO),27077000,PIZARRO (BAJO BAUDÓ (PIZARRO) - CHOCÓ),2023,9,217.962,87.272,60.0,domingo,2023 Sep 24 07:00:00 PM,24.0
27,CHOCÓ,27077,BAJO BAUDÓ (PIZARRO),27077916,TERRON (BAJO BAUDÓ - CHOCÓ),2023,9,5.577,2.43,60.0,sábado,2023 Sep 30 12:15:00 PM,24.0
27,CHOCÓ,27099,BOJAYÁ (BELLAVISTA),27099000,BELLAVISTA (BOJAYÁ (BELLAVISTA) - CHOCÓ),2023,9,99.956,33.966,60.0,martes,2023 Sep 19 07:15:00 PM,24.0
27,CHOCÓ,27099,BOJAYÁ (BELLAVISTA),27099030,PIEDRA CANDELA (BOJAYÁ - CHOCÓ),2023,9,7.157,3.199,60.0,sábado,2023 Sep 16 02:00:00 PM,24.0
27,CHOCÓ,27372,JURADÓ,27372000,JURADÓ (JURAÓ - CHOCÓ),2023,9,186.721,66.774,60.0,sábado,2023 Sep 16 07:30:00 PM,24.0
27,CHOCÓ,27425,MEDIO ATRATO (BETÉ),27425000,BETÉ (MEDIO ATRATO (BETÉ) - CHOCÓ),2023,9,13.876,9.065,56.0,viernes,2023 Sep 08 12:00:00 PM,24.0
27,CHOCÓ,27495,NUQUÍ,27495011,PUERTO JAGUA (NUQUÍ - CHOCÓ),2023,9,301.0,142.0,60.0,sábado,2023 Sep 09 08:15:00 PM,24.0
27,CHOCÓ,27495,NUQUÍ,27495003,JURUBIRA (NUQUÍ - CHOCÓ),2023,9,0.0,0.0,0.0,viernes,2023 Sep 01 12:00:00 AM,0.0
27,CHOCÓ,27001,QUIBDÓ,27001029,TAGACHI (QUIBDÓ - CHOCÓ),2023,9,609.0,218.0,60.0,viernes,2023 Sep 29 08:30:00 PM,24.0
27,CHOCÓ,27800,UNGUÍA,27800001,BALBOA (UNGUÍA - CHOCÓ),2023,9,26.277,9.834,60.0,jueves,2023 Sep 14 09:00:00 PM,24.0
27,CHOCÓ,27800,UNGUÍA,27800005,TITUMATE (UNGUÍA - CHOCÓ),2023,9,15.488,3.777,60.0,viernes,2023 Sep 01 08:15:00 PM,24.0
27,CHOCÓ,27800,UNGUÍA,27800000,UNGUÍA (UNGUÍA - CHOCÓ),2023,9,459.409,153.081,60.0,sábado,2023 Sep 30 07:45:00 PM,24.0
94,GUAINÍA,94343,BARRANCOMINAS,94343000,BARRANCOMINAS (BARRANCOMINAS - GUAINÍA),2023,9,69.541,20.238,60.0,viernes,2023 Sep 01 02:00:00 PM,24.0
94,GUAINÍA,94001,INÍRIDA,94001000,INÍRIDA (INÍRIDA - GUAINÍA),2023,9,10.326,666.831,60.0,viernes,2023 Sep 29 02:45:00 PM,24.0
95,GUAVIARE,95200,MIRAFLORES,95200000,MIRAFLORES (MIRAFLORES - GUAVIARE),2023,9,90.236,31.623,60.0,miércoles,2023 Sep 06 06:30:00 PM,24.0
44,LA GUAJIRA,44847,URIBIA,44847012,NAZARETH (URIBIA - LA GUAJIRA),2023,9,46.427,10.572,60.0,miércoles,2023 Sep 27 06:30:00 PM,24.0
47,MAGDALENA,47189,CIÉNAGA,47189018,PALMOR (CIÉNAGA - MAGDALENA),2023,9,91.551,32.765,60.0,sábado,2023 Sep 23 06:15:00 PM,24.0
50,META,50325,MAPIRIPÁN,50325000,MAPIRIPÁN (MAPIRIPÁN - META),2023,9,176.417,67.186,60.0,viernes,2023 Sep 08 06:45:00 PM,24.0
52,NARIÑO,52250,EL CHARCO,52250023,BAZÁN (EL CHARCO - NARIÑO),2023,9,3.671,1.478,60.0,viernes,2023 Sep 01 07:45:00 PM,24.0
52,NARIÑO,52250,EL CHARCO,52250003,BOLÍVAR - SAN PEDRO (EL CHARCO - NARIÑO),2023,9,2.463,2.059,60.0,miércoles,2023 Sep 13 06:45:00 PM,24.0
52,NARIÑO,52250,EL CHARCO,52250022,EL CUIL PUEBLO NUEVO (EL CHARCO - NARIÑO),2023,9,4.847,2.274,60.0,sábado,2023 Sep 16 06:45:00 PM,24.0
52,NARIÑO,52250,EL CHARCO,52250005,LAS MERCEDES (EL CHARCO - NARIÑO),2023,9,2.047,1.154,60.0,jueves,2023 Sep 07 07:45:00 PM,24.0
52,NARIÑO,52250,EL CHARCO,52250007,SAN JOSÉ DEL TAPAJE (EL CHARCO - NARIÑO),2023,9,13.058,3.29,56.0,viernes,2023 Sep 01 04:15:00 PM,24.0
52,NARIÑO,52520,FRANCISCO PIZARRO,52520013,SAN PEDRO DEL VINO (FRANCISCO PIZARRO - NARIÑO),2023,9,4.796,2.767,60.0,sábado,2023 Sep 30 07:00:00 PM,24.0
52,NARIÑO,52390,LA TOLA,52390005,AGUACATAL (LA TOLA - NARIÑO),2023,9,2.178,556.0,60.0,viernes,2023 Sep 22 07:15:00 PM,24.0
52,NARIÑO,52390,LA TOLA,52390013,AMÁRALES (LA TOLA - NARIÑO),2023,9,7.913,2.527,60.0,jueves,2023 Sep 14 07:15:00 PM,24.0
52,NARIÑO,52390,LA TOLA,52390003,LA VIGÍA DE LA MAR (LA TOLA - NARIÑO),2023,9,7.456,2.618,60.0,jueves,2023 Sep 21 11:30:00 AM,24.0
52,NARIÑO,52390,LA TOLA,52390009,MULATOS (LA TOLA - NARIÑO),2023,9,4.873,3.594,60.0,domingo,2023 Sep 10 07:45:00 PM,24.0
52,NARIÑO,52427,MAGÜÍ,52427013,LA LOMA (MAGÜÍ - NARIÑO),2023,9,411.0,259.0,60.0,miércoles,2023 Sep 06 08:00:00 PM,24.0
52,NARIÑO,52490,OLAYA HERRERA,52490913,BOCA DE PRIETA (OLAYA HERRERA - NARIÑO),2023,9,2.264,645.0,60.0,domingo,2023 Sep 24 06:45:00 PM,24.0
52,NARIÑO,52621,ROBERTO PAYAN,52621912,TAMAJE (ROBERTO PAYAN - NARIÑO),2023,9,0.0,0.0,0.0,viernes,2023 Sep 01 12:00:00 AM,0.0
52,NARIÑO,52835,SAN ANDRÉS DE TUMACO,52835055,BOCAS DE CURAY (TUMACO - NARIÑO),2023,9,6.565,2.336,60.0,sábado,2023 Sep 16 07:15:00 PM,24.0
52,NARIÑO,52835,SAN ANDRÉS DE TUMACO,52835217,SAN JUAN DE LA COSTA (SAN ANDRÉS DE TUMACO - NARIÑO),2023,9,17.106,6.478,60.0,martes,2023 Sep 05 06:45:00 PM,24.0
52,NARIÑO,52696,SANTA BÁRBARA (ISCUANDÉ),52696014,LA ENSENADA (SANTA BÁRBARA (ISCUANDÉ) - NARIÑO),2023,9,3.536,4.482,60.0,miércoles,2023 Sep 06 08:00:00 PM,24.0
52,NARIÑO,52696,SANTA BÁRBARA (ISCUANDÉ),52696022,SECADERO (SANTA BÁRBARA (ISCUANDÉ) - NARIÑO),2023,9,2.577,1.678,60.0,lunes,2023 Sep 18 06:45:00 PM,24.0
86,PUTUMAYO,86573,PUERTO LEGUÍZAMO,86573000,PUERTO LEGUÍZAMO (PUERTO LEGUÍZAMO - PUTUMAYO),2023,9,922.045,282.787,60.0,miércoles,2023 Sep 27 02:30:00 PM,24.0
76,VALLE DEL CAUCA,76109,BUENAVENTURA,76109069,PAPAYAL 1 (BUENAVENTURA - VALLE DEL CAUCA),2023,9,8.682,788.0,60.0,miércoles,2023 Sep 06 07:30:00 PM,24.0
76,VALLE DEL CAUCA,76109,BUENAVENTURA,76109028,PUERTO MERIZALDE (BUENAVENTURA - VALLE DEL CAUCA),2023,9,102.484,37.62,60.0,sábado,2023 Sep 02 12:30:00 PM,24.0
76,VALLE DEL CAUCA,76109,BUENAVENTURA,76109032,SAN FRANCISCO NAYA (BUENAVENTURA - VALLE DEL CAUCA),2023,9,6.728,3.043,60.0,sábado,2023 Sep 09 11:45:00 AM,24.0
97,VAUPÉS,97161,CARURÚ,97161000,CARURÚ (CARURÚ - VAUPÉS),2023,9,26.394,11.449,60.0,lunes,2023 Sep 25 02:30:00 PM,24.0
97,VAUPÉS,97001,MITÚ,97001000,MITÚ (MITÚ - VAUPÉS),2023,9,10.326,381.35,3.011,miércoles,2023 Sep 06 12:00:00 PM,24.0
97,VAUPÉS,97666,TARAIRA,97666000,TARAIRA (TARAIRA - VAUPÉS),2023,9,33.31,10.042,60.0,jueves,2023 Sep 28 12:30:00 PM,24.0
99,VICHADA,99001,PUERTO CARREÑO,99001000,PUERTO CARREÑO (PUERTO CARREÑO - VICHADA),2023,9,10.326,775.651,60.0,jueves,2023 Sep 28 02:15:00 PM,24.0
19,CAUCA,19418,LÓPEZ DE MICAY,19418012,SAN ANTONIO DE CHUARE (LÓPEZ DE MICAY - CAUCA),2023,10,5.157,1.442,60.0,Viernes,2023 Oct 13 07:00:00 PM,24.0
19,CAUCA,19418,LÓPEZ DE MICAY,19418015,SAN ISIDRO (LÓPEZ DE MICAY - CAUCA),2023,10,963.0,543.0,60.0,Sábado,2023 Oct 07 07:15:00 PM,24.0
19,CAUCA,19418,LÓPEZ DE MICAY,19418019,ZARAGOZA (LÓPEZ DE MICAY - CAUCA),2023,10,11.867,4.348,60.0,Martes,2023 Oct 03 07:30:00 PM,24.0
19,CAUCA,19809,TIMBIQUÍ,19809014,CHACON (TIMBIQUÍ - CAUCA),2023,10,4.173,1.126,60.0,Miércoles,2023 Oct 11 07:30:00 PM,7.0
19,CAUCA,19809,TIMBIQUÍ,19809010,COMUNIDAD DE CHETE (TIMBIQUÍ - CAUCA),2023,10,4.718,1.837,60.0,Martes,2023 Oct 31 07:45:00 AM,24.0
19,CAUCA,19809,TIMBIQUÍ,19809003,COTEJE (TIMBIQUÍ - CAUCA),2023,10,6.391,4.618,60.0,Jueves,2023 Oct 19 06:30:00 PM,24.0
19,CAUCA,19809,TIMBIQUÍ,19809026,LOS BRAZOS (TIMBIQUÍ - CAUCA),2023,10,1.184,509.0,60.0,Domingo,2023 Oct 15 08:00:00 PM,24.0
19,CAUCA,19809,TIMBIQUÍ,19809023,PUERTO SAIJA (TIMBIQUÍ - CAUCA),2023,10,36.433,12.356,60.0,Sábado,2023 Oct 14 07:30:00 PM,24.0
19,CAUCA,19809,TIMBIQUÍ,19809007,SAN JOSE (TIMBIQUÍ - CAUCA),2023,10,6.085,4.542,60.0,Sábado,2023 Oct 14 07:30:00 PM,24.0
19,CAUCA,19809,TIMBIQUÍ,19809009,SANTA ROSA DE SAIJA (TIMBIQUÍ - CAUCA),2023,10,2.538,1.245,60.0,Martes,2023 Oct 17 07:30:00 PM,24.0
27,CHOCÓ,27006,ACANDÍ,27006000,ACANDÍ (ACANDÍ - CHOCÓ),2023,10,680.242,209.846,60.0,Martes,2023 Oct 03 06:00:00 PM,24.0
27,CHOCÓ,27006,ACANDÍ,27006007,SAN FRANCISCO (ACANDÍ - CHOCÓ),2023,10,16.326,7.518,60.0,Viernes,2023 Oct 20 08:30:00 PM,24.0
27,CHOCÓ,27025,ALTO BAUDO,27025000,CIUDAD BAUDO - PIE DE PATO (ALTO BAUDO - CHOCÓ),2023,10,52.904,18.617,165.0,Martes,2023 Oct 03 06:00:00 PM,24.0
27,CHOCÓ,27075,BAHÍA SOLANO,27075000,CIUDAD MUTIS (BAHÍA SOLANO - CHOCÓ),2023,10,519.925,227.459,1.265,Viernes,2023 Oct 06 02:30:00 PM,24.0
27,CHOCÓ,27075,BAHÍA SOLANO,27075001,CUPICA (BAHÍA SOLANO - CHOCÓ),2023,10,50.118,19.327,60.0,Viernes,2023 Oct 13 07:00:00 PM,24.0
27,CHOCÓ,27075,BAHÍA SOLANO,27075002,EL VALLE (BAHÍA SOLANO - CHOCÓ),2023,10,187.874,70.47,60.0,Jueves,2023 Oct 12 07:15:00 PM,24.0
27,CHOCÓ,27077,BAJO BAUDÓ,27077008,ORPUA (BAJO BAUDÓ - CHOCÓ),2023,10,1.055,577.0,60.0,Sábado,2023 Oct 21 01:15:00 PM,9.0
27,CHOCÓ,27077,BAJO BAUDÓ,27077000,PIZARRO (BAJO BAUDÓ - CHOCÓ),2023,10,194.991,83.607,60.0,Miércoles,2023 Oct 18 07:45:00 PM,24.0
27,CHOCÓ,27077,BAJO BAUDÓ,27077016,SIVIRU (BAJO BAUDÓ - CHOCÓ),2023,10,9.2,3.435,60.0,Miércoles,2023 Oct 18 06:45:00 PM,24.0
27,CHOCÓ,27077,BAJO BAUDÓ,27077019,VIRUDO (BAJO BAUDÓ - CHOCÓ),2023,10,6.933,3.136,60.0,Jueves,2023 Oct 26 03:45:00 AM,24.0
27,CHOCÓ,27099,BOJAYÁ,27099005,NAPIPI (BOJAYÁ - CHOCÓ),2023,10,11.342,3.85,64.0,Viernes,2023 Oct 27 06:00:00 PM,24.0
27,CHOCÓ,27250,EL LITORAL DEL SAN JUAN,27250000,SANTA GENOVEVA DE DOCORDO (EL LITORAL DEL SAN JUAN - CHOCÓ),2023,10,86.493,46.728,60.0,Miércoles,2023 Oct 18 06:30:00 PM,24.0
27,CHOCÓ,27372,JURADO,27372000,JURADO (JURADO - CHOCÓ),2023,10,163.692,59.81,60.0,Jueves,2023 Oct 19 07:00:00 PM,20.0
27,CHOCÓ,27425,MEDIO ATRATO,27425000,BETE (MEDIO ATRATO - CHOCÓ),2023,10,15.509,10.252,52.0,Martes,2023 Oct 03 07:15:00 PM,24.0
27,CHOCÓ,27425,MEDIO ATRATO,27425008,SAN ROQUE (MEDIO ATRATO - CHOCÓ),2023,10,428.0,179.0,60.0,Martes,2023 Oct 31 08:00:00 PM,24.0
27,CHOCÓ,27495,NUQUÍ,27495011,COMUNIDAD DE PUERTO JAGUA (NUQUÍ - CHOCÓ),2023,10,924.0,418.0,60.0,Jueves,2023 Oct 05 08:45:00 PM,24.0
27,CHOCÓ,27001,QUIBDÓ,27001029,TAGACHI (QUIBDÓ - CHOCÓ),2023,10,6.265,2.407,60.0,Domingo,2023 Oct 22 07:45:00 PM,24.0
27,CHOCÓ,27800,UNGUÍA,27800001,BALBOA (UNGUÍA - CHOCÓ),2023,10,26.681,9.993,60.0,Sábado,2023 Oct 14 06:30:00 PM,24.0
27,CHOCÓ,27800,UNGUÍA,27800005,TITUMATE (UNGUÍA - CHOCÓ),2023,10,16.5,4.101,60.0,Domingo,2023 Oct 01 08:15:00 PM,24.0
27,CHOCÓ,27800,UNGUÍA,27800000,UNGUÍA (UNGUÍA - CHOCÓ),2023,10,442.694,147.903,60.0,Jueves,2023 Oct 05 08:15:00 PM,24.0
94,GUAINÍA,94343,BARRANCO MINAS,94343000,BARRANCO MINAS (BARRANCO MINAS - GUAINÍA),2023,10,87.969,25.794,60.0,Jueves,2023 Oct 05 06:15:00 PM,24.0
94,GUAINÍA,94001,INÍRIDA,94001000,INÍRIDA (INÍRIDA - GUAINÍA),2023,10,10.326,709.953,60.0,Miércoles,2023 Oct 04 02:30:00 PM,24.0
95,GUAVIARE,95200,MIRAFLORES,95200000,MIRAFLORES (MIRAFLORES - GUAVIARE),2023,10,96.608,30.631,60.0,Lunes,2023 Oct 30 06:00:00 PM,24.0
47,MAGDALENA,47189,CIÉNAGA,47189018,PALMOR (CIÉNAGA - MAGDALENA),2023,10,99.1,40.555,60.0,Martes,2023 Oct 17 06:30:00 PM,24.0
50,META,50325,MAPIRIPAN,50325000,MAPIRIPAN (MAPIRIPAN - META),2023,10,190.143,71.194,60.0,Miércoles,2023 Oct 04 06:15:00 PM,24.0
52,NARIÑO,52250,EL CHARCO,52250016,ALTERON - URIBE URIBE (EL CHARCO - NARIÑO),2023,10,913.0,553.0,60.0,Domingo,2023 Oct 22 09:45:00 PM,24.0
52,NARIÑO,52250,EL CHARCO,52250023,BAZAN (EL CHARCO - NARIÑO),2023,10,19.613,7.928,60.0,Jueves,2023 Oct 05 07:30:00 PM,24.0
52,NARIÑO,52250,EL CHARCO,52250003,BOLIVAR - SAN PEDRO (EL CHARCO - NARIÑO),2023,10,3.797,3.522,60.0,Viernes,2023 Oct 06 07:45:00 PM,24.0
52,NARIÑO,52250,EL CHARCO,52250022,EL CUIL PUEBLO NUEVO (EL CHARCO - NARIÑO),2023,10,6.344,2.942,60.0,Lunes,2023 Oct 30 06:00:00 PM,24.0
52,NARIÑO,52250,EL CHARCO,52250005,LAS MERCEDES (EL CHARCO - NARIÑO),2023,10,1.07,485.0,60.0,Jueves,2023 Oct 26 08:45:00 PM,24.0
52,NARIÑO,52250,EL CHARCO,52250007,SAN JOSE DEL TAPAJE (EL CHARCO - NARIÑO),2023,10,12.74,3.764,64.0,Martes,2023 Oct 03 06:45:00 PM,24.0
52,NARIÑO,52520,FRANCISCO PIZARRO,52520013,SAN PEDRO DEL VINO (FRANCISCO PIZARRO - NARIÑO),2023,10,7.951,3.326,60.0,Sábado,2023 Oct 28 08:30:00 PM,24.0
52,NARIÑO,52390,LA TOLA,52390013,AMARALES (LA TOLA - NARIÑO),2023,10,10.913,3.105,60.0,Jueves,2023 Oct 12 07:45:00 PM,24.0
52,NARIÑO,52390,LA TOLA,52390003,LA VIGIA DE LA MAR (LA TOLA - NARIÑO),2023,10,6.524,2.264,60.0,Viernes,2023 Oct 20 11:45:00 AM,24.0
52,NARIÑO,52490,OLAYA HERRERA,52490913,BOCA DE PRIETA (OLAYA HERRERA - NARIÑO),2023,10,2.414,737.0,60.0,Miércoles,2023 Oct 11 06:45:00 PM,24.0
52,NARIÑO,52835,SAN ANDRÉS DE TUMACO,52835055,BOCAS DE CURAY (SAN ANDRÉS DE TUMACO - NARIÑO),2023,10,6.246,2.24,60.0,Viernes,2023 Oct 13 07:00:00 PM,24.0
52,NARIÑO,52835,SAN ANDRÉS DE TUMACO,52835217,SAN JUAN DE LA COSTA (SAN ANDRÉS DE TUMACO - NARIÑO),2023,10,20.498,7.896,60.0,Lunes,2023 Oct 23 07:00:00 PM,24.0
52,NARIÑO,52696,SANTA BÁRBARA,52696014,LA ENSENADA (SANTA BÁRBARA - NARIÑO),2023,10,3.957,4.599,60.0,Jueves,2023 Oct 19 07:15:00 PM,7.0
52,NARIÑO,52696,SANTA BÁRBARA,52696022,SECADERO (SANTA BÁRBARA - NARIÑO),2023,10,2.696,1.682,60.0,Lunes,2023 Oct 09 08:30:00 PM,24.0
76,VALLE DEL CAUCA,76109,BUENAVENTURA,76109028,PUERTO MERIZALDE (BUENAVENTURA - VALLE DEL CAUCA),2023,10,94.241,35.266,60.0,Miércoles,2023 Oct 18 08:30:00 PM,24.0
76,VALLE DEL CAUCA,76109,BUENAVENTURA,76109032,SAN FRANCISCO NAYA (BUENAVENTURA - VALLE DEL CAUCA),2023,10,6.812,2.883,60.0,Martes,2023 Oct 03 07:15:00 PM,24.0
97,VAUPÉS,97161,CARURÚ,97161000,CARURÚ (CARURÚ - VAUPÉS),2023,10,29.005,12.318,110.0,Viernes,2023 Oct 27 07:45:00 PM,24.0
97,VAUPÉS,97001,MITÚ,97001000,MITÚ (MITÚ - VAUPÉS),2023,10,10.326,425.131,60.0,Martes,2023 Oct 31 12:00:00 PM,24.0
97,VAUPÉS,97666,TARAIRA,97666000,TARAIRA (TARAIRA - VAUPÉS),2023,10,39.32,12.123,60.0,Miércoles,2023 Oct 04 12:45:00 PM,24.0
99,VICHADA,99001,PUERTO CARREÑO,99001000,PUERTO CARREÑO (PUERTO CARREÑO - VICHADA),2023,10,10.326,827.162,60.0,Lunes,2023 Oct 09 02:15:00 PM,24.0
91,AMAZONAS,91001,LETICIA,91001000,LETICIA (LETICIA - AMAZONAS),2023,10,10.326,8.475,60.0,Martes,2023 Oct 03 03:00:00 PM,24.0
91,AMAZONAS,91798,TARAPACA (ANM),91798000,TARAPACA (TARAPACA (ANM) - AMAZONAS),2023,11,27.058,12.193,60.0,Jueves,2023 Nov 02 02:45:00 PM,24.0
5,ANTIOQUIA,5873,VIGÍA DEL FUERTE,5873013,LOMA MURRI (VIGÍA DEL FUERTE - ANTIOQUIA),2023,11,4.113,1.393,60.0,Lunes,2023 Nov 27 05:15:00 PM,24.0
5,ANTIOQUIA,5873,VIGÍA DEL FUERTE,5873002,VEGAEZ (VIGÍA DEL FUERTE - ANTIOQUIA),2023,11,3.347,853.0,60.0,Martes,2023 Nov 28 09:15:00 PM,24.0
88,ARCHIPIÉLAGO DE SAN ANDRÉS y PROVIDENCIA,88564,PROVIDENCIA,88564000,PROVIDENCIA (PROVIDENCIA - ARCHIPIÉLAGO DE SAN ANDRÉS y PROVIDENCIA ),2023,11,10.326,253.729,60.0,Viernes,2023 Nov 10 11:00:00 PM,24.0
13,BOLÍVAR,13001,CARTAGENA DE INDIAS,13001007,ISLA FUERTE (CARTAGENA DE INDIAS - BOLÍVAR),2023,11,65.704,31.174,60.0,Domingo,2023 Nov 12 02:00:00 AM,24.0
13,BOLÍVAR,13001,CARTAGENA DE INDIAS,13001037,ISLA MUCURA (CARTAGENA DE INDIAS - BOLÍVAR),2023,11,6.626,2.557,60.0,Martes,2023 Nov 28 11:00:00 PM,24.0
13,BOLÍVAR,13001,CARTAGENA DE INDIAS,13001017,SANTA CRUZ DEL ISLOTE (CARTAGENA DE INDIAS - BOLÍVAR),2023,11,448.0,133.0,60.0,Sábado,2023 Nov 11 10:45:00 PM,24.0
18,CAQUETÁ,18150,CARTAGENA DEL CHAIRA,18150001,REMOLINO DEL CAGUAN (CARTAGENA DEL CHAIRA - CAQUETÁ),2023,11,18.814,7.987,60.0,Sábado,2023 Nov 11 06:15:00 PM,24.0
18,CAQUETÁ,18150,CARTAGENA DEL CHAIRA,18150002,SANTA FE DEL CAGUAN (CARTAGENA DEL CHAIRA - CAQUETÁ),2023,11,4.326,2.041,60.0,Jueves,2023 Nov 09 06:15:00 PM,24.0
18,CAQUETÁ,18753,SAN VICENTE DEL CAGUÁN,18753002,GUACAMAYAS (SAN VICENTE DEL CAGUÁN - CAQUETÁ),2023,11,12.538,5.007,60.0,Viernes,2023 Nov 17 06:30:00 PM,24.0
18,CAQUETÁ,18753,SAN VICENTE DEL CAGUÁN,18753009,PUERTO BETANIA (SAN VICENTE DEL CAGUÁN - CAQUETÁ),2023,11,0.0,0.0,0.0,Miércoles,2023 Nov 01 12:00:00 AM,0.0
19,CAUCA,19318,GUAPI,19318008,LIMONES (GUAPI - CAUCA),2023,11,8.474,3.841,60.0,Domingo,2023 Nov 19 06:00:00 PM,24.0
19,CAUCA,19318,GUAPI,19318013,SAN ANTONIO DE GUAJUI (GUAPI - CAUCA),2023,11,7.662,4.213,60.0,Miércoles,2023 Nov 08 07:15:00 PM,24.0
19,CAUCA,19418,LÓPEZ DE MICAY,19418038,ISLA DE GALLO (LÓPEZ DE MICAY - CAUCA),2023,11,3.076,1.482,60.0,Lunes,2023 Nov 13 07:30:00 PM,24.0
19,CAUCA,19418,LÓPEZ DE MICAY,19418009,NOANAMITO (LÓPEZ DE MICAY - CAUCA),2023,11,6.616,2.445,36.0,Domingo,2023 Nov 19 08:00:00 PM,24.0
19,CAUCA,19418,LÓPEZ DE MICAY,19418011,RIO MAYA - DOS QUEBRADAS (LÓPEZ DE MICAY - CAUCA),2023,11,2.213,801.0,60.0,Sábado,2023 Nov 11 07:00:00 PM,24.0
19,CAUCA,19418,LÓPEZ DE MICAY,19418012,SAN ANTONIO DE CHUARE (LÓPEZ DE MICAY - CAUCA),2023,11,4.393,1.125,60.0,Miércoles,2023 Nov 22 07:00:00 PM,24.0
19,CAUCA,19418,LÓPEZ DE MICAY,19418015,SAN ISIDRO (LÓPEZ DE MICAY - CAUCA),2023,11,976.0,561.0,60.0,Jueves,2023 Nov 02 06:15:00 PM,24.0
19,CAUCA,19418,LÓPEZ DE MICAY,19418019,ZARAGOZA (LÓPEZ DE MICAY - CAUCA),2023,11,10.757,3.84,60.0,Jueves,2023 Nov 02 10:15:00 AM,24.0
19,CAUCA,19809,TIMBIQUÍ,19809014,CHACON (TIMBIQUÍ - CAUCA),2023,11,3.756,1.053,60.0,Sábado,2023 Nov 25 07:30:00 PM,24.0
19,CAUCA,19809,TIMBIQUÍ,19809010,COMUNIDAD DE CHETE (TIMBIQUÍ - CAUCA),2023,11,5.17,2.038,60.0,Lunes,2023 Nov 13 06:45:00 AM,24.0
19,CAUCA,19809,TIMBIQUÍ,19809003,COTEJE (TIMBIQUÍ - CAUCA),2023,11,5.854,4.181,60.0,Martes,2023 Nov 07 07:45:00 PM,24.0
19,CAUCA,19809,TIMBIQUÍ,19809026,LOS BRAZOS (TIMBIQUÍ - CAUCA),2023,11,5.402,2.5,60.0,Viernes,2023 Nov 17 06:45:00 PM,24.0
19,CAUCA,19809,TIMBIQUÍ,19809023,PUERTO SAIJA (TIMBIQUÍ - CAUCA),2023,11,34.122,11.594,60.0,Miércoles,2023 Nov 01 06:15:00 PM,24.0
19,CAUCA,19809,TIMBIQUÍ,19809007,SAN JOSE (TIMBIQUÍ - CAUCA),2023,11,5.485,3.821,60.0,Sábado,2023 Nov 18 07:45:00 PM,24.0
19,CAUCA,19809,TIMBIQUÍ,19809009,SANTA ROSA DE SAIJA (TIMBIQUÍ - CAUCA),2023,11,2.24,649.0,60.0,Viernes,2023 Nov 24 07:30:00 PM,24.0
27,CHOCÓ,27006,ACANDÍ,27006000,ACANDÍ (ACANDÍ - CHOCÓ),2023,11,702.876,211.893,60.0,Jueves,2023 Nov 09 09:15:00 PM,24.0
27,CHOCÓ,27006,ACANDÍ,27006007,SAN FRANCISCO (ACANDÍ - CHOCÓ),2023,11,12.717,5.851,60.0,Lunes,2023 Nov 27 07:00:00 PM,24.0
27,CHOCÓ,27025,ALTO BAUDO,27025000,CIUDAD BAUDO - PIE DE PATO (ALTO BAUDO - CHOCÓ),2023,11,52.084,18.344,60.0,Lunes,2023 Nov 06 12:15:00 PM,24.0
27,CHOCÓ,27075,BAHÍA SOLANO,27075000,CIUDAD MUTIS (BAHÍA SOLANO - CHOCÓ),2023,11,541.813,224.723,60.0,Sábado,2023 Nov 11 05:45:00 PM,24.0
27,CHOCÓ,27075,BAHÍA SOLANO,27075001,CUPICA (BAHÍA SOLANO - CHOCÓ),2023,11,67.004,22.98,60.0,Martes,2023 Nov 14 07:15:00 PM,24.0
27,CHOCÓ,27075,BAHÍA SOLANO,27075002,EL VALLE (BAHÍA SOLANO - CHOCÓ),2023,11,178.852,67.562,60.0,Sábado,2023 Nov 04 06:45:00 PM,24.0
27,CHOCÓ,27077,BAJO BAUDÓ,27077008,ORPUA (BAJO BAUDÓ - CHOCÓ),2023,11,1.02,486.0,60.0,Lunes,2023 Nov 27 06:45:00 PM,24.0
27,CHOCÓ,27077,BAJO BAUDÓ,27077000,PIZARRO (BAJO BAUDÓ - CHOCÓ),2023,11,217.027,91.761,60.0,Viernes,2023 Nov 10 07:00:00 PM,24.0
27,CHOCÓ,27077,BAJO BAUDÓ,27077016,SIVIRU (BAJO BAUDÓ - CHOCÓ),2023,11,8.376,3.068,60.0,Jueves,2023 Nov 09 06:30:00 PM,24.0
27,CHOCÓ,27099,BOJAYÁ,27099005,NAPIPI (BOJAYÁ - CHOCÓ),2023,11,12.335,4.182,60.0,Miércoles,2023 Nov 01 06:45:00 PM,24.0
27,CHOCÓ,27250,EL LITORAL DEL SAN JUAN,27250000,SANTA GENOVEVA DE DOCORDO (EL LITORAL DEL SAN JUAN - CHOCÓ),2023,11,86.797,46.316,60.0,Viernes,2023 Nov 03 12:15:00 PM,24.0
27,CHOCÓ,27372,JURADO,27372000,JURADO (JURADO - CHOCÓ),2023,11,172.225,61.251,60.0,Martes,2023 Nov 28 06:45:00 PM,24.0
27,CHOCÓ,27425,MEDIO ATRATO,27425000,BETE (MEDIO ATRATO - CHOCÓ),2023,11,14.381,8.997,52.0,Miércoles,2023 Nov 01 10:30:00 AM,24.0
27,CHOCÓ,27425,MEDIO ATRATO,27425008,SAN ROQUE (MEDIO ATRATO - CHOCÓ),2023,11,264.0,110.0,60.0,Jueves,2023 Nov 02 06:45:00 PM,24.0
27,CHOCÓ,27495,NUQUÍ,27495011,COMUNIDAD DE PUERTO JAGUA (NUQUÍ - CHOCÓ),2023,11,940.0,429.0,60.0,Martes,2023 Nov 14 06:00:00 PM,24.0
27,CHOCÓ,27001,QUIBDÓ,27001029,TAGACHI (QUIBDÓ - CHOCÓ),2023,11,4.894,1.95,60.0,Domingo,2023 Nov 26 07:30:00 PM,24.0
27,CHOCÓ,27800,UNGUÍA,27800001,BALBOA (UNGUÍA - CHOCÓ),2023,11,24.207,9.073,60.0,Viernes,2023 Nov 10 07:30:00 PM,24.0
27,CHOCÓ,27800,UNGUÍA,27800005,TITUMATE (UNGUÍA - CHOCÓ),2023,11,15.589,3.69,60.0,Sábado,2023 Nov 04 08:15:00 PM,24.0
27,CHOCÓ,27800,UNGUÍA,27800000,UNGUÍA (UNGUÍA - CHOCÓ),2023,11,433.26,142.208,60.0,Jueves,2023 Nov 09 06:30:00 PM,24.0
94,GUAINÍA,94343,BARRANCO MINAS,94343000,BARRANCO MINAS (BARRANCO MINAS - GUAINÍA),2023,11,82.494,23.342,60.0,Miércoles,2023 Nov 22 06:15:00 PM,24.0
94,GUAINÍA,94001,INÍRIDA,94001000,INÍRIDA (INÍRIDA - GUAINÍA),2023,11,10.326,672.727,60.0,Lunes,2023 Nov 20 03:00:00 PM,24.0
95,GUAVIARE,95200,MIRAFLORES,95200000,MIRAFLORES (MIRAFLORES - GUAVIARE),2023,11,87.077,27.213,60.0,Sábado,2023 Nov 18 06:00:00 PM,24.0
47,MAGDALENA,47189,CIÉNAGA,47189018,PALMOR (CIÉNAGA - MAGDALENA),2023,11,108.3,47.181,60.0,Sábado,2023 Nov 11 06:15:00 PM,24.0
50,META,50325,MAPIRIPAN,50325000,MAPIRIPAN (MAPIRIPAN - META),2023,11,187.623,65.602,60.0,Miércoles,2023 Nov 22 06:00:00 PM,24.0
52,NARIÑO,52250,EL CHARCO,52250016,ALTERON - URIBE URIBE (EL CHARCO - NARIÑO),2023,11,190.0,116.0,60.0,Miércoles,2023 Nov 01 06:30:00 PM,24.0
52,NARIÑO,52250,EL CHARCO,52250023,BAZAN (EL CHARCO - NARIÑO),2023,11,11.082,4.658,60.0,Miércoles,2023 Nov 01 06:30:00 PM,24.0
52,NARIÑO,52250,EL CHARCO,52250003,BOLIVAR - SAN PEDRO (EL CHARCO - NARIÑO),2023,11,1.364,1.346,60.0,Jueves,2023 Nov 02 07:45:00 PM,24.0
52,NARIÑO,52250,EL CHARCO,52250022,EL CUIL PUEBLO NUEVO (EL CHARCO - NARIÑO),2023,11,5.848,2.6,60.0,Lunes,2023 Nov 20 07:00:00 PM,24.0
52,NARIÑO,52250,EL CHARCO,52250005,LAS MERCEDES (EL CHARCO - NARIÑO),2023,11,1.312,532.0,60.0,Martes,2023 Nov 28 07:00:00 PM,24.0
52,NARIÑO,52250,EL CHARCO,52250007,SAN JOSE DEL TAPAJE (EL CHARCO - NARIÑO),2023,11,9.098,2.412,64.0,Miércoles,2023 Nov 29 06:45:00 PM,24.0
52,NARIÑO,52520,FRANCISCO PIZARRO,52520013,SAN PEDRO DEL VINO (FRANCISCO PIZARRO - NARIÑO),2023,11,8.32,3.54,60.0,Jueves,2023 Nov 09 04:00:00 PM,24.0
52,NARIÑO,52390,LA TOLA,52390013,AMARALES (LA TOLA - NARIÑO),2023,11,9.367,2.482,60.0,Miércoles,2023 Nov 01 07:00:00 PM,24.0
52,NARIÑO,52390,LA TOLA,52390003,LA VIGIA DE LA MAR (LA TOLA - NARIÑO),2023,11,7.62,2.512,60.0,Martes,2023 Nov 28 11:45:00 AM,24.0
52,NARIÑO,52390,LA TOLA,52390009,MULATOS (LA TOLA - NARIÑO),2023,11,4.232,3.311,60.0,Jueves,2023 Nov 02 03:15:00 PM,24.0
52,NARIÑO,52490,OLAYA HERRERA,52490913,BOCA DE PRIETA (OLAYA HERRERA - NARIÑO),2023,11,2.976,777.0,60.0,Domingo,2023 Nov 26 08:15:00 PM,24.0
52,NARIÑO,52835,SAN ANDRÉS DE TUMACO,52835055,BOCAS DE CURAY (SAN ANDRÉS DE TUMACO - NARIÑO),2023,11,6.741,2.487,60.0,Sábado,2023 Nov 18 07:00:00 PM,24.0
52,NARIÑO,52835,SAN ANDRÉS DE TUMACO,52835217,SAN JUAN DE LA COSTA (SAN ANDRÉS DE TUMACO - NARIÑO),2023,11,17.238,6.393,60.0,Jueves,2023 Nov 16 07:15:00 PM,24.0
52,NARIÑO,52696,SANTA BÁRBARA,52696014,LA ENSENADA (SANTA BÁRBARA - NARIÑO),2023,11,3.302,3.764,60.0,Jueves,2023 Nov 30 07:15:00 PM,24.0
76,VALLE DEL CAUCA,76109,BUENAVENTURA,76109028,PUERTO MERIZALDE (BUENAVENTURA - VALLE DEL CAUCA),2023,11,91.399,35.244,60.0,Miércoles,2023 Nov 15 07:45:00 PM,24.0
76,VALLE DEL CAUCA,76109,BUENAVENTURA,76109032,SAN FRANCISCO NAYA (BUENAVENTURA - VALLE DEL CAUCA),2023,11,6.585,2.19,60.0,Sábado,2023 Nov 11 12:00:00 PM,24.0
97,VAUPÉS,97161,CARURÚ,97161000,CARURÚ (CARURÚ - VAUPÉS),2023,11,25.424,8.828,60.0,Miércoles,2023 Nov 08 04:30:00 PM,24.0
97,VAUPÉS,97001,MITÚ,97001000,MITÚ (MITÚ - VAUPÉS),2023,11,10.326,394.293,60.0,Miércoles,2023 Nov 01 12:00:00 PM,24.0
97,VAUPÉS,97666,TARAIRA,97666000,TARAIRA (TARAIRA - VAUPÉS),2023,11,34.057,10.156,60.0,Martes,2023 Nov 14 12:30:00 PM,24.0
99,VICHADA,99001,PUERTO CARREÑO,99001000,PUERTO CARREÑO (PUERTO CARREÑO - VICHADA),2023,11,10.326,667.83,60.0,Miércoles,2023 Nov 01 01:45:00 PM,24.0
91,AMAZONAS,91001,LETICIA,91001000,LETICIA (LETICIA - AMAZONAS),2023,11,10.326,8.475,60.0,Viernes,2023 Nov 17 03:15:00 PM,24.0
91,AMAZONAS,91798,TARAPACA (ANM),91798000,TARAPACA (TARAPACA (ANM) - AMAZONAS),2023,12,28.067,12.638,60.0,Miércoles,2023 Dec 06 07:00:00 PM,24.0
5,ANTIOQUIA,5873,VIGÍA DEL FUERTE,5873010,LA PLAYA MURRI  (VIGÍA DEL FUERTE - ANTIOQUIA),2023,12,8.082,4.939,60.0,Domingo,2023 Dec 24 06:30:00 PM,24.0
5,ANTIOQUIA,5873,VIGÍA DEL FUERTE,5873013,LOMA MURRI (VIGÍA DEL FUERTE - ANTIOQUIA),2023,12,10.159,3.759,60.0,Domingo,2023 Dec 24 06:30:00 PM,24.0
88,ARCHIPIÉLAGO DE SAN ANDRÉS y PROVIDENCIA,88564,PROVIDENCIA,88564000,PROVIDENCIA (PROVIDENCIA - ARCHIPIÉLAGO DE SAN ANDRÉS y PROVIDENCIA ),2023,12,10.326,254.578,60.0,Martes,2023 Dec 26 11:00:00 PM,24.0
88,ARCHIPIÉLAGO DE SAN ANDRÉS y PROVIDENCIA,88001,SAN ANDRÉS,88001000,SAN ANDRÉS (SAN ANDRÉS - ARCHIPIÉLAGO DE SAN ANDRÉS y PROVIDENCIA ),2023,12,10.326,8.475,60.0,Miércoles,2023 Dec 27 03:45:00 PM,24.0
13,BOLÍVAR,13001,CARTAGENA DE INDIAS,13001007,ISLA FUERTE (CARTAGENA DE INDIAS - BOLÍVAR),2023,12,54.967,25.641,60.0,Sábado,2023 Dec 30 10:30:00 PM,24.0
13,BOLÍVAR,13001,CARTAGENA DE INDIAS,13001037,ISLA MUCURA (CARTAGENA DE INDIAS - BOLÍVAR),2023,12,6.884,2.587,60.0,Sábado,2023 Dec 02 12:45:00 AM,24.0
13,BOLÍVAR,13001,CARTAGENA DE INDIAS,13001017,SANTA CRUZ DEL ISLOTE (CARTAGENA DE INDIAS - BOLÍVAR),2023,12,0.0,0.0,0.0,Viernes,2023 Dec 01 12:00:00 AM,0.0
18,CAQUETÁ,18150,CARTAGENA DEL CHAIRA,18150001,REMOLINO DEL CAGUAN (CARTAGENA DEL CHAIRA - CAQUETÁ),2023,12,15.692,5.805,60.0,Viernes,2023 Dec 01 09:30:00 PM,24.0
18,CAQUETÁ,18150,CARTAGENA DEL CHAIRA,18150002,SANTA FE DEL CAGUAN (CARTAGENA DEL CHAIRA - CAQUETÁ),2023,12,4.78,2.21,60.0,Domingo,2023 Dec 31 07:15:00 PM,24.0
18,CAQUETÁ,18753,SAN VICENTE DEL CAGUÁN,18753002,GUACAMAYAS (SAN VICENTE DEL CAGUÁN - CAQUETÁ),2023,12,10.287,4.246,60.0,Domingo,2023 Dec 24 06:45:00 PM,24.0
18,CAQUETÁ,18753,SAN VICENTE DEL CAGUÁN,18753009,PUERTO BETANIA (SAN VICENTE DEL CAGUÁN - CAQUETÁ),2023,12,0.0,0.0,0.0,Viernes,2023 Dec 01 12:00:00 AM,0.0
18,CAQUETÁ,18753,SAN VICENTE DEL CAGUÁN,18753033,VILLA LOBOS (SAN VICENTE DEL CAGUÁN - CAQUETÁ),2023,12,23.077,9.987,60.0,Viernes,2023 Dec 01 06:15:00 PM,24.0
19,CAUCA,19318,GUAPI,19318008,LIMONES (GUAPI - CAUCA),2023,12,9.215,4.133,60.0,Domingo,2023 Dec 24 08:00:00 PM,24.0
19,CAUCA,19318,GUAPI,19318013,SAN ANTONIO DE GUAJUI (GUAPI - CAUCA),2023,12,11.779,6.664,60.0,Martes,2023 Dec 05 07:30:00 PM,24.0
19,CAUCA,19418,LÓPEZ DE MICAY,19418038,ISLA DE GALLO (LÓPEZ DE MICAY - CAUCA),2023,12,1.893,734.0,60.0,Viernes,2023 Dec 22 08:15:00 PM,24.0
19,CAUCA,19418,LÓPEZ DE MICAY,19418009,NOANAMITO (LÓPEZ DE MICAY - CAUCA),2023,12,8.189,2.923,32.0,Viernes,2023 Dec 01 07:00:00 PM,24.0
19,CAUCA,19418,LÓPEZ DE MICAY,19418011,RIO MAYA - DOS QUEBRADAS (LÓPEZ DE MICAY - CAUCA),2023,12,4.688,1.672,60.0,Martes,2023 Dec 26 08:00:00 PM,24.0
19,CAUCA,19418,LÓPEZ DE MICAY,19418012,SAN ANTONIO DE CHUARE (LÓPEZ DE MICAY - CAUCA),2023,12,1.074,264.0,60.0,Viernes,2023 Dec 22 07:30:00 PM,24.0
19,CAUCA,19418,LÓPEZ DE MICAY,19418015,SAN ISIDRO (LÓPEZ DE MICAY - CAUCA),2023,12,336.0,185.0,60.0,Lunes,2023 Dec 04 06:30:00 PM,24.0
19,CAUCA,19418,LÓPEZ DE MICAY,19418019,ZARAGOZA (LÓPEZ DE MICAY - CAUCA),2023,12,6.482,2.266,60.0,Sábado,2023 Dec 09 07:00:00 PM,24.0
19,CAUCA,19809,TIMBIQUÍ,19809014,CHACON (TIMBIQUÍ - CAUCA),2023,12,4.33,1.276,60.0,Sábado,2023 Dec 02 06:45:00 PM,24.0
19,CAUCA,19809,TIMBIQUÍ,19809010,COMUNIDAD DE CHETE (TIMBIQUÍ - CAUCA),2023,12,4.824,1.952,60.0,Sábado,2023 Dec 30 06:30:00 AM,24.0
19,CAUCA,19809,TIMBIQUÍ,19809003,COTEJE (TIMBIQUÍ - CAUCA),2023,12,6.198,4.496,60.0,Viernes,2023 Dec 15 08:15:00 PM,24.0
19,CAUCA,19809,TIMBIQUÍ,19809026,LOS BRAZOS (TIMBIQUÍ - CAUCA),2023,12,7.459,3.409,60.0,Sábado,2023 Dec 16 07:45:00 PM,24.0
19,CAUCA,19809,TIMBIQUÍ,19809023,PUERTO SAIJA (TIMBIQUÍ - CAUCA),2023,12,27.403,9.243,60.0,Domingo,2023 Dec 24 08:30:00 PM,24.0
19,CAUCA,19809,TIMBIQUÍ,19809007,SAN JOSE (TIMBIQUÍ - CAUCA),2023,12,7.195,4.792,60.0,Viernes,2023 Dec 15 06:45:00 PM,24.0
19,CAUCA,19809,TIMBIQUÍ,19809009,SANTA ROSA DE SAIJA (TIMBIQUÍ - CAUCA),2023,12,3.561,1.06,60.0,Sábado,2023 Dec 02 07:15:00 PM,24.0
27,CHOCÓ,27006,ACANDÍ,27006000,ACANDÍ (ACANDÍ - CHOCÓ),2023,12,763.985,225.386,60.0,Martes,2023 Dec 12 09:30:00 PM,24.0
27,CHOCÓ,27006,ACANDÍ,27006007,SAN FRANCISCO (ACANDÍ - CHOCÓ),2023,12,17.019,7.527,60.0,Domingo,2023 Dec 31 07:00:00 PM,24.0
27,CHOCÓ,27025,ALTO BAUDO,27025000,CIUDAD BAUDO - PIE DE PATO (ALTO BAUDO - CHOCÓ),2023,12,52.554,19.319,60.0,Miércoles,2023 Dec 27 12:00:00 PM,24.0
27,CHOCÓ,27075,BAHÍA SOLANO,27075000,CIUDAD MUTIS (BAHÍA SOLANO - CHOCÓ),2023,12,796.221,251.852,60.0,Viernes,2023 Dec 22 10:00:00 AM,24.0
27,CHOCÓ,27075,BAHÍA SOLANO,27075001,CUPICA (BAHÍA SOLANO - CHOCÓ),2023,12,74.835,25.296,60.0,Martes,2023 Dec 05 07:15:00 PM,24.0
27,CHOCÓ,27075,BAHÍA SOLANO,27075002,EL VALLE (BAHÍA SOLANO - CHOCÓ),2023,12,192.179,70.932,60.0,Viernes,2023 Dec 22 07:15:00 PM,24.0
27,CHOCÓ,27077,BAJO BAUDÓ,27077008,ORPUA (BAJO BAUDÓ - CHOCÓ),2023,12,1.117,325.0,60.0,Viernes,2023 Dec 15 06:00:00 PM,24.0
27,CHOCÓ,27077,BAJO BAUDÓ,27077000,PIZARRO (BAJO BAUDÓ - CHOCÓ),2023,12,235.973,100.121,60.0,Domingo,2023 Dec 10 06:30:00 PM,24.0
27,CHOCÓ,27077,BAJO BAUDÓ,27077016,SIVIRU (BAJO BAUDÓ - CHOCÓ),2023,12,8.992,3.33,60.0,Domingo,2023 Dec 31 07:30:00 PM,24.0
27,CHOCÓ,27077,BAJO BAUDÓ,27077019,VIRUDO (BAJO BAUDÓ - CHOCÓ),2023,12,7.127,3.144,60.0,Miércoles,2023 Dec 27 09:00:00 PM,24.0
27,CHOCÓ,27099,BOJAYÁ,27099005,NAPIPI (BOJAYÁ - CHOCÓ),2023,12,11.59,3.853,60.0,Domingo,2023 Dec 24 01:00:00 PM,24.0
27,CHOCÓ,27250,EL LITORAL DEL SAN JUAN,27250023,PAPAYO (EL LITORAL DEL SAN JUAN - CHOCÓ),2023,12,6.85,2.152,60.0,Sábado,2023 Dec 02 07:15:00 PM,24.0
27,CHOCÓ,27250,EL LITORAL DEL SAN JUAN,27250913,SAN BERNARDO BURUJON (EL LITORAL DEL SAN JUAN - CHOCÓ),2023,12,2.722,1.946,60.0,Jueves,2023 Dec 28 07:15:00 PM,18.0
27,CHOCÓ,27250,EL LITORAL DEL SAN JUAN,27250000,SANTA GENOVEVA DE DOCORDO (EL LITORAL DEL SAN JUAN - CHOCÓ),2023,12,79.851,40.738,60.0,Lunes,2023 Dec 04 12:30:00 PM,24.0
27,CHOCÓ,27361,ISTMINA,27361023,POTEDÓ (ISTMINA - CHOCÓ),2023,12,4.772,3.002,60.0,Sábado,2023 Dec 09 07:15:00 PM,24.0
27,CHOCÓ,27361,ISTMINA,27361048,UNION CHOCO (ISTMINA - CHOCÓ),2023,12,2.235,838.0,60.0,Miércoles,2023 Dec 06 01:30:00 PM,24.0
27,CHOCÓ,27372,JURADO,27372000,JURADO (JURADO - CHOCÓ),2023,12,192.805,64.716,60.0,Martes,2023 Dec 05 07:30:00 PM,24.0
27,CHOCÓ,27425,MEDIO ATRATO,27425000,BETE (MEDIO ATRATO - CHOCÓ),2023,12,14.94,8.81,56.0,Martes,2023 Dec 05 11:45:00 AM,24.0
27,CHOCÓ,27425,MEDIO ATRATO,27425008,SAN ROQUE (MEDIO ATRATO - CHOCÓ),2023,12,0.0,0.0,0.0,Viernes,2023 Dec 01 12:00:00 AM,0.0
27,CHOCÓ,27450,MEDIO SAN JUAN,27450019,UNIÓN WAUNAÁN (MEDIO SAN JUAN - CHOCÓ),2023,12,6.284,1.378,60.0,Martes,2023 Dec 26 07:15:00 PM,24.0
27,CHOCÓ,27491,NOVITA,27491004,JUNTAS DE TAMANA (NOVITA - CHOCÓ),2023,12,3.855,1.54,60.0,Viernes,2023 Dec 22 06:45:00 PM,24.0
27,CHOCÓ,27495,NUQUÍ,27495011,COMUNIDAD DE PUERTO JAGUA (NUQUÍ - CHOCÓ),2023,12,685.0,319.0,60.0,Sábado,2023 Dec 09 08:45:00 PM,24.0
27,CHOCÓ,27001,QUIBDÓ,27001029,TAGACHI (QUIBDÓ - CHOCÓ),2023,12,6.427,2.574,60.0,Sábado,2023 Dec 30 07:30:00 PM,24.0
27,CHOCÓ,27615,RIOSUCIO,27615011,SAN JOSE TAMBORAL (RIOSUCIO - CHOCÓ),2023,12,1.293,501.0,60.0,Lunes,2023 Dec 25 06:45:00 PM,24.0
27,CHOCÓ,27800,UNGUÍA,27800001,BALBOA (UNGUÍA - CHOCÓ),2023,12,13.889,5.314,60.0,Domingo,2023 Dec 24 07:45:00 PM,24.0
27,CHOCÓ,27800,UNGUÍA,27800005,TITUMATE (UNGUÍA - CHOCÓ),2023,12,16.144,3.851,60.0,Viernes,2023 Dec 31 08:00:00 PM,24.0
27,CHOCÓ,27800,UNGUÍA,27800000,UNGUÍA (UNGUÍA - CHOCÓ),2023,12,471.749,154.056,60.0,Miércoles,2023 Dec 13 07:00:00 PM,24.0
94,GUAINÍA,94343,BARRANCO MINAS,94343000,BARRANCO MINAS (BARRANCO MINAS - GUAINÍA),2023,12,86.025,24.132,60.0,Jueves,2023 Dec 07 09:00:00 AM,24.0
94,GUAINÍA,94001,INÍRIDA,94001000,INÍRIDA (INÍRIDA - GUAINÍA),2023,12,10.326,701.469,60.0,Jueves,2023 Dec 21 05:45:00 PM,24.0
94,GUAINÍA,94001,INÍRIDA,94001966,LAGUNA COLORADA ALTA (INÍRIDA - GUAINÍA),2023,12,8.604,226.0,60.0,Lunes,2023 Dec 04 06:30:00 PM,24.0
95,GUAVIARE,95200,MIRAFLORES,95200000,MIRAFLORES (MIRAFLORES - GUAVIARE),2023,12,89.286,28.79,60.0,Jueves,2023 Dec 21 06:15:00 PM,24.0
44,LA GUAJIRA,44847,URIBIA,44847003,CABO DE LA VELA (URIBIA - LA GUAJIRA),2023,12,64.933,3.166,60.0,Miércoles,2023 Dec 27 08:00:00 PM,24.0
47,MAGDALENA,47189,CIÉNAGA,47189018,PALMOR (CIÉNAGA - MAGDALENA),2023,12,113.035,45.923,60.0,Sábado,2023 Dec 16 06:30:00 PM,24.0
50,META,50325,MAPIRIPAN,50325000,MAPIRIPAN (MAPIRIPAN - META),2023,12,189.964,65.139,60.0,Jueves,2023 Dec 21 06:15:00 PM,24.0
52,NARIÑO,52250,EL CHARCO,52250016,ALTERON - URIBE URIBE (EL CHARCO - NARIÑO),2023,12,0.0,0.0,0.0,Viernes,2023 Dec 01 12:00:00 AM,0.0
52,NARIÑO,52250,EL CHARCO,52250023,BAZAN (EL CHARCO - NARIÑO),2023,12,4.888,2.238,60.0,Domingo,2023 Dec 03 08:15:00 PM,24.0
52,NARIÑO,52250,EL CHARCO,52250003,BOLIVAR - SAN PEDRO (EL CHARCO - NARIÑO),2023,12,522.0,485.0,60.0,Sábado,2023 Dec 23 09:00:00 PM,24.0
52,NARIÑO,52250,EL CHARCO,52250022,EL CUIL PUEBLO NUEVO (EL CHARCO - NARIÑO),2023,12,7.301,3.195,60.0,Viernes,2023 Dec 22 03:45:00 PM,24.0
52,NARIÑO,52250,EL CHARCO,52250005,LAS MERCEDES (EL CHARCO - NARIÑO),2023,12,1.397,617.0,60.0,Miércoles,2023 Dec 20 08:00:00 PM,24.0
52,NARIÑO,52250,EL CHARCO,52250007,SAN JOSE DEL TAPAJE (EL CHARCO - NARIÑO),2023,12,11.398,2.932,64.0,Sábado,2023 Dec 09 07:00:00 PM,24.0
52,NARIÑO,52390,LA TOLA,52390013,AMARALES (LA TOLA - NARIÑO),2023,12,10.799,2.676,60.0,Domingo,2023 Dec 24 07:15:00 PM,24.0
52,NARIÑO,52390,LA TOLA,52390003,LA VIGIA DE LA MAR (LA TOLA - NARIÑO),2023,12,7.303,2.44,60.0,Martes,2023 Dec 05 11:30:00 AM,24.0
52,NARIÑO,52390,LA TOLA,52390009,MULATOS (LA TOLA - NARIÑO),2023,12,4.458,2.902,60.0,Miércoles,2023 Dec 20 06:00:00 PM,24.0
52,NARIÑO,52490,OLAYA HERRERA,52490913,BOCA DE PRIETA (OLAYA HERRERA - NARIÑO),2023,12,2.999,902.0,60.0,Miércoles,2023 Dec 20 06:00:00 PM,24.0
52,NARIÑO,52835,SAN ANDRÉS DE TUMACO,52835055,BOCAS DE CURAY (SAN ANDRÉS DE TUMACO - NARIÑO),2023,12,8.92,3.167,60.0,Sábado,2023 Dec 16 07:00:00 PM,24.0
52,NARIÑO,52835,SAN ANDRÉS DE TUMACO,52835217,SAN JUAN DE LA COSTA (SAN ANDRÉS DE TUMACO - NARIÑO),2023,12,21.091,8.106,60.0,Martes,2023 Dec 26 07:15:00 PM,24.0
52,NARIÑO,52696,SANTA BÁRBARA,52696014,LA ENSENADA (SANTA BÁRBARA - NARIÑO),2023,12,3.894,4.487,60.0,Lunes,2023 Dec 18 05:45:00 PM,24.0
76,VALLE DEL CAUCA,76109,BUENAVENTURA,76109957,HUMANES MAR (BUENAVENTURA - VALLE DEL CAUCA),2023,12,6.089,1.628,60.0,Viernes,2023 Dec 22 10:45:00 AM,24.0
76,VALLE DEL CAUCA,76109,BUENAVENTURA,76109028,PUERTO MERIZALDE (BUENAVENTURA - VALLE DEL CAUCA),2023,12,96.818,36.328,60.0,Viernes,2023 Dec 01 07:30:00 PM,24.0
76,VALLE DEL CAUCA,76109,BUENAVENTURA,76109032,SAN FRANCISCO NAYA (BUENAVENTURA - VALLE DEL CAUCA),2023,12,6.578,3.292,60.0,Sábado,2023 Dec 23 12:30:00 PM,24.0
76,VALLE DEL CAUCA,76109,BUENAVENTURA,76109034,SAN ISIDRO - CALIMA (BUENAVENTURA - VALLE DEL CAUCA),2023,12,1.111,343.0,60.0,Domingo,2023 Dec 31 08:15:00 PM,24.0
97,VAUPÉS,97161,CARURÚ,97161000,CARURÚ (CARURÚ - VAUPÉS),2023,12,22.348,7.08,60.0,Lunes,2023 Dec 04 06:15:00 PM,24.0
97,VAUPÉS,97001,MITÚ,97001000,MITÚ (MITÚ - VAUPÉS),2023,12,10.326,373.389,60.0,Miércoles,2023 Dec 20 12:00:00 PM,24.0
97,VAUPÉS,97666,TARAIRA,97666000,TARAIRA (TARAIRA - VAUPÉS),2023,12,34.421,10.138,60.0,Viernes,2023 Dec 01 01:15:00 PM,24.0
99,VICHADA,99001,PUERTO CARREÑO,99001000,PUERTO CARREÑO (PUERTO CARREÑO - VICHADA),2023,12,10.326,848.376,60.0,Miércoles,2023 Dec 20 02:30:00 PM,24.0
91,AMAZONAS,91001,LETICIA,91001000,LETICIA (LETICIA - AMAZONAS),2023,12,10.326,8.475,60.0,Miércoles,2023 Dec 20 03:15:00 PM,24.0
91,AMAZONAS,91001,LETICIA,91001000,LETICIA (LETICIA - AMAZONAS),2024,1,10.326,8.475,60.0,Miércoles,2024 Jan 03 02:30:00 PM,24.0
5,ANTIOQUIA,5873,VIGÍA DEL FUERTE,5873010,LA PLAYA MURRI  (VIGÍA DEL FUERTE - ANTIOQUIA),2024,1,5.137,2.908,60.0,Domingo,2024 Jan 28 06:45:00 PM,24.0
5,ANTIOQUIA,5873,VIGÍA DEL FUERTE,5873013,LOMA MURRI (VIGÍA DEL FUERTE - ANTIOQUIA),2024,1,6.07,2.216,60.0,Domingo,2024 Jan 28 02:45:00 PM,24.0
88,ARCHIPIÉLAGO DE SAN ANDRÉS y PROVIDENCIA,88564,PROVIDENCIA,88564000,PROVIDENCIA (PROVIDENCIA - ARCHIPIÉLAGO DE SAN ANDRÉS y PROVIDENCIA ),2024,1,10.326,254.221,60.0,Jueves,2024 Jan 04 09:30:00 PM,24.0
88,"ARCHIPIÉLAGO DE SAN ANDRÉS, PROVIDENCIA Y SANTA CATALINA",88001,SAN ANDRÉS,88001000,SAN ANDRÉS (SAN ANDRÉS - ARCHIPIÉLAGO DE SAN ANDRÉS Y PROVIDENCIA),2024,1,10.326,8.475,60.0,Lunes,2024 Jan 15 03:45:00 PM,24.0
13,BOLÍVAR,13001,CARTAGENA DE INDIAS,13001007,ISLA FUERTE (CARTAGENA DE INDIAS - BOLÍVAR),2024,1,57.124,25.836,60.0,Viernes,2024 Jan 05 07:00:00 PM,24.0
13,BOLÍVAR,13001,CARTAGENA DE INDIAS,13001037,ISLA MUCURA (CARTAGENA DE INDIAS - BOLÍVAR),2024,1,7.245,2.832,60.0,Domingo,2024 Jan 07 05:30:00 AM,12.0
13,BOLÍVAR,13001,CARTAGENA DE INDIAS,13001017,SANTA CRUZ DEL ISLOTE (CARTAGENA DE INDIAS - BOLÍVAR),2024,1,2.051,740.0,60.0,Lunes,2024 Jan 29 10:15:00 PM,24.0
18,CAQUETÁ,18150,CARTAGENA DEL CHAIRA,18150001,REMOLINO DEL CAGUAN (CARTAGENA DEL CHAIRA - CAQUETÁ),2024,1,17.412,6.532,60.0,Sábado,2024 Jan 27 07:45:00 PM,24.0
18,CAQUETÁ,18150,CARTAGENA DEL CHAIRA,18150002,SANTA FE DEL CAGUAN (CARTAGENA DEL CHAIRA - CAQUETÁ),2024,1,4.322,1.966,60.0,Miércoles,2024 Jan 31 07:15:00 PM,24.0
18,CAQUETÁ,18753,SAN VICENTE DEL CAGUÁN,18753002,GUACAMAYAS (SAN VICENTE DEL CAGUÁN - CAQUETÁ),2024,1,0.0,0.0,0.0,Lunes,2024 Jan 01 12:00:00 AM,0.0
18,CAQUETÁ,18753,SAN VICENTE DEL CAGUÁN,18753009,PUERTO BETANIA (SAN VICENTE DEL CAGUÁN - CAQUETÁ),2024,1,12.0,5.0,60.0,Martes,2024 Jan 30 01:30:00 PM,1.0
18,CAQUETÁ,18753,SAN VICENTE DEL CAGUÁN,18753033,VILLA LOBOS (SAN VICENTE DEL CAGUÁN - CAQUETÁ),2024,1,11.458,4.545,60.0,Miércoles,2024 Jan 17 07:30:00 PM,24.0
19,CAUCA,19318,GUAPI,19318008,LIMONES (GUAPI - CAUCA),2024,1,9.374,4.15,60.0,Lunes,2024 Jan 15 07:45:00 PM,24.0
19,CAUCA,19318,GUAPI,19318013,SAN ANTONIO DE GUAJUI (GUAPI - CAUCA),2024,1,11.279,6.561,60.0,Viernes,2024 Jan 26 07:45:00 PM,24.0
19,CAUCA,19418,LÓPEZ DE MICAY,19418033,BOCA GRANDE (LÓPEZ DE MICAY - CAUCA),2024,1,3.845,837.0,60.0,Miércoles,2024 Jan 03 07:30:00 PM,24.0
19,CAUCA,19418,LÓPEZ DE MICAY,19418038,ISLA DE GALLO (LÓPEZ DE MICAY - CAUCA),2024,1,2.762,1.281,60.0,Viernes,2024 Jan 26 07:15:00 PM,24.0
19,CAUCA,19418,LÓPEZ DE MICAY,19418009,NOANAMITO (LÓPEZ DE MICAY - CAUCA),2024,1,7.653,2.786,32.0,Sábado,2024 Jan 13 07:15:00 PM,24.0
19,CAUCA,19418,LÓPEZ DE MICAY,19418011,RIO MAYA - DOS QUEBRADAS (LÓPEZ DE MICAY - CAUCA),2024,1,4.199,1.449,60.0,Viernes,2024 Jan 26 07:15:00 PM,24.0
19,CAUCA,19418,LÓPEZ DE MICAY,19418012,SAN ANTONIO DE CHUARE (LÓPEZ DE MICAY - CAUCA),2024,1,2.504,660.0,60.0,Viernes,2024 Jan 26 06:45:00 PM,24.0
19,CAUCA,19418,LÓPEZ DE MICAY,19418015,SAN ISIDRO (LÓPEZ DE MICAY - CAUCA),2024,1,627.0,364.0,60.0,Miércoles,2024 Jan 24 07:00:00 PM,24.0
19,CAUCA,19418,LÓPEZ DE MICAY,19418019,ZARAGOZA (LÓPEZ DE MICAY - CAUCA),2024,1,4.771,1.732,60.0,Sábado,2024 Jan 27 08:00:00 PM,24.0
19,CAUCA,19809,TIMBIQUÍ,19809014,CHACON (TIMBIQUÍ - CAUCA),2024,1,3.302,970.0,60.0,Martes,2024 Jan 30 08:30:00 PM,24.0
19,CAUCA,19809,TIMBIQUÍ,19809003,COTEJE (TIMBIQUÍ - CAUCA),2024,1,5.626,4.207,60.0,Lunes,2024 Jan 22 08:45:00 PM,24.0
19,CAUCA,19809,TIMBIQUÍ,19809026,LOS BRAZOS (TIMBIQUÍ - CAUCA),2024,1,6.938,3.231,60.0,Domingo,2024 Jan 07 07:30:00 PM,24.0
19,CAUCA,19809,TIMBIQUÍ,19809023,PUERTO SAIJA (TIMBIQUÍ - CAUCA),2024,1,21.638,7.454,60.0,Lunes,2024 Jan 29 08:30:00 PM,24.0
19,CAUCA,19809,TIMBIQUÍ,19809007,SAN JOSE (TIMBIQUÍ - CAUCA),2024,1,6.927,4.754,36.0,Martes,2024 Jan 09 07:30:00 PM,24.0
19,CAUCA,19809,TIMBIQUÍ,19809009,SANTA ROSA DE SAIJA (TIMBIQUÍ - CAUCA),2024,1,2.661,776.0,60.0,Miércoles,2024 Jan 31 07:00:00 PM,24.0
27,CHOCÓ,27006,ACANDÍ,27006000,ACANDÍ (ACANDÍ - CHOCÓ),2024,1,648.455,192.27,60.0,Jueves,2024 Jan 25 10:00:00 PM,24.0
27,CHOCÓ,27006,ACANDÍ,27006003,CAPURGANA (ACANDÍ - CHOCÓ),2024,1,0.0,0.0,0.0,Lunes,2024 Jan 01 12:00:00 AM,0.0
27,CHOCÓ,27006,ACANDÍ,27006007,SAN FRANCISCO (ACANDÍ - CHOCÓ),2024,1,16.63,7.375,60.0,Viernes,2024 Jan 05 08:15:00 PM,24.0
27,CHOCÓ,27025,ALTO BAUDO,27025000,CIUDAD BAUDO - PIE DE PATO (ALTO BAUDO - CHOCÓ),2024,1,54.62,18.968,60.0,Martes,2024 Jan 23 12:00:00 PM,24.0
27,CHOCÓ,27025,ALTO BAUDO,27025034,PLAYITA CATRU (ALTO BAUDO - CHOCÓ),2024,1,684.0,103.0,60.0,Domingo,2024 Jan 28 06:45:00 PM,24.0
27,CHOCÓ,27075,BAHÍA SOLANO,27075000,CIUDAD MUTIS (BAHÍA SOLANO - CHOCÓ),2024,1,876.676,274.747,60.0,Martes,2024 Jan 16 10:30:00 AM,24.0
27,CHOCÓ,27075,BAHÍA SOLANO,27075001,CUPICA (BAHÍA SOLANO - CHOCÓ),2024,1,74.924,23.948,60.0,Lunes,2024 Jan 22 12:00:00 PM,24.0
27,CHOCÓ,27075,BAHÍA SOLANO,27075002,EL VALLE (BAHÍA SOLANO - CHOCÓ),2024,1,199.559,72.523,60.0,Martes,2024 Jan 16 07:15:00 PM,24.0
27,CHOCÓ,27077,BAJO BAUDÓ,27077008,ORPUA (BAJO BAUDÓ - CHOCÓ),2024,1,1.148,357.0,60.0,Miércoles,2024 Jan 24 06:45:00 PM,24.0
27,CHOCÓ,27077,BAJO BAUDÓ,27077000,PIZARRO (BAJO BAUDÓ - CHOCÓ),2024,1,247.062,98.417,60.0,Miércoles,2024 Jan 31 08:15:00 PM,24.0
27,CHOCÓ,27077,BAJO BAUDÓ,27077016,SIVIRU (BAJO BAUDÓ - CHOCÓ),2024,1,6.39,2.224,60.0,Sábado,2024 Jan 13 11:30:00 AM,24.0
27,CHOCÓ,27077,BAJO BAUDÓ,27077019,VIRUDO (BAJO BAUDÓ - CHOCÓ),2024,1,6.2,2.346,60.0,Viernes,2024 Jan 26 08:00:00 PM,24.0
27,CHOCÓ,27099,BOJAYÁ,27099005,NAPIPI (BOJAYÁ - CHOCÓ),2024,1,12.828,4.209,60.0,Jueves,2024 Jan 25 08:15:00 PM,24.0
27,CHOCÓ,27250,EL LITORAL DEL SAN JUAN,27250023,PAPAYO (EL LITORAL DEL SAN JUAN - CHOCÓ),2024,1,3.442,1.06,60.0,Miércoles,2024 Jan 17 07:00:00 PM,24.0
27,CHOCÓ,27250,EL LITORAL DEL SAN JUAN,27250913,SAN BERNARDO BURUJON (EL LITORAL DEL SAN JUAN - CHOCÓ),2024,1,2.547,4.539,60.0,Domingo,2024 Jan 14 11:15:00 PM,24.0
27,CHOCÓ,27250,EL LITORAL DEL SAN JUAN,27250000,SANTA GENOVEVA DE DOCORDO (EL LITORAL DEL SAN JUAN - CHOCÓ),2024,1,88.631,43.871,60.0,Domingo,2024 Jan 28 07:15:00 PM,24.0
27,CHOCÓ,27361,ISTMINA,27361023,POTEDÓ (ISTMINA - CHOCÓ),2024,1,2.581,1.481,60.0,Domingo,2024 Jan 28 06:30:00 PM,24.0
27,CHOCÓ,27361,ISTMINA,27361048,UNION CHOCO (ISTMINA - CHOCÓ),2024,1,1.358,519.0,60.0,Domingo,2024 Jan 07 08:15:00 PM,24.0
27,CHOCÓ,27372,JURADO,27372000,JURADO (JURADO - CHOCÓ),2024,1,184.421,64.789,60.0,Lunes,2024 Jan 22 04:00:00 PM,24.0
27,CHOCÓ,27425,MEDIO ATRATO,27425000,BETE (MEDIO ATRATO - CHOCÓ),2024,1,7.22,3.588,60.0,Jueves,2024 Jan 25 07:45:00 PM,24.0
27,CHOCÓ,27425,MEDIO ATRATO,27425008,SAN ROQUE (MEDIO ATRATO - CHOCÓ),2024,1,0.0,0.0,60.0,Martes,2024 Jan 23 04:00:00 PM,0.0
27,CHOCÓ,27450,MEDIO SAN JUAN,27450019,UNIÓN WAUNAÁN (MEDIO SAN JUAN - CHOCÓ),2024,1,2.028,431.0,60.0,Lunes,2024 Jan 29 07:00:00 PM,24.0
27,CHOCÓ,27491,NOVITA,27491004,JUNTAS DE TAMANA (NOVITA - CHOCÓ),2024,1,1.16,411.0,60.0,Sábado,2024 Jan 13 06:45:00 PM,24.0
27,CHOCÓ,27495,NUQUÍ,27495011,COMUNIDAD DE PUERTO JAGUA (NUQUÍ - CHOCÓ),2024,1,939.0,356.0,60.0,Martes,2024 Jan 02 07:45:00 PM,24.0
27,CHOCÓ,27001,QUIBDÓ,27001029,TAGACHI (QUIBDÓ - CHOCÓ),2024,1,5.787,2.158,60.0,Miércoles,2024 Jan 03 07:30:00 PM,24.0
27,CHOCÓ,27615,RIOSUCIO,27615011,SAN JOSE TAMBORAL (RIOSUCIO - CHOCÓ),2024,1,689.0,264.0,60.0,Martes,2024 Jan 16 07:30:00 PM,24.0
27,CHOCÓ,27800,UNGUÍA,27800001,BALBOA (UNGUÍA - CHOCÓ),2024,1,26.737,10.445,60.0,Sábado,2024 Jan 27 08:45:00 PM,24.0
27,CHOCÓ,27800,UNGUÍA,27800005,TITUMATE (UNGUÍA - CHOCÓ),2024,1,17.639,4.068,60.0,Lunes,2024 Jan 08 08:45:00 PM,24.0
27,CHOCÓ,27800,UNGUÍA,27800000,UNGUÍA (UNGUÍA - CHOCÓ),2024,1,480.145,158.137,60.0,Viernes,2024 Jan 26 09:30:00 PM,24.0
94,GUAINÍA,94343,BARRANCO MINAS,94343000,BARRANCO MINAS (BARRANCO MINAS - GUAINÍA),2024,1,84.069,23.303,60.0,Lunes,2024 Jan 29 01:30:00 PM,24.0
94,GUAINÍA,94001,INÍRIDA,94001000,INÍRIDA (INÍRIDA - GUAINÍA),2024,1,10.326,717.693,60.0,Miércoles,2024 Jan 31 02:45:00 PM,24.0
94,GUAINÍA,94001,INÍRIDA,94001966,LAGUNA COLORADA ALTA (INÍRIDA - GUAINÍA),2024,1,7.973,286.0,60.0,Martes,2024 Jan 02 06:15:00 PM,24.0
95,GUAVIARE,95200,MIRAFLORES,95200000,MIRAFLORES (MIRAFLORES - GUAVIARE),2024,1,89.54,27.803,60.0,Sábado,2024 Jan 27 07:30:00 PM,24.0
44,LA GUAJIRA,44847,URIBIA,44847003,CABO DE LA VELA (URIBIA - LA GUAJIRA),2024,1,49.224,2.096,60.0,Miércoles,2024 Jan 03 07:15:00 PM,24.0
47,MAGDALENA,47189,CIÉNAGA,47189018,PALMOR (CIÉNAGA - MAGDALENA),2024,1,105.706,40.062,60.0,Domingo,2024 Jan 31 06:30:00 PM,24.0
50,META,50325,MAPIRIPAN,50325000,MAPIRIPAN (MAPIRIPAN - META),2024,1,187.911,66.356,60.0,Martes,2024 Jan 07 06:45:00 PM,24.0
52,NARIÑO,52250,EL CHARCO,52250016,ALTERON - URIBE URIBE (EL CHARCO - NARIÑO),2024,1,114.0,61.0,6.0,Domingo,2024 Jan 23 07:00:00 PM,24.0
52,NARIÑO,52250,EL CHARCO,52250023,BAZAN (EL CHARCO - NARIÑO),2024,1,0.0,0.0,0.0,Lunes,2024 Jan 28 11:00:00 AM,0.0
52,NARIÑO,52250,EL CHARCO,52250003,BOLIVAR - SAN PEDRO (EL CHARCO - NARIÑO),2024,1,437.0,439.0,60.0,Domingo,2024 Jan 01 12:00:00 AM,24.0
52,NARIÑO,52250,EL CHARCO,52250022,EL CUIL PUEBLO NUEVO (EL CHARCO - NARIÑO),2024,1,5.422,2.374,60.0,Viernes,2024 Jan 19 05:45:00 PM,24.0
52,NARIÑO,52250,EL CHARCO,52250005,LAS MERCEDES (EL CHARCO - NARIÑO),2024,1,580.0,193.0,60.0,Martes,2024 Jan 02 08:15:00 PM,24.0
52,NARIÑO,52250,EL CHARCO,52250007,SAN JOSE DEL TAPAJE (EL CHARCO - NARIÑO),2024,1,10.054,2.43,56.0,Martes,2024 Jan 02 07:45:00 PM,24.0
52,NARIÑO,52390,LA TOLA,52390013,AMARALES (LA TOLA - NARIÑO),2024,1,10.608,2.754,60.0,Sábado,2024 Jan 06 08:00:00 PM,24.0
52,NARIÑO,52390,LA TOLA,52390003,LA VIGIA DE LA MAR (LA TOLA - NARIÑO),2024,1,8.291,2.795,60.0,Miércoles,2024 Jan 17 11:30:00 AM,24.0
52,NARIÑO,52390,LA TOLA,52390009,MULATOS (LA TOLA - NARIÑO),2024,1,4.14,2.844,60.0,Lunes,2024 Jan 29 07:15:00 PM,24.0
52,NARIÑO,52490,OLAYA HERRERA,52490913,BOCA DE PRIETA (OLAYA HERRERA - NARIÑO),2024,1,2.544,748.0,60.0,Miércoles,2024 Jan 17 06:45:00 PM,24.0
52,NARIÑO,52835,SAN ANDRÉS DE TUMACO,52835055,BOCAS DE CURAY (SAN ANDRÉS DE TUMACO - NARIÑO),2024,1,1.845,538.0,60.0,Miércoles,2024 Jan 03 06:30:00 PM,24.0
52,NARIÑO,52835,SAN ANDRÉS DE TUMACO,52835217,SAN JUAN DE LA COSTA (SAN ANDRÉS DE TUMACO - NARIÑO),2024,1,12.187,4.369,60.0,Miércoles,2024 Jan 10 07:00:00 PM,24.0
52,NARIÑO,52696,SANTA BÁRBARA,52696014,LA ENSENADA (SANTA BÁRBARA - NARIÑO),2024,1,3.661,4.293,60.0,Lunes,2024 Jan 29 07:15:00 PM,24.0
76,VALLE DEL CAUCA,76109,BUENAVENTURA,76109957,HUMANES MAR (BUENAVENTURA - VALLE DEL CAUCA),2024,1,4.912,1.317,60.0,Martes,2024 Jan 02 10:30:00 AM,8.0
76,VALLE DEL CAUCA,76109,BUENAVENTURA,76109028,PUERTO MERIZALDE (BUENAVENTURA - VALLE DEL CAUCA),2024,1,94.958,33.285,60.0,Miércoles,2024 Jan 17 07:45:00 PM,24.0
76,VALLE DEL CAUCA,76109,BUENAVENTURA,76109032,SAN FRANCISCO NAYA (BUENAVENTURA - VALLE DEL CAUCA),2024,1,6.881,3.526,60.0,Miércoles,2024 Jan 10 11:45:00 AM,24.0
76,VALLE DEL CAUCA,76109,BUENAVENTURA,76109034,SAN ISIDRO - CALIMA (BUENAVENTURA - VALLE DEL CAUCA),2024,1,1.517,438.0,60.0,Viernes,2024 Jan 26 06:45:00 PM,24.0
97,VAUPÉS,97161,CARURÚ,97161000,CARURÚ (CARURÚ - VAUPÉS),2024,1,22.656,5.947,60.0,Lunes,2024 Jan 29 07:00:00 PM,24.0
97,VAUPÉS,97001,MITÚ,97001000,MITÚ (MITÚ - VAUPÉS),2024,1,10.326,400.758,60.0,Lunes,2024 Jan 29 12:00:00 PM,24.0
97,VAUPÉS,97666,TARAIRA,97666000,TARAIRA (TARAIRA - VAUPÉS),2024,1,35.739,10.778,60.0,Viernes,2024 Jan 26 12:15:00 PM,24.0
99,VICHADA,99001,PUERTO CARREÑO,99001000,PUERTO CARREÑO (PUERTO CARREÑO - VICHADA),2024,1,10.326,853.15,60.0,Miércoles,2024 Jan 31 02:45:00 PM,24.0
91,AMAZONAS,91001,LETICIA,91001000,LETICIA (LETICIA - AMAZONAS),2024,2,10.326,8.475,60.0,Viernes,2024 Feb 23 02:45:00 PM,24.0
5,ANTIOQUIA,5873,VIGÍA DEL FUERTE,5873010,LA PLAYA MURRI  (VIGÍA DEL FUERTE - ANTIOQUIA),2024,2,5.127,2.848,60.0,Domingo,2024 Feb 25 04:15:00 PM,24.0
5,ANTIOQUIA,5873,VIGÍA DEL FUERTE,5873013,LOMA MURRI (VIGÍA DEL FUERTE - ANTIOQUIA),2024,2,5.958,2.113,60.0,Sábado,2024 Feb 24 08:15:00 PM,24.0
88,ARCHIPIÉLAGO DE SAN ANDRÉS y PROVIDENCIA,88564,PROVIDENCIA,88564000,PROVIDENCIA (PROVIDENCIA - ARCHIPIÉLAGO DE SAN ANDRÉS y PROVIDENCIA ),2024,2,10.326,226.008,60.0,Domingo,2024 Feb 18 09:30:00 PM,24.0
13,BOLÍVAR,13001,CARTAGENA DE INDIAS,13001007,ISLA FUERTE (CARTAGENA DE INDIAS - BOLÍVAR),2024,2,63.517,30.203,60.0,Sábado,2024 Feb 17 10:45:00 PM,24.0
13,BOLÍVAR,13001,CARTAGENA DE INDIAS,13001037,ISLA MUCURA (CARTAGENA DE INDIAS - BOLÍVAR),2024,2,5.309,2.189,60.0,Lunes,2024 Feb 19 09:30:00 PM,24.0
13,BOLÍVAR,13001,CARTAGENA DE INDIAS,13001017,SANTA CRUZ DEL ISLOTE (CARTAGENA DE INDIAS - BOLÍVAR),2024,2,12.401,4.377,60.0,Domingo,2024 Feb 18 11:00:00 PM,24.0
18,CAQUETÁ,18150,CARTAGENA DEL CHAIRA,18150001,REMOLINO DEL CAGUAN (CARTAGENA DEL CHAIRA - CAQUETÁ),2024,2,16.666,6.033,60.0,Sábado,2024 Feb 24 06:45:00 PM,24.0
18,CAQUETÁ,18150,CARTAGENA DEL CHAIRA,18150002,SANTA FE DEL CAGUAN (CARTAGENA DEL CHAIRA - CAQUETÁ),2024,2,3.921,1.769,60.0,Jueves,2024 Feb 29 07:00:00 PM,24.0
18,CAQUETÁ,18753,SAN VICENTE DEL CAGUÁN,18753002,GUACAMAYAS (SAN VICENTE DEL CAGUÁN - CAQUETÁ),2024,2,6.837,2.806,60.0,Viernes,2024 Feb 23 07:15:00 PM,24.0
18,CAQUETÁ,18753,SAN VICENTE DEL CAGUÁN,18753033,VILLA LOBOS (SAN VICENTE DEL CAGUÁN - CAQUETÁ),2024,2,13.116,5.162,60.0,Viernes,2024 Feb 23 07:00:00 PM,24.0
19,CAUCA,19318,GUAPI,19318008,LIMONES (GUAPI - CAUCA),2024,2,7.942,3.614,60.0,Miércoles,2024 Feb 28 07:30:00 PM,24.0
19,CAUCA,19318,GUAPI,19318013,SAN ANTONIO DE GUAJUI (GUAPI - CAUCA),2024,2,10.657,6.0,60.0,Jueves,2024 Feb 22 07:45:00 PM,24.0
19,CAUCA,19418,LÓPEZ DE MICAY,19418033,BOCA GRANDE (LÓPEZ DE MICAY - CAUCA),2024,2,3.509,785.0,60.0,Domingo,2024 Feb 18 08:30:00 PM,24.0
19,CAUCA,19418,LÓPEZ DE MICAY,19418038,ISLA DE GALLO (LÓPEZ DE MICAY - CAUCA),2024,2,3.386,1.706,60.0,Jueves,2024 Feb 22 07:15:00 PM,24.0
19,CAUCA,19418,LÓPEZ DE MICAY,19418009,NOANAMITO (LÓPEZ DE MICAY - CAUCA),2024,2,7.3,2.746,32.0,Jueves,2024 Feb 01 07:30:00 PM,24.0
19,CAUCA,19418,LÓPEZ DE MICAY,19418011,RIO MAYA - DOS QUEBRADAS (LÓPEZ DE MICAY - CAUCA),2024,2,3.041,1.046,60.0,Viernes,2024 Feb 16 06:30:00 PM,24.0
19,CAUCA,19418,LÓPEZ DE MICAY,19418012,SAN ANTONIO DE CHUARE (LÓPEZ DE MICAY - CAUCA),2024,2,4.701,1.407,60.0,Sábado,2024 Feb 03 07:00:00 PM,24.0
19,CAUCA,19418,LÓPEZ DE MICAY,19418015,SAN ISIDRO (LÓPEZ DE MICAY - CAUCA),2024,2,921.0,561.0,60.0,Jueves,2024 Feb 22 07:30:00 PM,24.0
19,CAUCA,19418,LÓPEZ DE MICAY,19418019,ZARAGOZA (LÓPEZ DE MICAY - CAUCA),2024,2,8.006,2.935,60.0,Jueves,2024 Feb 29 04:15:00 PM,24.0
19,CAUCA,19809,TIMBIQUÍ,19809014,CHACON (TIMBIQUÍ - CAUCA),2024,2,2.878,662.0,60.0,Jueves,2024 Feb 01 12:15:00 PM,24.0
19,CAUCA,19809,TIMBIQUÍ,19809023,PUERTO SAIJA (TIMBIQUÍ - CAUCA),2024,2,30.724,10.842,60.0,Domingo,2024 Feb 04 07:15:00 PM,24.0
19,CAUCA,19809,TIMBIQUÍ,19809009,SANTA ROSA DE SAIJA (TIMBIQUÍ - CAUCA),2024,2,2.339,644.0,60.0,Lunes,2024 Feb 26 07:45:00 PM,24.0
27,CHOCÓ,27006,ACANDÍ,27006000,ACANDÍ (ACANDÍ - CHOCÓ),2024,2,535.704,161.161,60.0,Lunes,2024 Feb 12 09:00:00 PM,24.0
27,CHOCÓ,27006,ACANDÍ,27006003,CAPURGANA (ACANDÍ - CHOCÓ),2024,2,103.589,32.873,60.0,Domingo,2024 Feb 18 11:30:00 PM,24.0
27,CHOCÓ,27025,ALTO BAUDO,27025000,CIUDAD BAUDO - PIE DE PATO (ALTO BAUDO - CHOCÓ),2024,2,53.185,18.273,60.0,Jueves,2024 Feb 15 11:45:00 AM,24.0
27,CHOCÓ,27025,ALTO BAUDO,27025034,PLAYITA CATRU (ALTO BAUDO - CHOCÓ),2024,2,506.0,64.0,60.0,Viernes,2024 Feb 23 06:45:00 PM,24.0
27,CHOCÓ,27075,BAHÍA SOLANO,27075000,CIUDAD MUTIS (BAHÍA SOLANO - CHOCÓ),2024,2,860.924,254.421,1.551,Jueves,2024 Feb 01 07:15:00 PM,24.0
27,CHOCÓ,27075,BAHÍA SOLANO,27075001,CUPICA (BAHÍA SOLANO - CHOCÓ),2024,2,71.851,24.958,60.0,Viernes,2024 Feb 16 12:15:00 PM,24.0
27,CHOCÓ,27075,BAHÍA SOLANO,27075002,EL VALLE (BAHÍA SOLANO - CHOCÓ),2024,2,181.104,65.588,60.0,Jueves,2024 Feb 08 07:30:00 PM,24.0
27,CHOCÓ,27077,BAJO BAUDÓ,27077008,ORPUA (BAJO BAUDÓ - CHOCÓ),2024,2,581.0,377.0,60.0,Sábado,2024 Feb 17 06:30:00 PM,24.0
27,CHOCÓ,27077,BAJO BAUDÓ,27077000,PIZARRO (BAJO BAUDÓ - CHOCÓ),2024,2,233.77,92.629,60.0,Jueves,2024 Feb 01 06:30:00 PM,24.0
27,CHOCÓ,27077,BAJO BAUDÓ,27077016,SIVIRU (BAJO BAUDÓ - CHOCÓ),2024,2,9.232,3.447,60.0,Sábado,2024 Feb 17 12:00:00 PM,24.0
27,CHOCÓ,27077,BAJO BAUDÓ,27077019,VIRUDO (BAJO BAUDÓ - CHOCÓ),2024,2,6.239,2.398,60.0,Viernes,2024 Feb 23 07:30:00 PM,24.0
27,CHOCÓ,27099,BOJAYÁ,27099005,NAPIPI (BOJAYÁ - CHOCÓ),2024,2,11.589,3.838,60.0,Sábado,2024 Feb 24 07:15:00 PM,24.0
27,CHOCÓ,27250,EL LITORAL DEL SAN JUAN,27250023,PAPAYO (EL LITORAL DEL SAN JUAN - CHOCÓ),2024,2,3.058,959.0,60.0,Martes,2024 Feb 27 07:30:00 PM,24.0
27,CHOCÓ,27250,EL LITORAL DEL SAN JUAN,27250000,SANTA GENOVEVA DE DOCORDO (EL LITORAL DEL SAN JUAN - CHOCÓ),2024,2,96.044,49.255,60.0,Sábado,2024 Feb 03 12:00:00 PM,24.0
27,CHOCÓ,27361,ISTMINA,27361023,POTEDÓ (ISTMINA - CHOCÓ),2024,2,2.195,1.324,60.0,Miércoles,2024 Feb 21 04:45:00 PM,24.0
27,CHOCÓ,27372,JURADO,27372000,JURADO (JURADO - CHOCÓ),2024,2,177.544,64.736,60.0,Jueves,2024 Feb 15 07:45:00 PM,24.0
27,CHOCÓ,27425,MEDIO ATRATO,27425000,BETE (MEDIO ATRATO - CHOCÓ),2024,2,17.365,8.172,64.0,Viernes,2024 Feb 02 07:15:00 PM,24.0
27,CHOCÓ,27425,MEDIO ATRATO,27425008,SAN ROQUE (MEDIO ATRATO - CHOCÓ),2024,2,0.0,0.0,0.0,Jueves,2024 Feb 01 12:00:00 AM,0.0
27,CHOCÓ,27491,NOVITA,27491004,JUNTAS DE TAMANA (NOVITA - CHOCÓ),2024,2,907.0,306.0,60.0,Martes,2024 Feb 13 07:45:00 PM,24.0
27,CHOCÓ,27495,NUQUÍ,27495011,COMUNIDAD DE PUERTO JAGUA (NUQUÍ - CHOCÓ),2024,2,736.0,272.0,60.0,Lunes,2024 Feb 05 07:15:00 PM,24.0
27,CHOCÓ,27001,QUIBDÓ,27001029,TAGACHI (QUIBDÓ - CHOCÓ),2024,2,5.697,2.19,60.0,Jueves,2024 Feb 01 09:15:00 PM,24.0
27,CHOCÓ,27615,RIOSUCIO,27615011,SAN JOSE TAMBORAL (RIOSUCIO - CHOCÓ),2024,2,320.0,109.0,60.0,Sábado,2024 Feb 17 07:30:00 PM,24.0
27,CHOCÓ,27800,UNGUÍA,27800001,BALBOA (UNGUÍA - CHOCÓ),2024,2,25.185,9.795,60.0,Domingo,2024 Feb 11 08:30:00 PM,24.0
27,CHOCÓ,27800,UNGUÍA,27800005,TITUMATE (UNGUÍA - CHOCÓ),2024,2,14.757,3.686,60.0,Jueves,2024 Feb 01 08:30:00 PM,24.0
27,CHOCÓ,27800,UNGUÍA,27800000,UNGUÍA (UNGUÍA - CHOCÓ),2024,2,429.48,143.086,60.0,Martes,2024 Feb 06 08:45:00 PM,24.0
94,GUAINÍA,94343,BARRANCO MINAS,94343000,BARRANCO MINAS (BARRANCO MINAS - GUAINÍA),2024,2,80.678,22.562,60.0,Jueves,2024 Feb 29 02:15:00 PM,24.0
94,GUAINÍA,94001,INÍRIDA,94001000,INÍRIDA (INÍRIDA - GUAINÍA),2024,2,10.326,664.43,60.0,Martes,2024 Feb 20 02:45:00 PM,24.0
94,GUAINÍA,94001,INÍRIDA,94001966,LAGUNA COLORADA ALTA (INÍRIDA - GUAINÍA),2024,2,8.558,434.0,60.0,Lunes,2024 Feb 19 06:15:00 PM,24.0
95,GUAVIARE,95200,MIRAFLORES,95200000,MIRAFLORES (MIRAFLORES - GUAVIARE),2024,2,89.338,27.538,60.0,Sábado,2024 Feb 24 06:45:00 PM,24.0
44,LA GUAJIRA,44847,URIBIA,44847003,CABO DE LA VELA (URIBIA - LA GUAJIRA),2024,2,41.955,2.054,60.0,Martes,2024 Feb 06 06:30:00 PM,24.0
47,MAGDALENA,47189,CIÉNAGA,47189018,PALMOR (CIÉNAGA - MAGDALENA),2024,2,96.593,35.064,60.0,Martes,2024 Feb 20 06:30:00 PM,24.0
50,META,50325,MAPIRIPAN,50325000,MAPIRIPAN (MAPIRIPAN - META),2024,2,183.775,62.042,60.0,Miércoles,2024 Feb 07 06:30:00 PM,24.0
52,NARIÑO,52250,EL CHARCO,52250016,ALTERON - URIBE URIBE (EL CHARCO - NARIÑO),2024,2,476.0,252.0,60.0,Lunes,2024 Feb 19 09:00:00 PM,24.0
52,NARIÑO,52250,EL CHARCO,52250023,BAZAN (EL CHARCO - NARIÑO),2024,2,0.0,0.0,0.0,Jueves,2024 Feb 01 12:00:00 AM,0.0
52,NARIÑO,52250,EL CHARCO,52250003,BOLIVAR - SAN PEDRO (EL CHARCO - NARIÑO),2024,2,395.0,375.0,60.0,Miércoles,2024 Feb 07 07:45:00 PM,24.0
52,NARIÑO,52250,EL CHARCO,52250022,EL CUIL PUEBLO NUEVO (EL CHARCO - NARIÑO),2024,2,6.022,2.668,60.0,Sábado,2024 Feb 17 06:45:00 PM,24.0
52,NARIÑO,52250,EL CHARCO,52250005,LAS MERCEDES (EL CHARCO - NARIÑO),2024,2,380.0,224.0,60.0,Jueves,2024 Feb 22 07:45:00 PM,24.0
52,NARIÑO,52250,EL CHARCO,52250007,SAN JOSE DEL TAPAJE (EL CHARCO - NARIÑO),2024,2,10.042,2.31,64.0,Sábado,2024 Feb 17 07:30:00 PM,24.0
52,NARIÑO,52390,LA TOLA,52390013,AMARALES (LA TOLA - NARIÑO),2024,2,8.99,2.384,60.0,Domingo,2024 Feb 25 11:45:00 AM,24.0
52,NARIÑO,52390,LA TOLA,52390003,LA VIGIA DE LA MAR (LA TOLA - NARIÑO),2024,2,7.904,2.357,60.0,Jueves,2024 Feb 29 11:30:00 AM,24.0
52,NARIÑO,52390,LA TOLA,52390009,MULATOS (LA TOLA - NARIÑO),2024,2,3.98,2.654,60.0,Jueves,2024 Feb 29 05:45:00 PM,24.0
52,NARIÑO,52490,OLAYA HERRERA,52490913,BOCA DE PRIETA (OLAYA HERRERA - NARIÑO),2024,2,2.448,718.0,60.0,Domingo,2024 Feb 11 07:45:00 PM,24.0
52,NARIÑO,52835,SAN ANDRÉS DE TUMACO,52835055,BOCAS DE CURAY (SAN ANDRÉS DE TUMACO - NARIÑO),2024,2,0.0,0.0,0.0,Jueves,2024 Feb 01 12:00:00 AM,0.0
52,NARIÑO,52835,SAN ANDRÉS DE TUMACO,52835217,SAN JUAN DE LA COSTA (SAN ANDRÉS DE TUMACO - NARIÑO),2024,2,15.934,5.886,60.0,Miércoles,2024 Feb 21 07:00:00 PM,24.0
52,NARIÑO,52696,SANTA BÁRBARA,52696014,LA ENSENADA (SANTA BÁRBARA - NARIÑO),2024,2,3.113,3.591,60.0,Viernes,2024 Feb 09 06:30:00 PM,24.0
76,VALLE DEL CAUCA,76109,BUENAVENTURA,76109957,HUMANES MAR (BUENAVENTURA - VALLE DEL CAUCA),2024,2,4.356,1.226,60.0,Domingo,2024 Feb 25 10:30:00 AM,24.0
76,VALLE DEL CAUCA,76109,BUENAVENTURA,76109028,PUERTO MERIZALDE (BUENAVENTURA - VALLE DEL CAUCA),2024,2,90.741,32.512,60.0,Jueves,2024 Feb 22 08:00:00 PM,24.0
76,VALLE DEL CAUCA,76109,BUENAVENTURA,76109032,SAN FRANCISCO NAYA (BUENAVENTURA - VALLE DEL CAUCA),2024,2,6.62,3.373,60.0,Miércoles,2024 Feb 14 11:45:00 AM,24.0
76,VALLE DEL CAUCA,76109,BUENAVENTURA,76109034,SAN ISIDRO - CALIMA (BUENAVENTURA - VALLE DEL CAUCA),2024,2,1.189,385.0,60.0,Domingo,2024 Feb 04 01:15:00 PM,24.0
97,VAUPÉS,97161,CARURÚ,97161000,CARURÚ (CARURÚ - VAUPÉS),2024,2,19.105,4.708,60.0,Jueves,2024 Feb 08 06:30:00 PM,24.0
97,VAUPÉS,97001,MITÚ,97001000,MITÚ (MITÚ - VAUPÉS),2024,2,10.326,381.857,60.0,Lunes,2024 Feb 19 01:00:00 PM,24.0
97,VAUPÉS,97666,TARAIRA,97666000,TARAIRA (TARAIRA - VAUPÉS),2024,2,31.61,9.722,60.0,Viernes,2024 Feb 23 11:30:00 AM,24.0
99,VICHADA,99001,PUERTO CARREÑO,99001000,PUERTO CARREÑO (PUERTO CARREÑO - VICHADA),2024,2,10.326,818.783,60.0,Viernes,2024 Feb 16 02:00:00 PM,24.0
91,AMAZONAS,91001,LETICIA,91001000,LETICIA (LETICIA - AMAZONAS),2024,3,10.326,8.475,60.0,Viernes,2024 Mar 22 02:30:00 PM,24.0
5,ANTIOQUIA,5873,VIGÍA DEL FUERTE,5873010,LA PLAYA MURRI  (VIGÍA DEL FUERTE - ANTIOQUIA),2024,3,6.269,3.543,60.0,Miércoles,2024 Mar 06 06:45:00 PM,24.0
5,ANTIOQUIA,5873,VIGÍA DEL FUERTE,5873013,LOMA MURRI (VIGÍA DEL FUERTE - ANTIOQUIA),2024,3,6.558,2.407,60.0,Sábado,2024 Mar 16 08:00:00 PM,24.0
88,ARCHIPIÉLAGO DE SAN ANDRÉS y PROVIDENCIA,88001,SAN ANDRÉS,88001000,SAN ANDRÉS (SAN ANDRÉS - ARCHIPIÉLAGO DE SAN ANDRÉS y PROVIDENCIA ),2024,3,10.326,8.475,60.0,Viernes,2024 Mar 22 03:45:00 PM,24.0
13,BOLÍVAR,13001,CARTAGENA DE INDIAS,13001007,ISLA FUERTE (CARTAGENA DE INDIAS - BOLÍVAR),2024,3,62.153,30.531,60.0,Sábado,2024 Mar 23 10:30:00 PM,24.0
13,BOLÍVAR,13001,CARTAGENA DE INDIAS,13001037,ISLA MUCURA (CARTAGENA DE INDIAS - BOLÍVAR),2024,3,6.777,2.624,60.0,Miércoles,2024 Mar 27 12:45:00 AM,24.0
13,BOLÍVAR,13001,CARTAGENA DE INDIAS,13001017,SANTA CRUZ DEL ISLOTE (CARTAGENA DE INDIAS - BOLÍVAR),2024,3,14.435,4.758,60.0,Miércoles,2024 Mar 27 11:00:00 PM,24.0
18,CAQUETÁ,18150,CARTAGENA DEL CHAIRA,18150001,REMOLINO DEL CAGUAN (CARTAGENA DEL CHAIRA - CAQUETÁ),2024,3,20.273,7.357,60.0,Sábado,2024 Mar 09 07:00:00 PM,24.0
18,CAQUETÁ,18150,CARTAGENA DEL CHAIRA,18150002,SANTA FE DEL CAGUAN (CARTAGENA DEL CHAIRA - CAQUETÁ),2024,3,4.382,2.027,60.0,Viernes,2024 Mar 08 07:00:00 PM,24.0
18,CAQUETÁ,18753,SAN VICENTE DEL CAGUÁN,18753002,GUACAMAYAS (SAN VICENTE DEL CAGUÁN - CAQUETÁ),2024,3,12.113,5.015,60.0,Sábado,2024 Mar 23 07:00:00 PM,24.0
18,CAQUETÁ,18753,SAN VICENTE DEL CAGUÁN,18753033,VILLA LOBOS (SAN VICENTE DEL CAGUÁN - CAQUETÁ),2024,3,12.24,4.716,60.0,Jueves,2024 Mar 21 07:30:00 PM,24.0
19,CAUCA,19318,GUAPI,19318008,LIMONES (GUAPI - CAUCA),2024,3,10.303,4.638,47.0,Miércoles,2024 Mar 20 07:30:00 PM,10.0
19,CAUCA,19318,GUAPI,19318013,SAN ANTONIO DE GUAJUI (GUAPI - CAUCA),2024,3,9.341,5.37,60.0,Martes,2024 Mar 05 06:45:00 PM,24.0
19,CAUCA,19418,LÓPEZ DE MICAY,19418033,BOCA GRANDE (LÓPEZ DE MICAY - CAUCA),2024,3,4.124,894.0,60.0,Lunes,2024 Mar 11 06:45:00 PM,24.0
19,CAUCA,19418,LÓPEZ DE MICAY,19418038,ISLA DE GALLO (LÓPEZ DE MICAY - CAUCA),2024,3,3.142,1.533,60.0,Miércoles,2024 Mar 06 06:45:00 PM,24.0
19,CAUCA,19418,LÓPEZ DE MICAY,19418009,NOANAMITO (LÓPEZ DE MICAY - CAUCA),2024,3,6.884,2.653,36.0,Sábado,2024 Mar 26 07:15:00 PM,24.0
19,CAUCA,19418,LÓPEZ DE MICAY,19418011,RIO MAYA - DOS QUEBRADAS (LÓPEZ DE MICAY - CAUCA),2024,3,4.281,1.619,60.0,Sábado,2024 Mar 16 07:00:00 PM,24.0
19,CAUCA,19418,LÓPEZ DE MICAY,19418012,SAN ANTONIO DE CHUARE (LÓPEZ DE MICAY - CAUCA),2024,3,2.408,747.0,60.0,Domingo,2024 Mar 10 07:15:00 PM,24.0
19,CAUCA,19418,LÓPEZ DE MICAY,19418015,SAN ISIDRO (LÓPEZ DE MICAY - CAUCA),2024,3,682.0,391.0,60.0,Sábado,2024 Mar 02 07:45:00 PM,24.0
19,CAUCA,19418,LÓPEZ DE MICAY,19418019,ZARAGOZA (LÓPEZ DE MICAY - CAUCA),2024,3,8.894,3.065,60.0,Sábado,2024 Mar 23 07:00:00 PM,24.0
19,CAUCA,19809,TIMBIQUÍ,19809014,CHACON (TIMBIQUÍ - CAUCA),2024,3,3.961,1.071,60.0,Sábado,2024 Mar 16 08:15:00 PM,24.0
19,CAUCA,19809,TIMBIQUÍ,19809023,PUERTO SAIJA (TIMBIQUÍ - CAUCA),2024,3,32.805,11.419,60.0,Miércoles,2024 Mar 06 07:15:00 PM,24.0
19,CAUCA,19809,TIMBIQUÍ,19809009,SANTA ROSA DE SAIJA (TIMBIQUÍ - CAUCA),2024,3,2.787,760.0,60.0,Viernes,2024 Mar 01 07:30:00 PM,24.0
27,CHOCÓ,27006,ACANDÍ,27006000,ACANDÍ (ACANDÍ - CHOCÓ),2024,3,585.65,176.397,60.0,Lunes,2024 Mar 18 09:15:00 PM,24.0
27,CHOCÓ,27006,ACANDÍ,27006003,CAPURGANA (ACANDÍ - CHOCÓ),2024,3,208.532,65.266,60.0,Domingo,2024 Mar 24 02:45:00 PM,24.0
27,CHOCÓ,27025,ALTO BAUDO,27025000,CIUDAD BAUDO - PIE DE PATO (ALTO BAUDO - CHOCÓ),2024,3,54.429,19.362,60.0,Jueves,2024 Mar 21 12:00:00 PM,24.0
27,CHOCÓ,27025,ALTO BAUDO,27025034,PLAYITA CATRU (ALTO BAUDO - CHOCÓ),2024,3,678.0,84.0,60.0,Domingo,2024 Mar 10 06:30:00 PM,24.0
27,CHOCÓ,27075,BAHÍA SOLANO,27075000,CIUDAD MUTIS (BAHÍA SOLANO - CHOCÓ),2024,3,908.362,243.092,60.0,Domingo,2024 Mar 03 07:30:00 PM,24.0
27,CHOCÓ,27075,BAHÍA SOLANO,27075001,CUPICA (BAHÍA SOLANO - CHOCÓ),2024,3,70.384,23.622,60.0,Lunes,2024 Mar 04 07:45:00 PM,24.0
27,CHOCÓ,27075,BAHÍA SOLANO,27075002,EL VALLE (BAHÍA SOLANO - CHOCÓ),2024,3,187.867,66.499,60.0,Sábado,2024 Mar 30 07:15:00 PM,24.0
27,CHOCÓ,27077,BAJO BAUDÓ,27077008,ORPUA (BAJO BAUDÓ - CHOCÓ),2024,3,617.0,393.0,60.0,Miércoles,2024 Mar 27 10:30:00 AM,24.0
27,CHOCÓ,27077,BAJO BAUDÓ,27077000,PIZARRO (BAJO BAUDÓ - CHOCÓ),2024,3,187.204,74.625,60.0,Sábado,2024 Mar 16 07:45:00 PM,24.0
27,CHOCÓ,27077,BAJO BAUDÓ,27077016,SIVIRU (BAJO BAUDÓ - CHOCÓ),2024,3,7.113,2.577,60.0,Sábado,2024 Mar 09 11:15:00 AM,24.0
27,CHOCÓ,27077,BAJO BAUDÓ,27077019,VIRUDO (BAJO BAUDÓ - CHOCÓ),2024,3,6.579,2.205,60.0,Miércoles,2024 Mar 06 03:15:00 AM,24.0
27,CHOCÓ,27099,BOJAYÁ,27099005,NAPIPI (BOJAYÁ - CHOCÓ),2024,3,12.73,4.262,64.0,Viernes,2024 Mar 08 07:00:00 PM,24.0
27,CHOCÓ,27250,EL LITORAL DEL SAN JUAN,27250023,PAPAYO (EL LITORAL DEL SAN JUAN - CHOCÓ),2024,3,3.677,1.134,60.0,Domingo,2024 Mar 31 07:30:00 PM,24.0
27,CHOCÓ,27250,EL LITORAL DEL SAN JUAN,27250000,SANTA GENOVEVA DE DOCORDO (EL LITORAL DEL SAN JUAN - CHOCÓ),2024,3,74.747,38.069,60.0,Viernes,2024 Mar 15 07:15:00 PM,24.0
27,CHOCÓ,27361,ISTMINA,27361023,POTEDÓ (ISTMINA - CHOCÓ),2024,3,2.379,1.459,60.0,Jueves,2024 Mar 14 04:30:00 PM,24.0
27,CHOCÓ,27372,JURADO,27372000,JURADO (JURADO - CHOCÓ),2024,3,194.447,68.818,60.0,Miércoles,2024 Mar 13 07:15:00 PM,24.0
27,CHOCÓ,27425,MEDIO ATRATO,27425000,BETE (MEDIO ATRATO - CHOCÓ),2024,3,20.194,10.126,76.0,Viernes,2024 Mar 29 03:00:00 PM,24.0
27,CHOCÓ,27425,MEDIO ATRATO,27425008,SAN ROQUE (MEDIO ATRATO - CHOCÓ),2024,3,560.0,224.0,60.0,Jueves,2024 Mar 14 08:30:00 PM,24.0
27,CHOCÓ,27491,NOVITA,27491004,JUNTAS DE TAMANA (NOVITA - CHOCÓ),2024,3,2.043,721.0,60.0,Lunes,2024 Mar 18 07:30:00 PM,24.0
27,CHOCÓ,27495,NUQUÍ,27495011,COMUNIDAD DE PUERTO JAGUA (NUQUÍ - CHOCÓ),2024,3,911.0,348.0,60.0,Lunes,2024 Mar 04 08:00:00 PM,24.0
27,CHOCÓ,27615,RIOSUCIO,27615011,SAN JOSE TAMBORAL (RIOSUCIO - CHOCÓ),2024,3,275.0,88.0,60.0,Sábado,2024 Mar 02 07:00:00 PM,24.0
27,CHOCÓ,27800,UNGUÍA,27800001,BALBOA (UNGUÍA - CHOCÓ),2024,3,27.561,10.904,60.0,Domingo,2024 Mar 17 08:15:00 PM,24.0
27,CHOCÓ,27800,UNGUÍA,27800005,TITUMATE (UNGUÍA - CHOCÓ),2024,3,16.571,4.362,60.0,Jueves,2024 Mar 28 07:45:00 PM,24.0
27,CHOCÓ,27800,UNGUÍA,27800000,UNGUÍA (UNGUÍA - CHOCÓ),2024,3,479.149,159.003,60.0,Domingo,2024 Mar 17 09:00:00 PM,24.0
94,GUAINÍA,94343,BARRANCO MINAS,94343000,BARRANCO MINAS (BARRANCO MINAS - GUAINÍA),2024,3,93.049,29.052,60.0,Lunes,2024 Mar 04 06:15:00 PM,24.0
94,GUAINÍA,94001,INÍRIDA,94001000,INÍRIDA (INÍRIDA - GUAINÍA),2024,3,10.326,695.342,60.0,Miércoles,2024 Mar 20 02:30:00 PM,24.0
94,GUAINÍA,94001,INÍRIDA,94001966,LAGUNA COLORADA ALTA (INÍRIDA - GUAINÍA),2024,3,9.66,814.0,60.0,Martes,2024 Mar 26 05:45:00 PM,24.0
95,GUAVIARE,95200,MIRAFLORES,95200000,MIRAFLORES (MIRAFLORES - GUAVIARE),2024,3,100.938,31.688,60.0,Lunes,2024 Mar 11 07:00:00 PM,24.0
44,LA GUAJIRA,44847,URIBIA,44847003,CABO DE LA VELA (URIBIA - LA GUAJIRA),2024,3,44.785,1.62,60.0,Jueves,2024 Mar 28 07:00:00 PM,24.0
47,MAGDALENA,47189,CIÉNAGA,47189018,PALMOR (CIÉNAGA - MAGDALENA),2024,3,102.799,37.767,60.0,Sábado,2024 Mar 09 07:00:00 PM,24.0
50,META,50325,MAPIRIPAN,50325000,MAPIRIPAN (MAPIRIPAN - META),2024,3,190.341,62.25,60.0,Miércoles,2024 Mar 20 06:45:00 PM,24.0
52,NARIÑO,52390,LA TOLA,52390013,AMARALES (LA TOLA - NARIÑO),2024,3,11.637,4.368,60.0,Domingo,2024 Mar 24 07:30:00 PM,10.0
52,NARIÑO,52390,LA TOLA,52390003,LA VIGIA DE LA MAR (LA TOLA - NARIÑO),2024,3,5.107,1.714,60.0,Viernes,2024 Mar 01 11:30:00 AM,24.0
52,NARIÑO,52390,LA TOLA,52390009,MULATOS (LA TOLA - NARIÑO),2024,3,4.431,2.873,60.0,Viernes,2024 Mar 15 05:15:00 PM,24.0
52,NARIÑO,52490,OLAYA HERRERA,52490913,BOCA DE PRIETA (OLAYA HERRERA - NARIÑO),2024,3,2.489,741.0,60.0,Miércoles,2024 Mar 06 07:30:00 PM,24.0
52,NARIÑO,52835,SAN ANDRÉS DE TUMACO,52835055,BOCAS DE CURAY (SAN ANDRÉS DE TUMACO - NARIÑO),2024,3,0.0,0.0,0.0,Viernes,2024 Mar 01 12:00:00 AM,0.0
52,NARIÑO,52835,SAN ANDRÉS DE TUMACO,52835217,SAN JUAN DE LA COSTA (SAN ANDRÉS DE TUMACO - NARIÑO),2024,3,16.666,6.257,60.0,Miércoles,2024 Mar 20 07:15:00 PM,24.0
52,NARIÑO,52696,SANTA BÁRBARA,52696014,LA ENSENADA (SANTA BÁRBARA - NARIÑO),2024,3,3.542,4.018,60.0,Miércoles,2024 Mar 13 06:45:00 PM,24.0
76,VALLE DEL CAUCA,76109,BUENAVENTURA,76109957,HUMANES MAR (BUENAVENTURA - VALLE DEL CAUCA),2024,3,5.262,1.584,60.0,Domingo,2024 Mar 17 11:30:00 AM,24.0
76,VALLE DEL CAUCA,76109,BUENAVENTURA,76109028,PUERTO MERIZALDE (BUENAVENTURA - VALLE DEL CAUCA),2024,3,110.155,39.591,60.0,Miércoles,2024 Mar 13 07:30:00 PM,24.0
5,ANTIOQUIA,5873,VIGÍA DEL FUERTE,5873013,LOMA MURRI,2026,1,8.311,4.395,30.066,domingo,2026 Jan 25 06:30:00 PM,1.238
76,VALLE DEL CAUCA,76109,BUENAVENTURA,76109032,SAN FRANCISCO NAYA (BUENAVENTURA - VALLE DEL CAUCA),2024,3,6.369,2.626,60.0,Sábado,2024 Mar 16 11:45:00 AM,24.0
76,VALLE DEL CAUCA,76109,BUENAVENTURA,76109034,SAN ISIDRO - CALIMA (BUENAVENTURA - VALLE DEL CAUCA),2024,3,1.491,471.0,60.0,Sábado,2024 Mar 23 06:30:00 PM,5.0
97,VAUPÉS,97001,MITÚ,97001000,MITÚ (MITÚ - VAUPÉS),2024,3,10.326,406.478,60.0,Viernes,2024 Mar 22 12:00:00 PM,24.0
97,VAUPÉS,97666,TARAIRA,97666000,TARAIRA (TARAIRA - VAUPÉS),2024,3,37.011,11.334,60.0,Viernes,2024 Mar 22 12:15:00 PM,24.0
99,VICHADA,99001,PUERTO CARREÑO,99001000,PUERTO CARREÑO (PUERTO CARREÑO - VICHADA),2024,3,10.326,889.067,60.0,Jueves,2024 Mar 14 09:30:00 PM,24.0
91,AMAZONAS,91001,LETICIA,91001000,LETICIA (LETICIA - AMAZONAS),2024,4,10.326,8.475,60.0,Lunes,2024 Apr 22 03:00:00 PM,24.0
88,ARCHIPIÉLAGO DE SAN ANDRÉS y PROVIDENCIA,88001,SAN ANDRÉS,88001000,SAN ANDRÉS (SAN ANDRÉS - ARCHIPIÉLAGO DE SAN ANDRÉS y PROVIDENCIA ),2024,4,10.326,8.475,60.0,Jueves,2024 Apr 25 03:45:00 PM,24.0
13,BOLÍVAR,13001,CARTAGENA DE INDIAS,13001007,ISLA FUERTE (CARTAGENA DE INDIAS - BOLÍVAR),2024,4,54.985,26.475,60.0,Miércoles,2024 Apr 03 09:45:00 PM,24.0
13,BOLÍVAR,13001,CARTAGENA DE INDIAS,13001037,ISLA MUCURA (CARTAGENA DE INDIAS - BOLÍVAR),2024,4,5.57,2.018,60.0,Jueves,2024 Apr 04 10:00:00 PM,24.0
18,CAQUETÁ,18150,CARTAGENA DEL CHAIRA,18150001,REMOLINO DEL CAGUAN (CARTAGENA DEL CHAIRA - CAQUETÁ),2024,4,16.589,6.816,60.0,Sábado,2024 Apr 20 06:45:00 PM,24.0
18,CAQUETÁ,18150,CARTAGENA DEL CHAIRA,18150002,SANTA FE DEL CAGUAN (CARTAGENA DEL CHAIRA - CAQUETÁ),2024,4,4.744,2.244,45.0,Martes,2024 Apr 16 06:30:00 PM,24.0
18,CAQUETÁ,18753,SAN VICENTE DEL CAGUÁN,18753002,GUACAMAYAS (SAN VICENTE DEL CAGUÁN - CAQUETÁ),2024,4,12.404,5.1,353.0,Domingo,2024 Apr 14 07:15:00 PM,24.0
19,CAUCA,19318,GUAPI,19318008,LIMONES (GUAPI - CAUCA),2024,4,8.95,3.888,60.0,Miércoles,2024 Apr 17 07:15:00 PM,24.0
19,CAUCA,19418,LÓPEZ DE MICAY,19418009,NOANAMITO (LÓPEZ DE MICAY - CAUCA),2024,4,5.821,2.549,40.0,Sábado,2024 Apr 06 07:45:00 PM,24.0
19,CAUCA,19809,TIMBIQUÍ,19809014,CHACON (TIMBIQUÍ - CAUCA),2024,4,3.175,878.0,60.0,Martes,2024 Apr 16 07:00:00 PM,24.0
19,CAUCA,19809,TIMBIQUÍ,19809023,PUERTO SAIJA (TIMBIQUÍ - CAUCA),2024,4,29.149,12.477,60.0,Sábado,2024 Apr 13 07:45:00 PM,24.0
19,CAUCA,19809,TIMBIQUÍ,19809009,SANTA ROSA DE SAIJA (TIMBIQUÍ - CAUCA),2024,4,2.844,760.0,60.0,Miércoles,2024 Apr 17 07:30:00 PM,24.0
27,CHOCÓ,27006,ACANDÍ,27006000,ACANDÍ (ACANDÍ - CHOCÓ),2024,4,309.159,86.543,60.0,Viernes,2024 Apr 05 09:45:00 PM,24.0
27,CHOCÓ,27006,ACANDÍ,27006003,CAPURGANA (ACANDÍ - CHOCÓ),2024,4,235.178,78.695,60.0,Domingo,2024 Apr 21 10:00:00 PM,24.0
27,CHOCÓ,27025,ALTO BAUDO,27025000,CIUDAD BAUDO - PIE DE PATO (ALTO BAUDO - CHOCÓ),2024,4,54.397,18.323,60.0,Sábado,2024 Apr 13 12:15:00 PM,24.0
27,CHOCÓ,27075,BAHÍA SOLANO,27075000,CIUDAD MUTIS (BAHÍA SOLANO - CHOCÓ),2024,4,846.704,250.344,60.0,Viernes,2024 Apr 12 07:15:00 PM,24.0
27,CHOCÓ,27075,BAHÍA SOLANO,27075001,CUPICA (BAHÍA SOLANO - CHOCÓ),2024,4,69.709,21.76,60.0,Lunes,2024 Apr 15 07:15:00 PM,24.0
27,CHOCÓ,27075,BAHÍA SOLANO,27075002,EL VALLE (BAHÍA SOLANO - CHOCÓ),2024,4,182.49,67.08,60.0,Lunes,2024 Apr 01 07:30:00 PM,24.0
27,CHOCÓ,27077,BAJO BAUDÓ,27077008,ORPUA (BAJO BAUDÓ - CHOCÓ),2024,4,564.0,344.0,60.0,Domingo,2024 Apr 28 06:15:00 PM,24.0
27,CHOCÓ,27077,BAJO BAUDÓ,27077016,SIVIRU (BAJO BAUDÓ - CHOCÓ),2024,4,8.25,2.765,60.0,Miércoles,2024 Apr 10 06:30:00 PM,24.0
27,CHOCÓ,27099,BOJAYÁ,27099005,NAPIPI (BOJAYÁ - CHOCÓ),2024,4,12.683,4.265,64.0,Sábado,2024 Apr 21 04:00:00 AM,24.0
27,CHOCÓ,27250,EL LITORAL DEL SAN JUAN,27250000,SANTA GENOVEVA DE DOCORDO (EL LITORAL DEL SAN JUAN - CHOCÓ),2024,4,36.57,17.07,60.0,Miércoles,2024 Apr 06 07:00:00 PM,24.0
27,CHOCÓ,27372,JURADO,27372000,JURADO (JURADO - CHOCÓ),2024,4,182.517,64.067,60.0,Martes,2024 Apr 16 11:00:00 AM,24.0
27,CHOCÓ,27425,MEDIO ATRATO,27425000,BETE (MEDIO ATRATO - CHOCÓ),2024,4,18.402,8.986,64.0,Martes,2024 Apr 09 12:30:00 PM,24.0
27,CHOCÓ,27425,MEDIO ATRATO,27425008,SAN ROQUE (MEDIO ATRATO - CHOCÓ),2024,4,1.321,550.0,60.0,Martes,2024 Apr 09 07:30:00 PM,24.0
27,CHOCÓ,27495,NUQUÍ,27495011,COMUNIDAD DE PUERTO JAGUA (NUQUÍ - CHOCÓ),2024,4,769.0,314.0,60.0,Domingo,2024 Apr 07 07:30:00 PM,24.0
27,CHOCÓ,27800,UNGUÍA,27800001,BALBOA (UNGUÍA - CHOCÓ),2024,4,25.147,9.473,60.0,Viernes,2024 Apr 05 09:30:00 PM,24.0
27,CHOCÓ,27800,UNGUÍA,27800000,UNGUÍA (UNGUÍA - CHOCÓ),2024,4,467.653,151.591,60.0,Martes,2024 Apr 09 09:00:00 PM,24.0
94,GUAINÍA,94343,BARRANCO MINAS,94343000,BARRANCO MINAS (BARRANCO MINAS - GUAINÍA),2024,4,89.115,26.143,60.0,Lunes,2024 Apr 15 07:15:00 PM,24.0
94,GUAINÍA,94001,INÍRIDA,94001000,INÍRIDA (INÍRIDA - GUAINÍA),2024,4,10.326,651.076,60.0,Miércoles,2024 Apr 10 02:15:00 PM,24.0
95,GUAVIARE,95200,MIRAFLORES,95200000,MIRAFLORES (MIRAFLORES - GUAVIARE),2024,4,111.542,35.676,60.0,Martes,2024 Apr 16 06:15:00 PM,24.0
47,MAGDALENA,47189,CIÉNAGA,47189018,PALMOR (CIÉNAGA - MAGDALENA),2024,4,97.88,35.862,60.0,Sábado,2024 Apr 13 06:45:00 PM,24.0
50,META,50325,MAPIRIPAN,50325000,MAPIRIPAN (MAPIRIPAN - META),2024,4,184.426,59.979,60.0,Viernes,2024 Apr 12 06:30:00 PM,24.0
52,NARIÑO,52390,LA TOLA,52390013,AMARALES (LA TOLA - NARIÑO),2024,4,6.378,1.822,60.0,Viernes,2024 Apr 26 07:30:00 PM,24.0
52,NARIÑO,52390,LA TOLA,52390003,LA VIGIA DE LA MAR (LA TOLA - NARIÑO),2024,4,3.272,1.156,60.0,Sábado,2024 Apr 27 11:30:00 AM,24.0
52,NARIÑO,52390,LA TOLA,52390009,MULATOS (LA TOLA - NARIÑO),2024,4,4.389,2.609,60.0,Lunes,2024 Apr 22 07:30:00 PM,24.0
52,NARIÑO,52490,OLAYA HERRERA,52490913,BOCA DE PRIETA (OLAYA HERRERA - NARIÑO),2024,4,2.339,711.0,60.0,Lunes,2024 Apr 01 07:00:00 PM,24.0
52,NARIÑO,52835,SAN ANDRÉS DE TUMACO,52835217,SAN JUAN DE LA COSTA (SAN ANDRÉS DE TUMACO - NARIÑO),2024,4,18.842,6.954,112.0,Viernes,2024 Apr 05 07:00:00 PM,24.0
52,NARIÑO,52696,SANTA BÁRBARA,52696014,LA ENSENADA (SANTA BÁRBARA - NARIÑO),2024,4,3.167,3.441,60.0,Sábado,2024 Apr 13 07:30:00 PM,24.0
76,VALLE DEL CAUCA,76109,BUENAVENTURA,76109957,HUMANES MAR (BUENAVENTURA - VALLE DEL CAUCA),2024,4,3.845,981.0,60.0,Jueves,2024 Apr 25 07:30:00 PM,24.0
76,VALLE DEL CAUCA,76109,BUENAVENTURA,76109028,PUERTO MERIZALDE (BUENAVENTURA - VALLE DEL CAUCA),2024,4,101.932,36.728,60.0,Martes,2024 Apr 09 08:30:00 PM,24.0
76,VALLE DEL CAUCA,76109,BUENAVENTURA,76109032,SAN FRANCISCO NAYA (BUENAVENTURA - VALLE DEL CAUCA),2024,4,6.325,2.599,60.0,Sábado,2024 Apr 27 11:45:00 AM,24.0
97,VAUPÉS,97001,MITÚ,97001000,MITÚ (MITÚ - VAUPÉS),2024,4,10.326,394.491,60.0,Lunes,2024 Apr 15 01:15:00 PM,24.0
97,VAUPÉS,97666,TARAIRA,97666000,TARAIRA (TARAIRA - VAUPÉS),2024,4,36.155,11.045,60.0,Lunes,2024 Apr 15 06:45:00 PM,24.0
99,VICHADA,99001,PUERTO CARREÑO,99001000,PUERTO CARREÑO (PUERTO CARREÑO - VICHADA),2024,4,10.326,720.002,60.0,Miércoles,2024 Apr 10 01:45:00 PM,24.0
18,CAQUETÁ,18150,CARTAGENA DEL CHAIRA,18150001,REMOLINO DEL CAGUAN (CARTAGENA DEL CHAIRA - CAQUETÁ),2024,5,18.848,8.45,60.0,Sábado,2024 May 11 07:30:00 PM,24.0
18,CAQUETÁ,18150,CARTAGENA DEL CHAIRA,18150002,SANTA FE DEL CAGUAN (CARTAGENA DEL CHAIRA - CAQUETÁ),2024,5,4.355,1.963,40.0,Viernes,2024 May 24 06:30:00 PM,24.0
18,CAQUETÁ,18753,SAN VICENTE DEL CAGUÁN,18753002,GUACAMAYAS (SAN VICENTE DEL CAGUÁN - CAQUETÁ),2024,5,8.538,3.679,60.0,Lunes,2024 May 13 06:45:00 PM,24.0
19,CAUCA,19318,GUAPI,19318008,LIMONES (GUAPI - CAUCA),2024,5,8.58,3.745,60.0,Miércoles,2024 May 29 07:15:00 PM,24.0
19,CAUCA,19318,GUAPI,19318013,SAN ANTONIO DE GUAJUI (GUAPI - CAUCA),2024,5,10.561,6.131,60.0,Viernes,2024 May 31 07:45:00 PM,24.0
19,CAUCA,19418,LÓPEZ DE MICAY,19418009,NOANAMITO (LÓPEZ DE MICAY - CAUCA),2024,5,7.935,3.763,36.0,Domingo,2024 May 26 07:00:00 PM,24.0
91,AMAZONAS,91540,PUERTO NARIÑO,91540000,PUERTO NARIÑO (PUERTO NARIÑO - AMAZONAS),2024,5,132.215,41.907,60.0,Jueves,2024 May 23 06:00:00 PM,24.0
91,AMAZONAS,91798,TARAPACA (ANM),91798000,TARAPACA (TARAPACA (ANM) - AMAZONAS),2024,5,28.132,12.662,60.0,Viernes,2024 May 03 06:30:00 PM,24.0
5,ANTIOQUIA,5873,VIGÍA DEL FUERTE,5873010,LA PLAYA MURRI  (VIGÍA DEL FUERTE - ANTIOQUIA),2024,5,2.686,1.11,60.0,Martes,2024 May 21 07:45:00 PM,24.0
88,ARCHIPIÉLAGO DE SAN ANDRÉS y PROVIDENCIA,88564,PROVIDENCIA,88564000,PROVIDENCIA (PROVIDENCIA - ARCHIPIÉLAGO DE SAN ANDRÉS y PROVIDENCIA ),2024,5,10.326,284.638,60.0,Viernes,2024 May 10 03:00:00 PM,24.0
13,BOLÍVAR,13001,CARTAGENA DE INDIAS,13001007,ISLA FUERTE (CARTAGENA DE INDIAS - BOLÍVAR),2024,5,64.368,30.561,60.0,Sábado,2024 May 18 10:00:00 PM,24.0
13,BOLÍVAR,13001,CARTAGENA DE INDIAS,13001017,SANTA CRUZ DEL ISLOTE (CARTAGENA DE INDIAS - BOLÍVAR),2024,5,13.543,4.513,60.0,Jueves,2024 May 16 09:00:00 PM,24.0
19,CAUCA,19809,TIMBIQUÍ,19809014,CHACON (TIMBIQUÍ - CAUCA),2024,5,4.286,1.264,60.0,Lunes,2024 May 06 08:00:00 PM,24.0
19,CAUCA,19809,TIMBIQUÍ,19809010,COMUNIDAD DE CHETE (TIMBIQUÍ - CAUCA),2024,5,4.502,1.728,60.0,Martes,2024 May 27 07:00:00 AM,24.0
19,CAUCA,19809,TIMBIQUÍ,19809003,COTEJE (TIMBIQUÍ - CAUCA),2024,5,5.778,4.333,60.0,Martes,2024 May 28 08:45:00 PM,24.0
19,CAUCA,19809,TIMBIQUÍ,19809026,LOS BRAZOS (TIMBIQUÍ - CAUCA),2024,5,7.285,3.271,60.0,Domingo,2024 May 12 08:00:00 PM,8.0
19,CAUCA,19809,TIMBIQUÍ,19809007,SAN JOSE (TIMBIQUÍ - CAUCA),2024,5,6.623,4.522,60.0,Sábado,2024 May 06 07:15:00 PM,24.0
19,CAUCA,19809,TIMBIQUÍ,19809009,SANTA ROSA DE SAIJA (TIMBIQUÍ - CAUCA),2024,5,3.496,1.019,60.0,Miércoles,2024 May 15 07:15:00 PM,24.0
27,CHOCÓ,27006,ACANDÍ,27006000,ACANDÍ (ACANDÍ - CHOCÓ),2024,5,598.738,171.032,60.0,Miércoles,2024 May 29 09:00:00 PM,24.0
27,CHOCÓ,27006,ACANDÍ,27006003,CAPURGANA (ACANDÍ - CHOCÓ),2024,5,420.977,142.002,60.0,Lunes,2024 May 06 09:30:00 PM,24.0
27,CHOCÓ,27006,ACANDÍ,27006007,SAN FRANCISCO (ACANDÍ - CHOCÓ),2024,5,17.322,6.53,60.0,lunes,2024 May 25 08:00:00 PM,24.0
27,CHOCÓ,27025,ALTO BAUDO,27025000,CIUDAD BAUDO - PIE DE PATO (ALTO BAUDO - CHOCÓ),2024,5,56.244,19.018,60.0,Miercoles,2024 May 01 12:00:00 PM,24.0
27,CHOCÓ,27075,BAHÍA SOLANO,27075000,CIUDAD MUTIS (BAHÍA SOLANO - CHOCÓ),2024,5,874.026,247.553,60.0,Miercoles,2024 May 01 11:15:00 AM,24.0
27,CHOCÓ,27075,BAHÍA SOLANO,27075002,EL VALLE (BAHÍA SOLANO - CHOCÓ),2024,5,188.024,68.687,60.0,Lunes,2024 May 27 07:00:00 PM,24.0
27,CHOCÓ,27077,BAJO BAUDÓ,27077905,BUENAVISTA (BAJO BAUDÓ (PIZARRO) - CHOCÓ),2024,5,3.552,1.341,60.0,Lunes,2024 May 06 07:45:00 PM,8.0
27,CHOCÓ,27077,BAJO BAUDÓ,27077029,FIRME DE USARGA (BAJO BAUDÓ (PIZARRO) - CHOCÓ),2024,5,836.0,359.0,60.0,Viernes,2024 May 17 08:15:00 PM,24.0
27,CHOCÓ,27077,BAJO BAUDÓ,27077026,GUINEAL (BAJO BAUDÓ (PIZARRO) - CHOCÓ),2024,5,4.866,1.37,60.0,Viernes,2024 May 17 07:00:00 PM,24.0
27,CHOCÓ,27077,BAJO BAUDÓ,27077008,ORPUA (BAJO BAUDÓ - CHOCÓ),2024,5,705.0,288.0,60.0,Lunes,2024 May 13 06:00:00 PM,24.0
27,CHOCÓ,27077,BAJO BAUDÓ,27077000,PIZARRO (BAJO BAUDÓ - CHOCÓ),2024,5,246.317,95.726,60.0,Sábado,2024 May 18 03:15:00 PM,24.0
27,CHOCÓ,27077,BAJO BAUDÓ,27077916,TERRON (BAJO BAUDÓ - CHOCÓ),2024,5,4.192,1.769,60.0,Sábado,2024 May 04 12:45:00 PM,24.0
27,CHOCÓ,27077,BAJO BAUDÓ,27077019,VIRUDO (BAJO BAUDÓ - CHOCÓ),2024,5,4.294,5.965,60.0,Martes,2024 May 21 09:45:00 PM,24.0
27,CHOCÓ,27099,BOJAYÁ,27099000,BELLAVISTA (BOJAYÁ (BELLAVISTA) - CHOCÓ),2024,5,84.005,23.959,60.0,Sábado,2024 May 06 08:00:00 PM,24.0
27,CHOCÓ,27099,BOJAYÁ,27099005,NAPIPI (BOJAYÁ - CHOCÓ),2024,5,12.426,4.213,60.0,Lunes,2024 May 20 07:00:00 PM,24.0
27,CHOCÓ,27099,BOJAYÁ,27099008,PUERTO CONTO (BOJAYÁ (BELLAVISTA) - CHOCO),2024,5,12.349,3.815,60.0,Viernes,2024 May 31 06:45:00 PM,24.0
27,CHOCÓ,27250,EL LITORAL DEL SAN JUAN,27250023,PAPAYO (EL LITORAL DEL SAN JUAN - CHOCÓ),2024,5,3.527,1.038,60.0,Miercoles,2024 May 22 07:30:00 PM,24.0
27,CHOCÓ,27250,EL LITORAL DEL SAN JUAN,27250000,SANTA GENOVEVA DE DOCORDO (EL LITORAL DEL SAN JUAN - CHOCÓ),2024,5,36.7,17.118,60.0,Viernes,2024 May 31 07:30:00 PM,6.0
27,CHOCÓ,27372,JURADO,27372000,JURADO (JURADO - CHOCÓ),2024,5,180.964,63.06,60.0,Martes,2024 May 28 12:00:00 PM,24.0
27,CHOCÓ,27425,MEDIO ATRATO,27425000,BETE (MEDIO ATRATO - CHOCÓ),2024,5,17.901,8.923,68.0,Miercoles,2024 May 22 11:30:00 AM,24.0
27,CHOCÓ,27425,MEDIO ATRATO,27425008,SAN ROQUE (MEDIO ATRATO - CHOCÓ),2024,5,2.481,1.112,60.0,Miercoles,2024 May 15 07:30:00 PM,24.0
27,CHOCÓ,27491,NOVITA,27491004,JUNTAS DE TAMANA (NOVITA - CHOCÓ),2024,5,1.863,620.0,60.0,Viernes,2024 May 31 06:45:00 PM,24.0
27,CHOCÓ,27495,NUQUÍ,27495001,ARUSÍ (NUQUÍ - CHOCO),2024,5,20.705,7.668,60.0,Lunes,2024 May 16 07:45:00 PM,24.0
27,CHOCÓ,27495,NUQUÍ,27495011,COMUNIDAD DE PUERTO JAGUA (NUQUÍ - CHOCÓ),2024,5,876.0,372.0,60.0,Miercoles,2024 May 08 07:00:00 PM,24.0
27,CHOCÓ,27495,NUQUÍ,27495912,COMUNIDAD INDÍGENA DE PANGUÍ - EL YUCAL (NUQUÍ - CHOCÓ),2024,5,7.439,1.873,60.0,Sábado,2024 May 04 12:30:00 PM,24.0
27,CHOCÓ,27495,NUQUÍ,27495000,NUQUÍ (NUQUÍ - CHOCÓ),2024,5,306.425,109.467,60.0,Jueves,2024 May 30 07:30:00 PM,24.0
27,CHOCÓ,27001,QUIBDÓ,27001029,TAGACHI (QUIBDÓ - CHOCÓ),2024,5,0.0,0.0,0.0,Miercoles,2024 May 01 12:00:00 PM,0.0
27,CHOCÓ,27615,RIOSUCIO,27615011,SAN JOSE TAMBORAL (RIOSUCIO - CHOCÓ),2024,5,328.0,112.0,60.0,Lunes,2024 May 27 07:15:00 PM,24.0
27,CHOCÓ,27800,UNGUÍA,27800005,TITUMATE (UNGUÍA - CHOCÓ),2024,5,16.923,4.45,60.0,Jueves,2024 May 30 08:30:00 PM,24.0
27,CHOCÓ,27800,UNGUÍA,27800000,UNGUÍA (UNGUÍA - CHOCÓ),2024,5,484.045,156.408,60.0,Jueves,2024 May 30 07:45:00 PM,24.0
94,GUAINÍA,94343,BARRANCO MINAS,94343000,BARRANCO MINAS (BARRANCO MINAS - GUAINÍA),2024,5,76.458,22.812,60.0,Miercoles,2024 May 08 02:00:00 PM,24.0
94,GUAINÍA,94001,INÍRIDA,94001000,INÍRIDA (INÍRIDA - GUAINÍA),2024,5,10.326,635.769,60.0,Martes,2024 May 14 03:30:00 PM,24.0
44,LA GUAJIRA,44847,URIBIA,44847003,CABO DE LA VELA (URIBIA - LA GUAJIRA),2024,5,37.485,3.837,60.0,Jueves,2024 May 02 09:00:00 PM,24.0
44,LA GUAJIRA,44847,URIBIA,44847012,NAZARETH (URIBIA - LA GUAJIRA),2024,5,33.425,7.49,60.0,Lunes,2024 May 27 07:00:00 PM,24.0
47,MAGDALENA,47189,CIÉNAGA,47189018,PALMOR (CIÉNAGA - MAGDALENA),2024,5,92.841,32.703,60.0,Sábado,2024 May 04 12:00:00 PM,24.0
50,META,50325,MAPIRIPAN,50325000,MAPIRIPAN (MAPIRIPAN - META),2024,5,182.486,59.588,60.0,Martes,2024 May 07 03:00:00 PM,24.0
52,NARIÑO,52250,EL CHARCO,52250007,SAN JOSÉ DEL TAPAJE (EL CHARCO - NARIÑO),2024,5,14.018,3.736,56.0,Viernes,2024 May 03 02:45:00 PM,24.0
52,NARIÑO,52390,LA TOLA,52390005,AGUACATAL (LA TOLA - NARIÑO),2024,5,737.0,256.0,60.0,Domingo,2024 May 26 08:00:00 PM,3.0
52,NARIÑO,52390,LA TOLA,52390013,AMARALES (LA TOLA - NARIÑO),2024,5,6.807,804.0,60.0,Viernes,2024 May 10 08:00:00 PM,24.0
52,NARIÑO,52390,LA TOLA,52390003,LA VIGIA DE LA MAR (LA TOLA - NARIÑO),2024,5,4.406,1.896,60.0,Viernes,2024 May 10 12:30:00 PM,24.0
52,NARIÑO,52390,LA TOLA,52390009,MULATOS (LA TOLA - NARIÑO),2024,5,4.05,2.49,60.0,Miercoles,2024 May 01 05:00:00 PM,7.0
52,NARIÑO,52427,MAGÜÍ,52427910,EL ROSARIO,2024,5,268.0,50.0,60.0,Sábado,2024 May 25 06:00:00 PM,24.0
52,NARIÑO,52427,MAGÜÍ,52427913,LA ISLA (MAGÜÍ - NARIÑO),2024,5,0.0,0.0,0.0,Miercoles,2024 May 01 12:00:00 PM,0.0
52,NARIÑO,52427,MAGÜÍ,52427915,LAS LAJAS (MAGÜÍ - NARIÑO),2024,5,0.0,0.0,0.0,Miercoles,2024 May 01 12:00:00 PM,0.0
52,NARIÑO,52473,MOSQUERA,52473010,EL BAJITO DE ECHANDÍA (MOSQUERA - NARIÑO),2024,5,21.0,6.0,60.0,Miercoles,2024 May 22 07:15:00 PM,24.0
52,NARIÑO,52490,OLAYA HERRERA,52490913,BOCA DE PRIETA (OLAYA HERRERA - NARIÑO),2024,5,1.733,575.0,60.0,Miercoles,2024 May 15 05:45:00 PM,24.0
52,NARIÑO,52621,ROBERTO PAYAN,52621912,TAMAJE (ROBERTO PAYAN - NARIÑO),2024,5,5.291,3.418,60.0,Miercoles,2024 May 29 05:00:00 PM,24.0
52,NARIÑO,52835,SAN ANDRÉS DE TUMACO,52835055,BOCAS DE CURAY (TUMACO - NARIÑO),2024,5,5.986,2.425,48.0,Sábado,2024 May 04 06:45:00 PM,24.0
52,NARIÑO,52835,SAN ANDRÉS DE TUMACO,52835217,SAN JUAN DE LA COSTA (SAN ANDRÉS DE TUMACO - NARIÑO),2024,5,23.427,8.802,112.0,Viernes,2024 May 17 06:45:00 PM,24.0
52,NARIÑO,52696,SANTA BÁRBARA,52696014,LA ENSENADA (SANTA BÁRBARA - NARIÑO),2024,5,3.712,4.191,60.0,Miercoles,2024 May 01 08:00:00 PM,24.0
86,PUTUMAYO,86573,PUERTO LEGUÍZAMO,86573009,PIÑUÑA NEGRO (PUERTO LEGUÍZAMO - PUTUMAYO),2024,5,2.821,1.686,60.0,Viernes,2024 May 10 08:15:00 PM,24.0
76,VALLE DEL CAUCA,76109,BUENAVENTURA,76109069,PAPAYAL 1 (BUENAVENTURA - VALLE DEL CAUCA),2024,5,7.219,1.389,60.0,Sábado,2024 May 18 07:30:00 PM,24.0
76,VALLE DEL CAUCA,76109,BUENAVENTURA,76109105,PITAL (BUENAVENTURA - VALLE DEL CAUCA),2024,5,2.101,516.0,60.0,martes,2024 May 06 07:30:00 PM,24.0
76,VALLE DEL CAUCA,76109,BUENAVENTURA,76109028,PUERTO MERIZALDE (BUENAVENTURA - VALLE DEL CAUCA),2024,5,88.938,31.614,60.0,Viernes,2024 May 17 02:45:00 PM,19.0
76,VALLE DEL CAUCA,76109,BUENAVENTURA,76109081,PUNTA BONITA,2024,5,2.617,3.171,60.0,domingo,2024 May 17 07:15:00 PM,24.0
76,VALLE DEL CAUCA,76109,BUENAVENTURA,76109032,SAN FRANCISCO NAYA (BUENAVENTURA - VALLE DEL CAUCA),2024,5,7.03,2.924,60.0,Martes,2024 May 21 11:45:00 AM,24.0
97,VAUPÉS,97161,CARURÚ,97161000,CARURÚ (CARURÚ - VAUPÉS),2024,5,0.0,0.0,0.0,Miercoles,2024 May 01 12:00:00 PM,0.0
97,VAUPÉS,97001,MITÚ,97001000,MITÚ (MITÚ - VAUPÉS),2024,5,10.326,383.483,60.0,Jueves,2024 May 02 01:15:00 PM,24.0
97,VAUPÉS,97666,TARAIRA,97666000,TARAIRA (TARAIRA - VAUPÉS),2024,5,37.059,11.165,60.0,Miercoles,2024 May 08 12:00:00 PM,24.0
99,VICHADA,99001,PUERTO CARREÑO,99001000,PUERTO CARREÑO (PUERTO CARREÑO - VICHADA),2024,5,10.326,737.306,5.06,Viernes,2024 May 03 02:15:00 PM,24.0
91,AMAZONAS,91001,LETICIA,91001000,LETICIA (LETICIA - AMAZONAS),2024,6,10.326,8.475,60.0,Jueves,2024 Jun 20 03:30:00 PM,24.0
91,AMAZONAS,91540,PUERTO NARIÑO,91540000,PUERTO NARIÑO (PUERTO NARIÑO - AMAZONAS),2024,6,127.838,40.378,256.0,Miércoles,2024 Jun 05 06:15:00 PM,24.0
91,AMAZONAS,91798,TARAPACA (ANM),91798000,TARAPACA (TARAPACA (ANM) - AMAZONAS),2024,6,26.578,11.917,60.0,Jueves,2024 Jun 20 06:30:00 PM,24.0
88,ARCHIPIÉLAGO DE SAN ANDRÉS y PROVIDENCIA,88564,PROVIDENCIA,88564000,PROVIDENCIA (PROVIDENCIA - ARCHIPIÉLAGO DE SAN ANDRÉS y PROVIDENCIA ),2024,6,10.326,274.864,60.0,Miércoles,2024 Jun 12 02:15:00 PM,24.0
13,BOLÍVAR,13001,CARTAGENA DE INDIAS,13001007,ISLA FUERTE (CARTAGENA DE INDIAS - BOLÍVAR),2024,6,60.724,28.336,60.0,Domingo,2024 Jun 30 08:00:00 PM,24.0
13,BOLÍVAR,13001,CARTAGENA DE INDIAS,13001017,SANTA CRUZ DEL ISLOTE (CARTAGENA DE INDIAS - BOLÍVAR),2024,6,12.04,3.944,60.0,Viernes,2024 Jun 21 10:30:00 PM,24.0
18,CAQUETÁ,18150,CARTAGENA DEL CHAIRA,18150001,REMOLINO DEL CAGUAN (CARTAGENA DEL CHAIRA - CAQUETÁ),2024,6,18.647,8.183,60.0,Sábado,2024 Jun 22 06:45:00 PM,24.0
18,CAQUETÁ,18150,CARTAGENA DEL CHAIRA,18150002,SANTA FE DEL CAGUAN (CARTAGENA DEL CHAIRA - CAQUETÁ),2024,6,4.127,1.932,60.0,Sábado,2024 Jun 15 06:00:00 PM,24.0
18,CAQUETÁ,18753,SAN VICENTE DEL CAGUÁN,18753002,GUACAMAYAS (SAN VICENTE DEL CAGUÁN - CAQUETÁ),2024,6,8.77,3.282,60.0,Sábado,2024 Jun 29 07:45:00 PM,24.0
19,CAUCA,19318,GUAPI,19318008,LIMONES (GUAPI - CAUCA),2024,6,9.158,4.037,60.0,Jueves,2024 Jun 27 07:30:00 PM,24.0
19,CAUCA,19318,GUAPI,19318013,SAN ANTONIO DE GUAJUI (GUAPI - CAUCA),2024,6,12.52,6.833,60.0,Miércoles,2024 Jun 12 06:30:00 PM,24.0
19,CAUCA,19418,LÓPEZ DE MICAY,19418009,NOANAMITO (LÓPEZ DE MICAY - CAUCA),2024,6,6.719,3.215,36.0,Domingo,2024 Jun 02 07:30:00 PM,24.0
19,CAUCA,19809,TIMBIQUÍ,19809014,CHACON (TIMBIQUÍ - CAUCA),2024,6,3.571,875.0,22.0,Sábado,2024 Jun 22 06:45:00 PM,24.0
19,CAUCA,19809,TIMBIQUÍ,19809003,COTEJE (TIMBIQUÍ - CAUCA),2024,6,5.703,4.209,60.0,Viernes,2024 Jun 07 07:15:00 PM,24.0
19,CAUCA,19809,TIMBIQUÍ,19809026,LOS BRAZOS (TIMBIQUÍ - CAUCA),2024,6,2.593,1.121,60.0,Miércoles,2024 Jun 12 08:00:00 PM,24.0
19,CAUCA,19809,TIMBIQUÍ,19809007,SAN JOSE (TIMBIQUÍ - CAUCA),2024,6,6.642,4.607,60.0,Miércoles,2024 Jun 12 07:30:00 PM,24.0
19,CAUCA,19809,TIMBIQUÍ,19809009,SANTA ROSA DE SAIJA (TIMBIQUÍ - CAUCA),2024,6,3.387,1.002,60.0,Domingo,2024 Jun 02 07:45:00 PM,24.0
27,CHOCÓ,27006,ACANDÍ,27006000,ACANDÍ (ACANDÍ - CHOCÓ),2024,6,682.186,197.644,60.0,Lunes,2024 Jun 17 08:30:00 PM,24.0
27,CHOCÓ,27006,ACANDÍ,27006003,CAPURGANA (ACANDÍ - CHOCÓ),2024,6,403.8,128.896,60.0,Sábado,2024 Jun 29 08:30:00 PM,24.0
27,CHOCÓ,27025,ALTO BAUDO,27025000,CIUDAD BAUDO - PIE DE PATO (ALTO BAUDO - CHOCÓ),2024,6,52.766,18.043,60.0,Martes,2024 Jun 11 12:30:00 PM,24.0
27,CHOCÓ,27075,BAHÍA SOLANO,27075000,CIUDAD MUTIS (BAHÍA SOLANO - CHOCÓ),2024,6,806.798,240.527,60.0,Sábado,2024 Jun 01 07:30:00 PM,24.0
27,CHOCÓ,27075,BAHÍA SOLANO,27075002,EL VALLE (BAHÍA SOLANO - CHOCÓ),2024,6,184.938,65.667,60.0,Sábado,2024 Jun 29 08:15:00 PM,24.0
27,CHOCÓ,27077,BAJO BAUDÓ,27077905,BUENAVISTA (BAJO BAUDÓ (PIZARRO) - CHOCÓ),2024,6,4.215,1.621,60.0,Lunes,2024 Jun 03 07:45:00 PM,10.0
27,CHOCÓ,27077,BAJO BAUDÓ,27077029,FIRME DE USARGA (BAJO BAUDÓ (PIZARRO) - CHOCÓ),2024,6,906.0,394.0,60.0,Domingo,2024 Jun 30 07:15:00 PM,24.0
27,CHOCÓ,27077,BAJO BAUDÓ,27077026,GUINEAL (BAJO BAUDÓ (PIZARRO) - CHOCÓ),2024,6,5.274,2.959,60.0,Domingo,2024 Jun 02 11:45:00 AM,24.0
27,CHOCÓ,27077,BAJO BAUDÓ,27077008,ORPUA (BAJO BAUDÓ - CHOCÓ),2024,6,648.0,170.0,60.0,Jueves,2024 Jun 27 07:15:00 PM,24.0
27,CHOCÓ,27077,BAJO BAUDÓ,27077000,PIZARRO (BAJO BAUDÓ - CHOCÓ),2024,6,233.4,91.021,60.0,Lunes,2024 Jun 24 07:30:00 PM,24.0
27,CHOCÓ,27077,BAJO BAUDÓ,27077916,TERRON (BAJO BAUDÓ - CHOCÓ),2024,6,5.3,2.263,60.0,Lunes,2024 Jun 10 11:45:00 AM,24.0
27,CHOCÓ,27099,BOJAYÁ,27099000,BELLAVISTA (BOJAYÁ (BELLAVISTA) - CHOCÓ),2024,6,91.673,27.162,60.0,Lunes,2024 Jun 03 06:15:00 PM,24.0
27,CHOCÓ,27099,BOJAYÁ,27099005,NAPIPI (BOJAYÁ - CHOCÓ),2024,6,9.331,3.096,60.0,Sábado,2024 Jun 01 07:00:00 PM,24.0
27,CHOCÓ,27099,BOJAYÁ,27099008,PUERTO CONTO (BOJAYÁ (BELLAVISTA) - CHOCO),2024,6,11.489,3.514,60.0,Viernes,2024 Jun 21 08:15:00 PM,24.0
27,CHOCÓ,27250,EL LITORAL DEL SAN JUAN,27250000,SANTA GENOVEVA DE DOCORDO (EL LITORAL DEL SAN JUAN - CHOCÓ),2024,6,31.176,14.902,60.0,Miércoles,2024 Jun 05 06:45:00 PM,24.0
27,CHOCÓ,27372,JURADO,27372000,JURADO (JURADO - CHOCÓ),2024,6,168.917,56.559,60.0,Sábado,2024 Jun 01 07:00:00 PM,24.0
27,CHOCÓ,27425,MEDIO ATRATO,27425000,BETE (MEDIO ATRATO - CHOCÓ),2024,6,16.199,8.094,64.0,Miércoles,2024 Jun 19 12:00:00 PM,24.0
27,CHOCÓ,27425,MEDIO ATRATO,27425008,SAN ROQUE (MEDIO ATRATO - CHOCÓ),2024,6,2.241,971.0,60.0,Domingo,2024 Jun 30 08:15:00 PM,24.0
27,CHOCÓ,27495,NUQUÍ,27495001,ARUSÍ (NUQUÍ - CHOCO),2024,6,18.961,7.124,60.0,Sábado,2024 Jun 01 12:00:00 PM,24.0
27,CHOCÓ,27495,NUQUÍ,27495011,COMUNIDAD DE PUERTO JAGUA (NUQUÍ - CHOCÓ),2024,6,889.0,411.0,60.0,Lunes,2024 Jun 17 06:45:00 PM,24.0
27,CHOCÓ,27495,NUQUÍ,27495912,COMUNIDAD INDÍGENA DE PANGUÍ - EL YUCAL (NUQUÍ - CHOCÓ),2024,6,7.888,1.82,60.0,Viernes,2024 Jun 28 07:15:00 AM,24.0
27,CHOCÓ,27495,NUQUÍ,27495000,NUQUÍ (NUQUÍ - CHOCÓ),2024,6,286.414,100.295,60.0,Sábado,2024 Jun 01 07:45:00 PM,24.0
27,CHOCÓ,27001,QUIBDÓ,27001029,TAGACHI (QUIBDÓ - CHOCÓ),2024,6,116.0,31.0,60.0,Viernes,2024 Jun 28 03:15:00 PM,24.0
27,CHOCÓ,27615,RIOSUCIO,27615011,SAN JOSE TAMBORAL (RIOSUCIO - CHOCÓ),2024,6,465.0,176.0,60.0,Martes,2024 Jun 18 07:00:00 PM,24.0
27,CHOCÓ,27800,UNGUÍA,27800005,TITUMATE (UNGUÍA - CHOCÓ),2024,6,13.024,3.367,60.0,Sábado,2024 Jun 01 09:45:00 PM,24.0
27,CHOCÓ,27800,UNGUÍA,27800000,UNGUÍA (UNGUÍA - CHOCÓ),2024,6,453.004,145.637,60.0,Viernes,2024 Jun 07 08:15:00 PM,24.0
94,GUAINÍA,94343,BARRANCO MINAS,94343000,BARRANCO MINAS (BARRANCO MINAS - GUAINÍA),2024,6,87.38,28.373,60.0,Martes,2024 Jun 25 05:30:00 PM,24.0
94,GUAINÍA,94001,INÍRIDA,94001905,CHORRO BOCON (INÍRIDA - GUAINÍA),2024,6,5.482,444.0,60.0,Viernes,2024 Jun 14 07:15:00 PM,24.0
94,GUAINÍA,94001,INÍRIDA,94001000,INÍRIDA (INÍRIDA - GUAINÍA),2024,6,10.326,580.002,60.0,Martes,2024 Jun 18 02:30:00 PM,24.0
44,LA GUAJIRA,44847,URIBIA,44847003,CABO DE LA VELA (URIBIA - LA GUAJIRA),2024,6,32.748,1.938,60.0,Miércoles,2024 Jun 05 07:30:00 PM,24.0
44,LA GUAJIRA,44847,URIBIA,44847012,NAZARETH (URIBIA - LA GUAJIRA),2024,6,31.835,6.94,60.0,Viernes,2024 Jun 07 06:30:00 PM,24.0
47,MAGDALENA,47189,CIÉNAGA,47189018,PALMOR (CIÉNAGA - MAGDALENA),2024,6,88.076,30.12,60.0,Sábado,2024 Jun 01 11:45:00 AM,24.0
50,META,50325,MAPIRIPAN,50325000,MAPIRIPAN (MAPIRIPAN - META),2024,6,173.757,58.073,60.0,Lunes,2024 Jun 17 03:00:00 PM,24.0
52,NARIÑO,52250,EL CHARCO,52250016,ALTERÓN (URIBE URIBE) (EL CHARCO - NARIÑO),2024,6,554.0,347.0,60.0,Martes,2024 Jun 04 06:45:00 PM,24.0
52,NARIÑO,52250,EL CHARCO,52250005,LAS MERCEDES (EL CHARCO - NARIÑO),2024,6,983.0,873.0,60.0,Sábado,2024 Jun 01 07:00:00 PM,24.0
52,NARIÑO,52250,EL CHARCO,52250007,SAN JOSÉ DEL TAPAJE (EL CHARCO - NARIÑO),2024,6,9.682,2.92,64.0,Viernes,2024 Jun 28 08:15:00 PM,24.0
52,NARIÑO,52390,LA TOLA,52390005,AGUACATAL (LA TOLA - NARIÑO),2024,6,783.0,189.0,60.0,Domingo,2024 Jun 30 11:30:00 AM,24.0
52,NARIÑO,52390,LA TOLA,52390013,AMARALES (LA TOLA - NARIÑO),2024,6,8.842,2.662,60.0,Jueves,2024 Jun 13 12:15:00 PM,24.0
52,NARIÑO,52390,LA TOLA,52390003,LA VIGIA DE LA MAR (LA TOLA - NARIÑO),2024,6,4.814,2.215,60.0,Miércoles,2024 Jun 26 12:45:00 PM,24.0
52,NARIÑO,52390,LA TOLA,52390009,MULATOS (LA TOLA - NARIÑO),2024,6,4.251,2.656,60.0,Sábado,2024 Jun 22 06:45:00 PM,24.0
52,NARIÑO,52390,LA TOLA,52390016,SAN PABLO DEL MAR (LA TOLA - NARIÑO),2024,6,5.924,2.122,60.0,Sábado,2024 Jun 15 07:30:00 PM,24.0
52,NARIÑO,52427,MAGÜÍ,52427913,LA ISLA (MAGÜÍ - NARIÑO),2024,6,0.0,0.0,0.0,Sábado,2024 Jun 01 12:00:00 AM,0.0
52,NARIÑO,52427,MAGÜÍ,52427915,LAS LAJAS (MAGÜÍ - NARIÑO),2024,6,0.0,0.0,0.0,Sábado,2024 Jun 01 12:00:00 AM,0.0
52,NARIÑO,52473,MOSQUERA,52473010,EL BAJITO DE ECHANDÍA (MOSQUERA - NARIÑO),2024,6,1.615,630.0,60.0,Jueves,2024 Jun 13 06:15:00 PM,24.0
52,NARIÑO,52490,OLAYA HERRERA,52490913,BOCA DE PRIETA (OLAYA HERRERA - NARIÑO),2024,6,2.168,656.0,60.0,Sábado,2024 Jun 29 07:30:00 PM,24.0
52,NARIÑO,52621,ROBERTO PAYAN,52621912,TAMAJE (ROBERTO PAYAN - NARIÑO),2024,6,4.778,2.999,60.0,Domingo,2024 Jun 16 03:45:00 PM,24.0
52,NARIÑO,52835,SAN ANDRÉS DE TUMACO,52835055,BOCAS DE CURAY (TUMACO - NARIÑO),2024,6,7.922,2.975,48.0,Viernes,2024 Jun 07 07:15:00 PM,24.0
52,NARIÑO,52835,SAN ANDRÉS DE TUMACO,52835217,SAN JUAN DE LA COSTA (SAN ANDRÉS DE TUMACO - NARIÑO),2024,6,23.815,9.302,60.0,Viernes,2024 Jun 07 07:15:00 PM,24.0
52,NARIÑO,52696,SANTA BÁRBARA,52696014,LA ENSENADA (SANTA BÁRBARA - NARIÑO),2024,6,3.102,2.058,60.0,Martes,2024 Jun 04 06:45:00 PM,24.0
86,PUTUMAYO,86573,PUERTO LEGUÍZAMO,86573009,PIÑUÑA NEGRO (PUERTO LEGUÍZAMO - PUTUMAYO),2024,6,2.654,1.59,60.0,Sábado,2024 Jun 01 07:00:00 PM,24.0
76,VALLE DEL CAUCA,76109,BUENAVENTURA,76109069,PAPAYAL 1 (BUENAVENTURA - VALLE DEL CAUCA),2024,6,7.207,1.312,60.0,Martes,2024 Jun 25 08:00:00 PM,24.0
76,VALLE DEL CAUCA,76109,BUENAVENTURA,76109105,PITAL (BUENAVENTURA - VALLE DEL CAUCA),2024,6,2.427,656.0,60.0,Domingo,2024 Jun 09 03:45:00 PM,24.0
76,VALLE DEL CAUCA,76109,BUENAVENTURA,76109028,PUERTO MERIZALDE (BUENAVENTURA - VALLE DEL CAUCA),2024,6,103.108,35.909,60.0,Lunes,2024 Jun 10 07:45:00 PM,24.0
76,VALLE DEL CAUCA,76109,BUENAVENTURA,76109081,PUNTA BONITA,2024,6,2.799,3.112,60.0,Sábado,2024 Jun 29 08:30:00 PM,24.0
76,VALLE DEL CAUCA,76109,BUENAVENTURA,76109032,SAN FRANCISCO NAYA (BUENAVENTURA - VALLE DEL CAUCA),2024,6,8.189,3.084,60.0,Sábado,2024 Jun 22 11:45:00 AM,24.0
97,VAUPÉS,97161,CARURÚ,97161000,CARURÚ (CARURÚ - VAUPÉS),2024,6,20.522,5.14,60.0,Miércoles,2024 Jun 12 06:45:00 PM,24.0
97,VAUPÉS,97001,MITÚ,97001000,MITÚ (MITÚ - VAUPÉS),2024,6,10.326,366.345,60.0,Martes,2024 Jun 18 12:00:00 PM,24.0
97,VAUPÉS,97666,TARAIRA,97666000,TARAIRA (TARAIRA - VAUPÉS),2024,6,34.83,9.545,60.0,Miércoles,2024 Jun 26 12:00:00 PM,24.0
99,VICHADA,99001,PUERTO CARREÑO,99001000,PUERTO CARREÑO (PUERTO CARREÑO - VICHADA),2024,6,10.326,673.372,60.0,Domingo,2024 Jun 02 08:45:00 PM,24.0
91,AMAZONAS,91001,LETICIA,91001000,LETICIA (LETICIA - AMAZONAS),2024,7,10.326,8.475,60.0,Jueves,2024 Jul 25 03:30:00 PM,24.0
91,AMAZONAS,91540,PUERTO NARIÑO,91540000,PUERTO NARIÑO (PUERTO NARIÑO - AMAZONAS),2024,7,132.554,42.294,60.0,Miercoles,2024 Jul 24 06:15:00 PM,24.0
91,AMAZONAS,91798,TARAPACA (ANM),91798000,TARAPACA (TARAPACA (ANM) - AMAZONAS),2024,7,26.803,12.169,60.0,Lunes,2024 Jul 29 02:30:00 PM,24.0
88,ARCHIPIÉLAGO DE SAN ANDRÉS y PROVIDENCIA,88564,PROVIDENCIA,88564000,PROVIDENCIA (PROVIDENCIA - ARCHIPIÉLAGO DE SAN ANDRÉS y PROVIDENCIA ),2024,7,10.326,275.839,60.0,Miercoles,2024 Jul 10 10:30:00 PM,24.0
88,"ARCHIPIÉLAGO DE SAN ANDRÉS, PROVIDENCIA Y SANTA CATALINA",88001,SAN ANDRÉS,88001000,SAN ANDRÉS (SAN ANDRÉS - ARCHIPIÉLAGO DE SAN ANDRÉS Y PROVIDENCIA),2024,7,10.326,8.475,60.0,Jueves,2024 Jul 25 03:45:00 PM,24.0
13,BOLÍVAR,13001,CARTAGENA DE INDIAS,13001007,ISLA FUERTE (CARTAGENA DE INDIAS - BOLÍVAR),2024,7,28.683,13.831,60.0,Lunes,2024 Jul 01 12:30:00 AM,24.0
13,BOLÍVAR,13001,CARTAGENA DE INDIAS,13001017,SANTA CRUZ DEL ISLOTE (CARTAGENA DE INDIAS - BOLÍVAR),2024,7,13.868,4.464,60.0,Viernes,2024 Jul 12 10:15:00 PM,24.0
18,CAQUETÁ,18150,CARTAGENA DEL CHAIRA,18150001,REMOLINO DEL CAGUAN (CARTAGENA DEL CHAIRA - CAQUETÁ),2024,7,11.716,5.089,60.0,Martes,2024 Jul 09 07:45:00 PM,24.0
18,CAQUETÁ,18150,CARTAGENA DEL CHAIRA,18150002,SANTA FE DEL CAGUAN (CARTAGENA DEL CHAIRA - CAQUETÁ),2024,7,3.571,1.667,60.0,Viernes,2024 Jul 12 06:45:00 PM,24.0
18,CAQUETÁ,18753,SAN VICENTE DEL CAGUÁN,18753002,GUACAMAYAS (SAN VICENTE DEL CAGUÁN - CAQUETÁ),2024,7,2.672,976.0,60.0,Lunes,2024 Jul 01 07:30:00 PM,24.0
19,CAUCA,19318,GUAPI,19318008,LIMONES (GUAPI - CAUCA),2024,7,4.288,1.882,60.0,Viernes,2024 Jul 05 07:45:00 PM,24.0
19,CAUCA,19318,GUAPI,19318013,SAN ANTONIO DE GUAJUI (GUAPI - CAUCA),2024,7,11.284,6.147,60.0,Viernes,2024 Jul 26 07:00:00 PM,24.0
19,CAUCA,19418,LÓPEZ DE MICAY,19418009,NOANAMITO (LÓPEZ DE MICAY - CAUCA),2024,7,6.151,2.827,40.0,Sabado,2024 Jul 13 07:15:00 PM,24.0
19,CAUCA,19809,TIMBIQUÍ,19809014,CHACON (TIMBIQUÍ - CAUCA),2024,7,4.464,1.154,60.0,Domingo,2024 Jul 21 08:30:00 PM,24.0
19,CAUCA,19809,TIMBIQUÍ,19809003,COTEJE (TIMBIQUÍ - CAUCA),2024,7,5.913,4.186,60.0,Jueves,2024 Jul 11 07:30:00 PM,24.0
19,CAUCA,19809,TIMBIQUÍ,19809007,SAN JOSE (TIMBIQUÍ - CAUCA),2024,7,6.046,4.222,60.0,Lunes,2024 Jul 15 07:45:00 PM,24.0
19,CAUCA,19809,TIMBIQUÍ,19809009,SANTA ROSA DE SAIJA (TIMBIQUÍ - CAUCA),2024,7,3.295,1.109,60.0,Lunes,2024 Jul 22 07:45:00 PM,24.0
27,CHOCÓ,27006,ACANDÍ,27006000,ACANDÍ (ACANDÍ - CHOCÓ),2024,7,727.226,207.226,60.0,Sabado,2024 Jul 13 09:45:00 PM,24.0
27,CHOCÓ,27006,ACANDÍ,27006003,CAPURGANA (ACANDÍ - CHOCÓ),2024,7,349.527,110.165,60.0,Miercoles,2024 Jul 03 08:45:00 PM,24.0
27,CHOCÓ,27025,ALTO BAUDO,27025000,CIUDAD BAUDO - PIE DE PATO (ALTO BAUDO - CHOCÓ),2024,7,46.42,16.571,60.0,Domingo,2024 Jul 21 12:30:00 PM,24.0
27,CHOCÓ,27075,BAHÍA SOLANO,27075000,CIUDAD MUTIS (BAHÍA SOLANO - CHOCÓ),2024,7,879.191,232.126,60.0,Lunes,2024 Jul 29 07:45:00 PM,24.0
27,CHOCÓ,27075,BAHÍA SOLANO,27075002,EL VALLE (BAHÍA SOLANO - CHOCÓ),2024,7,196.222,66.893,60.0,Lunes,2024 Jul 15 07:15:00 PM,24.0
27,CHOCÓ,27075,BAHÍA SOLANO (MUTIS),27075001,CUPICA (BAHÍA SOLANO - CHOCÓ),2024,7,60.272,18.844,60.0,Lunes,2024 Jul 29 07:15:00 PM,24.0
27,CHOCÓ,27077,BAJO BAUDÓ,27077905,BUENAVISTA (BAJO BAUDÓ (PIZARRO) - CHOCÓ),2024,7,3.622,1.429,60.0,Miercoles,2024 Jul 03 11:30:00 AM,24.0
27,CHOCÓ,27077,BAJO BAUDÓ,27077029,FIRME DE USARGA (BAJO BAUDÓ (PIZARRO) - CHOCÓ),2024,7,730.0,302.0,60.0,Lunes,2024 Jul 01 07:00:00 PM,24.0
27,CHOCÓ,27077,BAJO BAUDÓ,27077026,GUINEAL (BAJO BAUDÓ (PIZARRO) - CHOCÓ),2024,7,7.265,4.44,60.0,Lunes,2024 Jul 15 11:30:00 AM,24.0
27,CHOCÓ,27077,BAJO BAUDÓ,27077008,ORPUA (BAJO BAUDÓ - CHOCÓ),2024,7,942.0,268.0,60.0,Martes,2024 Jul 23 06:30:00 PM,24.0
27,CHOCÓ,27077,BAJO BAUDÓ,27077000,PIZARRO (BAJO BAUDÓ - CHOCÓ),2024,7,257.463,99.964,60.0,Lunes,2024 Jul 15 12:30:00 PM,24.0
27,CHOCÓ,27077,BAJO BAUDÓ,27077916,TERRON (BAJO BAUDÓ - CHOCÓ),2024,7,3.828,1.591,60.0,Jueves,2024 Jul 25 01:00:00 PM,24.0
27,CHOCÓ,27077,BAJO BAUDÓ,27077019,VIRUDO (BAJO BAUDÓ - CHOCÓ),2024,7,6.922,5.092,60.0,Domingo,2024 Jul 21 10:00:00 PM,24.0
27,CHOCÓ,27099,BOJAYÁ,27099000,BELLAVISTA (BOJAYÁ (BELLAVISTA) - CHOCÓ),2024,7,63.749,18.62,60.0,Domingo,2024 Jul 07 03:00:00 PM,24.0
27,CHOCÓ,27099,BOJAYÁ,27099002,LA LOMA DE BOJAYÁ (BOJAYÁ (BELLAVISTA) - CHOCÓ),2024,7,9.539,3.531,60.0,Sin Registro,2024 Jul 20 07:30:00 PM,24.0
27,CHOCÓ,27099,BOJAYÁ,27099005,NAPIPI (BOJAYÁ - CHOCÓ),2024,7,9.344,2.97,60.0,Domingo,2024 Jul 07 07:45:00 PM,24.0
27,CHOCÓ,27099,BOJAYÁ,27099008,PUERTO CONTO (BOJAYÁ (BELLAVISTA) - CHOCO),2024,7,11.897,3.685,60.0,Martes,2024 Jul 02 07:00:00 PM,24.0
27,CHOCÓ,27250,EL LITORAL DEL SAN JUAN,27250000,SANTA GENOVEVA DE DOCORDO (EL LITORAL DEL SAN JUAN - CHOCÓ),2024,7,61.53,30.589,60.0,Domingo,2024 Jul 07 07:30:00 PM,24.0
27,CHOCÓ,27372,JURADO,27372000,JURADO (JURADO - CHOCÓ),2024,7,182.873,62.366,60.0,Lunes,2024 Jul 29 08:00:00 PM,24.0
27,CHOCÓ,27425,MEDIO ATRATO,27425000,BETE (MEDIO ATRATO - CHOCÓ),2024,7,16.169,7.622,68.0,Jueves,2024 Jul 11 11:30:00 AM,24.0
27,CHOCÓ,27425,MEDIO ATRATO,27425008,SAN ROQUE (MEDIO ATRATO - CHOCÓ),2024,7,1.666,670.0,60.0,Lunes,2024 Jul 08 08:00:00 PM,24.0
27,CHOCÓ,27495,NUQUÍ,27495001,ARUSÍ (NUQUÍ - CHOCO),2024,7,18.926,7.459,60.0,Domingo,2024 Jul 14 11:45:00 AM,24.0
27,CHOCÓ,27495,NUQUÍ,27495011,COMUNIDAD DE PUERTO JAGUA (NUQUÍ - CHOCÓ),2024,7,986.0,443.0,60.0,Lunes,2024 Jul 08 07:00:00 PM,24.0
27,CHOCÓ,27495,NUQUÍ,27495912,COMUNIDAD INDÍGENA DE PANGUÍ - EL YUCAL (NUQUÍ - CHOCÓ),2024,7,7.219,2.956,60.0,Jueves,2024 Jul 11 03:30:00 PM,24.0
27,CHOCÓ,27495,NUQUÍ,27495000,NUQUÍ (NUQUÍ - CHOCÓ),2024,7,312.363,105.627,60.0,Martes,2024 Jul 16 07:45:00 PM,24.0
27,CHOCÓ,27001,QUIBDÓ,27001029,TAGACHI (QUIBDÓ - CHOCÓ),2024,7,462.0,138.0,60.0,Viernes,2024 Jul 05 08:00:00 PM,24.0
27,CHOCÓ,27800,UNGUÍA,27800005,TITUMATE (UNGUÍA - CHOCÓ),2024,7,18.007,4.842,60.0,Lunes,2024 Jul 22 08:30:00 PM,24.0
27,CHOCÓ,27800,UNGUÍA,27800000,UNGUÍA (UNGUÍA - CHOCÓ),2024,7,508.534,160.237,60.0,Lunes,2024 Jul 15 12:15:00 AM,24.0
94,GUAINÍA,94343,BARRANCO MINAS,94343000,BARRANCO MINAS (BARRANCO MINAS - GUAINÍA),2024,7,87.489,29.752,60.0,Miercoles,2024 Jul 17 10:15:00 AM,24.0
94,GUAINÍA,94001,INÍRIDA,94001905,CHORRO BOCON (INÍRIDA - GUAINÍA),2024,7,5.177,364.0,60.0,Jueves,2024 Jul 25 07:15:00 PM,24.0
94,GUAINÍA,94001,INÍRIDA,94001000,INÍRIDA (INÍRIDA - GUAINÍA),2024,7,10.326,557.699,60.0,Jueves,2024 Jul 25 02:45:00 PM,24.0
44,LA GUAJIRA,44847,URIBIA,44847012,NAZARETH (URIBIA - LA GUAJIRA),2024,7,38.023,8.637,60.0,Martes,2024 Jul 16 07:00:00 PM,24.0
47,MAGDALENA,47189,CIÉNAGA,47189018,PALMOR (CIÉNAGA - MAGDALENA),2024,7,76.944,27.976,60.0,Domingo,2024 Jul 21 07:15:00 PM,24.0
50,META,50325,MAPIRIPAN,50325000,MAPIRIPAN (MAPIRIPAN - META),2024,7,175.985,58.347,60.0,Lunes,2024 Jul 29 06:45:00 PM,24.0
52,NARIÑO,52250,EL CHARCO,52250016,ALTERÓN (URIBE URIBE) (EL CHARCO - NARIÑO),2024,7,283.0,177.0,60.0,Lunes,2024 Jul 29 07:15:00 PM,24.0
52,NARIÑO,52250,EL CHARCO,52250005,LAS MERCEDES (EL CHARCO - NARIÑO),2024,7,1.211,851.0,60.0,Sabado,2024 Jul 06 09:30:00 PM,24.0
52,NARIÑO,52250,EL CHARCO,52250007,SAN JOSÉ DEL TAPAJE (EL CHARCO - NARIÑO),2024,7,13.46,4.01,64.0,Lunes,2024 Jul 15 08:30:00 PM,24.0
52,NARIÑO,52390,LA TOLA,52390005,AGUACATAL (LA TOLA - NARIÑO),2024,7,2.252,482.0,60.0,Sabado,2024 Jul 13 07:15:00 PM,24.0
52,NARIÑO,52390,LA TOLA,52390013,AMARALES (LA TOLA - NARIÑO),2024,7,7.626,2.501,60.0,Martes,2024 Jul 30 07:45:00 PM,24.0
52,NARIÑO,52390,LA TOLA,52390003,LA VIGIA DE LA MAR (LA TOLA - NARIÑO),2024,7,6.165,2.772,60.0,Sabado,2024 Jul 20 12:30:00 PM,24.0
52,NARIÑO,52390,LA TOLA,52390009,MULATOS (LA TOLA - NARIÑO),2024,7,4.478,2.834,60.0,Martes,2024 Jul 02 06:00:00 PM,24.0
52,NARIÑO,52390,LA TOLA,52390016,SAN PABLO DEL MAR (LA TOLA - NARIÑO),2024,7,4.799,1.757,60.0,Jueves,2024 Jul 25 07:00:00 PM,8.0
52,NARIÑO,52427,MAGÜÍ,52427913,LA ISLA (MAGÜÍ - NARIÑO),2024,7,0.0,0.0,0.0,Lunes,2024 Jul 01 12:00:00 AM,0.0
52,NARIÑO,52427,MAGÜÍ,52427915,LAS LAJAS (MAGÜÍ - NARIÑO),2024,7,0.0,0.0,0.0,Lunes,2024 Jul 01 12:00:00 AM,0.0
52,NARIÑO,52473,MOSQUERA,52473010,EL BAJITO DE ECHANDÍA (MOSQUERA - NARIÑO),2024,7,2.725,961.0,60.0,Jueves,2024 Jul 04 12:00:00 PM,24.0
52,NARIÑO,52490,OLAYA HERRERA,52490913,BOCA DE PRIETA (OLAYA HERRERA - NARIÑO),2024,7,2.438,739.0,60.0,Miercoles,2024 Jul 03 07:15:00 PM,24.0
52,NARIÑO,52621,ROBERTO PAYAN,52621912,TAMAJE (ROBERTO PAYAN - NARIÑO),2024,7,4.916,3.03,60.0,Martes,2024 Jul 16 08:30:00 PM,24.0
52,NARIÑO,52835,SAN ANDRÉS DE TUMACO,52835055,BOCAS DE CURAY (TUMACO - NARIÑO),2024,7,8.11,3.002,60.0,Sabado,2024 Jul 13 07:00:00 PM,24.0
52,NARIÑO,52835,SAN ANDRÉS DE TUMACO,52835217,SAN JUAN DE LA COSTA (SAN ANDRÉS DE TUMACO - NARIÑO),2024,7,24.929,9.692,60.0,Miercoles,2024 Jul 24 07:15:00 PM,24.0
52,NARIÑO,52696,SANTA BÁRBARA,52696014,LA ENSENADA (SANTA BÁRBARA - NARIÑO),2024,7,3.178,1.695,60.0,Sabado,2024 Jul 27 08:00:00 PM,24.0
86,PUTUMAYO,86573,PUERTO LEGUÍZAMO,86573009,PIÑUÑA NEGRO (PUERTO LEGUÍZAMO - PUTUMAYO),2024,7,2.684,1.626,60.0,Sabado,2024 Jul 06 05:00:00 PM,24.0
76,VALLE DEL CAUCA,76109,BUENAVENTURA,76109069,PAPAYAL 1 (BUENAVENTURA - VALLE DEL CAUCA),2024,7,5.757,1.043,60.0,Miercoles,2024 Jul 31 07:45:00 PM,24.0
76,VALLE DEL CAUCA,76109,BUENAVENTURA,76109105,PITAL (BUENAVENTURA - VALLE DEL CAUCA),2024,7,2.224,642.0,60.0,Martes,2024 Jul 16 05:45:00 PM,24.0
76,VALLE DEL CAUCA,76109,BUENAVENTURA,76109028,PUERTO MERIZALDE (BUENAVENTURA - VALLE DEL CAUCA),2024,7,101.752,35.905,60.0,Lunes,2024 Jul 15 08:15:00 PM,24.0
76,VALLE DEL CAUCA,76109,BUENAVENTURA,76109081,PUNTA BONITA,2024,7,4.166,3.331,60.0,Miercoles,2024 Jul 10 09:00:00 PM,24.0
76,VALLE DEL CAUCA,76109,BUENAVENTURA,76109032,SAN FRANCISCO NAYA (BUENAVENTURA - VALLE DEL CAUCA),2024,7,7.99,3.515,60.0,Sabado,2024 Jul 13 11:30:00 AM,24.0
97,VAUPÉS,97161,CARURÚ,97161000,CARURÚ (CARURÚ - VAUPÉS),2024,7,27.69,7.064,60.0,Lunes,2024 Jul 22 06:30:00 PM,24.0
97,VAUPÉS,97001,MITÚ,97001000,MITÚ (MITÚ - VAUPÉS),2024,7,10.326,368.701,60.0,Viernes,2024 Jul 05 12:15:00 PM,24.0
97,VAUPÉS,97666,TARAIRA,97666000,TARAIRA (TARAIRA - VAUPÉS),2024,7,36.778,9.619,60.0,Miercoles,2024 Jul 03 12:15:00 PM,24.0
99,VICHADA,99001,PUERTO CARREÑO,99001000,PUERTO CARREÑO (PUERTO CARREÑO - VICHADA),2024,7,10.326,679.9,60.0,Miercoles,2024 Jul 10 03:30:00 PM,24.0
91,AMAZONAS,91001,LETICIA,91001000,LETICIA (LETICIA - AMAZONAS),2024,8,10.326,8.475,60.0,Viernes,2024 Aug 23 03:15:00 PM,24.0
91,AMAZONAS,91540,PUERTO NARIÑO,91540000,PUERTO NARIÑO (PUERTO NARIÑO - AMAZONAS),2024,8,138.406,44.141,60.0,Miércoles,2024 Aug 21 06:30:00 PM,24.0
91,AMAZONAS,91798,TARAPACA (ANM),91798000,TARAPACA (TARAPACA (ANM) - AMAZONAS),2024,8,27.927,12.547,60.0,Viernes,2024 Aug 23 02:30:00 PM,24.0
88,ARCHIPIÉLAGO DE SAN ANDRÉS y PROVIDENCIA,88564,PROVIDENCIA,88564000,PROVIDENCIA (PROVIDENCIA - ARCHIPIÉLAGO DE SAN ANDRÉS y PROVIDENCIA ),2024,8,10.326,291.177,60.0,Miércoles,2024 Aug 28 10:00:00 PM,24.0
88,ARCHIPIÉLAGO DE SAN ANDRÉS y PROVIDENCIA,88001,SAN ANDRÉS,88001000,SAN ANDRÉS (SAN ANDRÉS - ARCHIPIÉLAGO DE SAN ANDRÉS Y PROVIDENCIA),2024,8,10.326,8.475,60.0,Martes,2024 Aug 20 03:45:00 PM,24.0
18,CAQUETÁ,18753,SAN VICENTE DEL CAGUÁN,18753002,GUACAMAYAS (SAN VICENTE DEL CAGUÁN - CAQUETÁ),2024,8,10.221,3.449,60.0,Domingo,2024 Aug 11 07:30:00 PM,24.0
18,CAQUETÁ,18150,CARTAGENA DEL CHAIRA,18150001,REMOLINO DEL CAGUAN (CARTAGENA DEL CHAIRA - CAQUETÁ),2024,8,10.186,4.08,106.0,Sábado,2024 Aug 24 07:15:00 PM,24.0
19,CAUCA,19809,TIMBIQUÍ,19809014,CHACON (TIMBIQUÍ - CAUCA),2024,8,4.263,1.102,60.0,Jueves,2024 Aug 22 07:00:00 PM,24.0
19,CAUCA,19809,TIMBIQUÍ,19809010,COMUNIDAD DE CHETE (TIMBIQUÍ - CAUCA),2024,8,4.947,1.947,60.0,Miércoles,2024 Aug 14 07:30:00 PM,24.0
19,CAUCA,19809,TIMBIQUÍ,19809003,COTEJE (TIMBIQUÍ - CAUCA),2024,8,5.571,3.951,60.0,Martes,2024 Aug 13 07:30:00 PM,24.0
19,CAUCA,19418,LÓPEZ DE MICAY,19418009,NOANAMITO (LÓPEZ DE MICAY - CAUCA),2024,8,6.83,3.246,40.0,Sábado,2024 Aug 24 06:45:00 PM,24.0
19,CAUCA,19318,GUAPI,19318013,SAN ANTONIO DE GUAJUI (GUAPI - CAUCA),2024,8,9.881,5.449,60.0,Sábado,2024 Aug 03 07:45:00 PM,24.0
19,CAUCA,19809,TIMBIQUÍ,19809007,SAN JOSE (TIMBIQUÍ - CAUCA),2024,8,5.736,4.008,60.0,Jueves,2024 Aug 29 07:00:00 PM,24.0
19,CAUCA,19809,TIMBIQUÍ,19809009,SANTA ROSA DE SAIJA (TIMBIQUÍ - CAUCA),2024,8,3.668,1.243,60.0,Jueves,2024 Aug 29 11:30:00 PM,24.0
27,CHOCÓ,27006,ACANDÍ,27006000,ACANDÍ (ACANDÍ - CHOCÓ),2024,8,563.125,161.445,60.0,Miércoles,2024 Aug 21 08:15:00 PM,24.0
27,CHOCÓ,27495,NUQUÍ,27495001,ARUSI (NIQUÍ - CHOCÓ),2024,8,20.628,8.243,60.0,Sábado,2024 Aug 17 12:30:00 PM,24.0
27,CHOCÓ,27099,BOJAYÁ,27099000,BELLAVISTA (BOJAYÁ (BELLAVISTA) - CHOCÓ),2024,8,102.438,30.189,60.0,Viernes,2024 Aug 02 03:45:00 AM,24.0
27,CHOCÓ,27425,MEDIO ATRATO,27425000,BETE (MEDIO ATRATO - CHOCÓ),2024,8,15.856,7.302,72.0,Miércoles,2024 Aug 07 11:15:00 AM,24.0
27,CHOCÓ,27077,BAJO BAUDÓ,27077905,BUENAVISTA (BAJO BAUDÓ - CHOCÓ),2024,8,4.083,1.648,60.0,Jueves,2024 Aug 15 08:45:00 PM,10.0
27,CHOCÓ,27025,ALTO BAUDO,27025000,CIUDAD BAUDO - PIE DE PATO (ALTO BAUDO - CHOCÓ),2024,8,39.73,14.556,60.0,Domingo,2024 Aug 25 07:15:00 PM,24.0
27,CHOCÓ,27075,BAHÍA SOLANO,27075000,CIUDAD MUTIS (BAHÍA SOLANO - CHOCÓ),2024,8,865.279,247.476,60.0,Martes,2024 Aug 27 07:30:00 PM,24.0
27,CHOCÓ,27495,NUQUÍ,27495011,COMUNIDAD DE PUERTO JAGUA (NUQUÍ - CHOCÓ),2024,8,1.06,496.0,60.0,Domingo,2024 Aug 18 07:15:00 PM,24.0
27,CHOCÓ,27495,NUQUÍ,27495912,COMUNIDAD INDÍGENA DE PANGUÍ - EL YUCAL (NUQUÍ - CHOCÓ),2024,8,6.917,2.943,60.0,Martes,2024 Aug 27 06:30:00 AM,24.0
27,CHOCÓ,27075,BAHÍA SOLANO,27075001,CUPICA (BAHÍA SOLANO - CHOCÓ),2024,8,63.493,19.293,60.0,Viernes,2024 Aug 02 08:15:00 PM,24.0
27,CHOCÓ,27075,BAHÍA SOLANO,27075002,EL VALLE (BAHÍA SOLANO - CHOCÓ),2024,8,195.529,68.0,60.0,Miércoles,2024 Aug 14 07:45:00 PM,24.0
27,CHOCÓ,27077,BAJO BAUDÓ,27077029,FIRME DE USARGA (BAJO BAUDÓ (PIZARRO) - CHOCÓ),2024,8,748.0,338.0,60.0,Miércoles,2024 Aug 07 06:45:00 PM,24.0
27,CHOCÓ,27077,BAJO BAUDÓ,27077026,GUINEAL (BAJO BAUDÓ (PIZARRO) - CHOCÓ),2024,8,6.986,3.852,60.0,Miércoles,2024 Aug 28 07:30:00 PM,24.0
27,CHOCÓ,27372,JURADO,27372000,JURADO (JURADO - CHOCÓ),2024,8,191.136,64.029,60.0,Viernes,2024 Aug 16 10:45:00 AM,24.0
27,CHOCÓ,27495,NUQUÍ,27495000,NUQUÍ (NUQUÍ - CHOCÓ),2024,8,305.12,101.111,60.0,Miércoles,2024 Aug 28 08:00:00 PM,24.0
27,CHOCÓ,27077,BAJO BAUDÓ,27077008,ORPUA (BAJO BAUDÓ - CHOCÓ),2024,8,686.0,211.0,60.0,Sábado,2024 Aug 17 08:00:00 PM,24.0
27,CHOCÓ,27099,BOJAYÁ,27099030,PIEDRA CANDELA (BOJAYÁ - CHOCÓ),2024,8,6.903,3.04,60.0,Viernes,2024 Aug 30 04:00:00 PM,24.0
27,CHOCÓ,27077,BAJO BAUDÓ,27077000,PIZARRO (BAJO BAUDÓ - CHOCÓ),2024,8,240.77,95.08,60.0,Miércoles,2024 Aug 28 07:15:00 PM,24.0
27,CHOCÓ,27099,BOJAYÁ,27099008,PUERTO CONTO (BOJAYÁ - CHOCÓ),2024,8,13.109,4.224,60.0,Viernes,2024 Aug 02 07:00:00 PM,24.0
27,CHOCÓ,27425,MEDIO ATRATO,27425008,SAN ROQUE (MEDIO ATRATO - CHOCÓ),2024,8,1.568,681.0,60.0,Sábado,2024 Aug 17 08:00:00 PM,24.0
27,CHOCÓ,27250,EL LITORAL DEL SAN JUAN,27250000,SANTA GENOVEVA DE DOCORDO (EL LITORAL DEL SAN JUAN - CHOCÓ),2024,8,82.319,41.381,60.0,Lunes,2024 Aug 19 07:30:00 PM,24.0
27,CHOCÓ,27077,BAJO BAUDÓ,27077916,TERRON (BAJO BAUDÓ - CHOCÓ),2024,8,2.035,889.0,60.0,Lunes,2024 Aug 12 01:45:00 PM,24.0
27,CHOCÓ,27800,UNGUÍA,27800005,TITUMATE (UNGUÍA - CHOCÓ),2024,8,16.493,4.387,60.0,Miércoles,2024 Aug 21 07:00:00 PM,24.0
27,CHOCÓ,27800,UNGUÍA,27800000,UNGUÍA (UNGUÍA - CHOCÓ),2024,8,483.322,152.596,60.0,Miércoles,2024 Aug 28 09:15:00 PM,24.0
27,CHOCÓ,27077,BAJO BAUDÓ,27077019,VIRUDO (BAJO BAUDÓ - CHOCÓ),2024,8,6.804,4.079,60.0,Viernes,2024 Aug 30 10:00:00 PM,24.0
94,GUAINÍA,94001,INÍRIDA,94001905,CHORRO BOCON (INÍRIDA - GUAINÍA),2024,8,5.844,507.0,60.0,Domingo,2024 Aug 25 06:15:00 PM,24.0
94,GUAINÍA,94001,INÍRIDA,94001000,INÍRIDA (INÍRIDA - GUAINÍA),2024,8,10.326,605.279,60.0,Jueves,2024 Aug 22 02:30:00 PM,24.0
44,LA GUAJIRA,44847,URIBIA,44847003,CABO DE LA VELA (URIBIA - LA GUAJIRA),2024,8,8.751,342.0,60.0,Jueves,2024 Aug 04 07:15:00 PM,24.0
44,LA GUAJIRA,44847,URIBIA,44847012,NAZARETH (URIBIA - LA GUAJIRA),2024,8,40.008,8.714,60.0,Sábado,2024 Aug 31 06:00:00 PM,24.0
47,MAGDALENA,47189,CIÉNAGA,47189018,PALMOR (CIÉNAGA - MAGDALENA),2024,8,89.106,31.211,60.0,Miércoles,2024 Aug 28 06:45:00 PM,24.0
50,META,50325,MAPIRIPAN,50325000,MAPIRIPAN (MAPIRIPAN - META),2024,8,188.322,61.901,60.0,Jueves,2024 Aug 22 06:45:00 PM,24.0
52,NARIÑO,52390,LA TOLA,52390005,AGUACATAL (LA TOLA - NARIÑO),2024,8,399.0,82.0,10.0,Jueves,2024 Aug 06 03:45:00 PM,24.0
52,NARIÑO,52250,EL CHARCO,52250016,ALTERON - URIBE URIBE (EL CHARCO - NARIÑO),2024,8,608.0,403.0,60.0,Miércoles,2024 Aug 07 05:45:00 PM,24.0
52,NARIÑO,52427,MAGÜI,52427901,ALTO ESTERO (MAGÜI - NARIÑO),2024,8,288.0,94.0,60.0,Sábado,2024 Aug 03 07:30:00 PM,24.0
52,NARIÑO,52390,LA TOLA,52390013,AMARALES (LA TOLA - NARIÑO),2024,8,9.318,2.501,60.0,Viernes,2024 Aug 02 08:45:00 PM,24.0
52,NARIÑO,52490,OLAYA HERRERA,52490913,BOCA DE PRIETA (OLAYA HERRERA - NARIÑO),2024,8,2.167,662.0,60.0,Jueves,2024 Aug 01 08:30:00 PM,24.0
52,NARIÑO,52835,SAN ANDRÉS DE TUMACO,52835055,BOCAS DE CURAY (SAN ANDRÉS DE TUMACO - NARIÑO),2024,8,6.641,2.521,48.0,Martes,2024 Aug 06 07:00:00 PM,24.0
52,NARIÑO,52473,MOSQUERA,52473010,EL BAJITO DE ECHANDIA (MOSQUERA - NARIÑO),2024,8,2.959,971.0,60.0,Lunes,2024 Aug 19 06:30:00 PM,24.0
52,NARIÑO,52427,MAGÜI,52427910,EL ROSARIO (MAGÜI - NARIÑO),2024,8,0.0,0.0,60.0,Martes,2024 Aug 13 09:00:00 AM,0.0
52,NARIÑO,52427,MAGÜI,52427013,LA LOMA (MAGÜI - NARIÑO),2024,8,89.0,26.0,60.0,Miércoles,2024 Aug 14 06:30:00 PM,24.0
52,NARIÑO,52390,LA TOLA,52390003,LA VIGIA DE LA MAR (LA TOLA - NARIÑO),2024,8,5.544,2.643,60.0,Miércoles,2024 Aug 21 12:45:00 PM,24.0
52,NARIÑO,52250,EL CHARCO,52250005,LAS MERCEDES (EL CHARCO - NARIÑO),2024,8,936.0,411.0,60.0,Domingo,2024 Aug 25 08:30:00 PM,24.0
52,NARIÑO,52390,LA TOLA,52390009,MULATOS (LA TOLA - NARIÑO),2024,8,2.941,1.789,60.0,Jueves,2024 Aug 01 05:00:00 PM,24.0
52,NARIÑO,52835,SAN ANDRÉS DE TUMACO,52835217,SAN JUAN DE LA COSTA (SAN ANDRÉS DE TUMACO - NARIÑO),2024,8,25.18,9.879,60.0,Martes,2024 Aug 06 07:15:00 PM,24.0
52,NARIÑO,52390,LA TOLA,52390016,SAN PABLO DEL MAR (LA TOLA - NARIÑO),2024,8,3.514,1.266,60.0,Jueves,2024 Aug 01 07:00:00 PM,24.0
52,NARIÑO,52621,ROBERTO PAYAN,52621912,TAMAJE (ROBERTO PAYAN - NARIÑO),2024,8,738.0,449.0,60.0,Domingo,2024 Aug 04 07:30:00 PM,24.0
86,PUTUMAYO,86573,PUERTO LEGUIZAMO,86573009,PIÑUÑA NEGRO (PUERTO LEGUÍZAMO - PUTUMAYO),2024,8,2.682,1.656,60.0,Viernes,2024 Aug 02 06:45:00 PM,24.0
86,PUTUMAYO,86573,PUERTO LEGUIZAMO,86573000,PUERTO LEGUÍZAMO (PUERTO LEGUÍZAMO - PUTUMAYO),2024,8,974.651,271.412,60.0,Jueves,2024 Aug 22 03:00:00 PM,24.0
76,VALLE DEL CAUCA,76109,BUENAVENTURA,76109069,PAPAYAL 1 (BUENAVENTURA - VALLE DEL CAUCA),2024,8,9.681,1.402,60.0,Domingo,2024 Aug 18 07:00:00 PM,24.0
76,VALLE DEL CAUCA,76109,BUENAVENTURA,76109028,PUERTO MERIZALDE (BUENAVENTURA - VALLE DEL CAUCA),2024,8,96.031,33.217,60.0,Miércoles,2024 Aug 28 07:45:00 PM,21.0
76,VALLE DEL CAUCA,76109,BUENAVENTURA,76109081,PUNTA BONITA (BUENAVENTURA - VALLE DEL CAUCA),2024,8,4.975,4.623,60.0,Sábado,2024 Aug 17 07:15:00 PM,24.0
76,VALLE DEL CAUCA,76109,BUENAVENTURA,76109032,SAN FRANCISCO NAYA (BUENAVENTURA - VALLE DEL CAUCA),2024,8,7.61,3.285,60.0,Viernes,2024 Aug 02 07:15:00 PM,24.0
97,VAUPÉS,97161,CARURÚ,97161000,CARURÚ (CARURÚ - VAUPÉS),2024,8,31.775,7.881,60.0,Jueves,2024 Aug 29 06:45:00 PM,24.0
97,VAUPÉS,97001,MITÚ,97001000,MITÚ (MITÚ - VAUPÉS),2024,8,10.326,387.197,60.0,Miércoles,2024 Aug 21 01:00:00 PM,24.0
97,VAUPÉS,97666,TARAIRA,97666000,TARAIRA (TARAIRA - VAUPÉS),2024,8,39.226,10.719,60.0,Martes,2024 Aug 20 12:00:00 PM,24.0
99,VICHADA,99001,PUERTO CARREÑO,99001000,PUERTO CARREÑO (PUERTO CARREÑO - VICHADA),2024,8,10.326,732.978,60.0,Martes,2024 Aug 20 02:00:00 PM,24.0
91,AMAZONAS,91540,PUERTO NARIÑO,91540000,PUERTO NARIÑO (PUERTO NARIÑO - AMAZONAS),2024,9,140.156,45.616,60.0,jueves,2024 Sep 19 06:00:00 PM,24.0
91,AMAZONAS,91798,TARAPACA (ANM),91798000,TARAPACA (TARAPACA (ANM) - AMAZONAS),2024,9,27.342,12.153,60.0,domingo,2024 Sep 15 01:30:00 PM,24.0
88,ARCHIPIÉLAGO DE SAN ANDRÉS y PROVIDENCIA,88564,PROVIDENCIA,88564000,PROVIDENCIA (PROVIDENCIA - ARCHIPIÉLAGO DE SAN ANDRÉS y PROVIDENCIA ),2024,9,10.326,267.106,60.0,lunes,2024 Sep 16 02:45:00 PM,24.0
88,ARCHIPIÉLAGO DE SAN ANDRÉS y PROVIDENCIA,88001,SAN ANDRÉS,88001000,SAN ANDRÉS (SAN ANDRÉS - ARCHIPIÉLAGO DE SAN ANDRÉS y PROVIDENCIA ),2024,9,10.326,8.475,60.0,lunes,2024 Sep 16 03:30:00 PM,24.0
13,BOLÍVAR,13001,CARTAGENA DE INDIAS,13001007,ISLA FUERTE (CARTAGENA DE INDIAS - BOLÍVAR),2024,9,31.801,14.619,60.0,sábado,2024 Sep 14 10:15:00 PM,24.0
13,BOLÍVAR,13001,CARTAGENA DE INDIAS,13001037,ISLA MUCURA (CARTAGENA DE INDIAS - BOLÍVAR),2024,9,0.0,0.0,0.0,domingo,2024 Sep 01 12:00:00 AM,0.0
13,BOLÍVAR,13001,CARTAGENA DE INDIAS,13001017,SANTA CRUZ DEL ISLOTE (CARTAGENA DE INDIAS - BOLÍVAR),2024,9,13.441,3.944,60.0,martes,2024 Sep 24 09:15:00 PM,24.0
18,CAQUETÁ,18150,CARTAGENA DEL CHAIRA,18150001,REMOLINO DEL CAGUAN (CARTAGENA DEL CHAIRA - CAQUETÁ),2024,9,9.969,4.005,60.0,sábado,2024 Sep 14 07:45:00 PM,24.0
18,CAQUETÁ,18150,CARTAGENA DEL CHAIRA,18150002,SANTA FE DEL CAGUAN (CARTAGENA DEL CHAIRA - CAQUETÁ),2024,9,599.0,249.0,60.0,sábado,2024 Sep 21 07:00:00 PM,24.0
18,CAQUETÁ,18753,SAN VICENTE DEL CAGUÁN,18753002,GUACAMAYAS (SAN VICENTE DEL CAGUÁN - CAQUETÁ),2024,9,10.894,4.451,60.0,jueves,2024 Sep 19 06:45:00 PM,24.0
18,CAQUETÁ,18753,SAN VICENTE DEL CAGUÁN,18753009,PUERTO BETANIA (SAN VICENTE DEL CAGUÁN - CAQUETÁ),2024,9,3.569,1.333,60.0,miércoles,2024 Sep 25 07:00:00 PM,24.0
19,CAUCA,19318,GUAPI,19318008,LIMONES (GUAPI - CAUCA),2024,9,8.446,3.448,60.0,lunes,2024 Sep 09 07:30:00 PM,24.0
19,CAUCA,19318,GUAPI,19318013,SAN ANTONIO DE GUAJUI (GUAPI - CAUCA),2024,9,11.403,6.256,60.0,jueves,2024 Sep 26 07:00:00 PM,24.0
19,CAUCA,19418,LÓPEZ DE MICAY,19418009,NOANAMITO (LÓPEZ DE MICAY - CAUCA),2024,9,6.21,2.883,40.0,domingo,2024 Sep 01 06:45:00 PM,24.0
19,CAUCA,19809,TIMBIQUÍ,19809014,CHACON (TIMBIQUÍ - CAUCA),2024,9,4.378,1.109,60.0,sábado,2024 Sep 21 07:15:00 PM,24.0
19,CAUCA,19809,TIMBIQUÍ,19809010,COMUNIDAD DE CHETE (TIMBIQUÍ - CAUCA),2024,9,4.963,1.932,60.0,viernes,2024 Sep 13 07:15:00 PM,24.0
19,CAUCA,19809,TIMBIQUÍ,19809003,COTEJE (TIMBIQUÍ - CAUCA),2024,9,6.188,4.66,60.0,lunes,2024 Sep 23 10:00:00 PM,24.0
19,CAUCA,19809,TIMBIQUÍ,19809007,SAN JOSE (TIMBIQUÍ - CAUCA),2024,9,5.782,3.786,60.0,lunes,2024 Sep 02 07:15:00 PM,24.0
19,CAUCA,19809,TIMBIQUÍ,19809009,SANTA ROSA DE SAIJA (TIMBIQUÍ - CAUCA),2024,9,4.213,1.343,60.0,sábado,2024 Sep 07 08:30:00 PM,24.0
27,CHOCÓ,27006,ACANDÍ,27006000,ACANDÍ (ACANDÍ - CHOCÓ),2024,9,662.116,187.882,60.0,martes,2024 Sep 10 09:45:00 PM,24.0
27,CHOCÓ,27006,ACANDÍ,27006003,CAPURGANA (ACANDÍ - CHOCÓ),2024,9,280.582,94.9,60.0,jueves,2024 Sep 26 10:15:00 PM,24.0
27,CHOCÓ,27006,ACANDÍ,27006007,SAN FRANCISCO (ACANDÍ - CHOCÓ),2024,9,0.0,0.0,60.0,viernes,2024 Sep 27 09:45:00 AM,0.0
27,CHOCÓ,27025,ALTO BAUDO,27025000,CIUDAD BAUDO - PIE DE PATO (ALTO BAUDO - CHOCÓ),2024,9,48.702,17.325,60.0,jueves,2024 Sep 19 12:15:00 PM,24.0
27,CHOCÓ,27075,BAHÍA SOLANO,27075000,CIUDAD MUTIS (BAHÍA SOLANO - CHOCÓ),2024,9,821.85,243.42,60.0,jueves,2024 Sep 19 07:30:00 PM,24.0
27,CHOCÓ,27075,BAHÍA SOLANO,27075001,CUPICA (BAHÍA SOLANO - CHOCÓ),2024,9,62.087,17.933,60.0,domingo,2024 Sep 29 07:00:00 PM,24.0
27,CHOCÓ,27075,BAHÍA SOLANO,27075002,EL VALLE (BAHÍA SOLANO - CHOCÓ),2024,9,187.282,63.408,60.0,miércoles,2024 Sep 11 07:45:00 PM,24.0
27,CHOCÓ,27077,BAJO BAUDÓ,27077905,BUENAVISTA (BAJO BAUDÓ - CHOCÓ),2024,9,4.17,1.685,60.0,jueves,2024 Sep 26 08:30:00 PM,24.0
27,CHOCÓ,27077,BAJO BAUDÓ,27077029,FIRME DE USARGA (BAJO BAUDÓ - CHOCÓ),2024,9,668.0,300.0,60.0,sábado,2024 Sep 07 06:30:00 PM,24.0
27,CHOCÓ,27077,BAJO BAUDÓ,27077026,GUINEAL (BAJO BAUDÓ - CHOCÓ),2024,9,3.584,1.792,60.0,miércoles,2024 Sep 04 07:15:00 PM,24.0
27,CHOCÓ,27077,BAJO BAUDÓ,27077008,ORPUA (BAJO BAUDÓ - CHOCÓ),2024,9,351.0,185.0,60.0,domingo,2024 Sep 01 07:00:00 PM,24.0
27,CHOCÓ,27077,BAJO BAUDÓ,27077011,PILIZA - BELLAVISTA - VILLA LUZ (BAJO BAUDÓ - CHOCÓ),2024,9,1.504,394.0,32.0,viernes,2024 Sep 06 06:45:00 PM,24.0
27,CHOCÓ,27077,BAJO BAUDÓ,27077000,PIZARRO (BAJO BAUDÓ - CHOCÓ),2024,9,206.384,81.596,528.0,lunes,2024 Sep 09 07:00:00 PM,24.0
27,CHOCÓ,27077,BAJO BAUDÓ,27077016,SIVIRU (BAJO BAUDÓ - CHOCÓ),2024,9,0.0,0.0,0.0,domingo,2024 Sep 01 12:00:00 AM,0.0
27,CHOCÓ,27077,BAJO BAUDÓ,27077916,TERRON (BAJO BAUDÓ - CHOCÓ),2024,9,3.447,1.415,60.0,viernes,2024 Sep 13 06:30:00 PM,24.0
27,CHOCÓ,27099,BOJAYÁ,27099000,BELLAVISTA (BOJAYÁ - CHOCÓ),2024,9,97.62,28.649,60.0,jueves,2024 Sep 12 07:45:00 PM,24.0
27,CHOCÓ,27099,BOJAYÁ,27099002,LA LOMA DE BOJAYA (BOJAYÁ - CHOCÓ),2024,9,8.725,3.426,60.0,lunes,2024 Sep 09 07:15:00 PM,24.0
27,CHOCÓ,27099,BOJAYÁ,27099005,NAPIPI (BOJAYÁ - CHOCÓ),2024,9,9.755,3.403,60.0,miércoles,2024 Sep 11 07:30:00 PM,24.0
27,CHOCÓ,27099,BOJAYÁ,27099030,PIEDRA CANDELA (BOJAYÁ - CHOCÓ),2024,9,6.808,3.039,60.0,jueves,2024 Sep 19 04:15:00 PM,24.0
27,CHOCÓ,27099,BOJAYÁ,27099012,POGUE (BOJAYÁ - CHOCÓ),2024,9,0.0,0.0,0.0,domingo,2024 Sep 01 12:00:00 AM,0.0
27,CHOCÓ,27099,BOJAYÁ,27099008,PUERTO CONTO (BOJAYÁ - CHOCÓ),2024,9,13.049,4.118,60.0,sábado,2024 Sep 14 05:00:00 PM,24.0
27,CHOCÓ,27250,EL LITORAL DEL SAN JUAN,27250000,SANTA GENOVEVA DE DOCORDO (EL LITORAL DEL SAN JUAN - CHOCÓ),2024,9,85.654,43.601,60.0,miércoles,2024 Sep 18 06:45:00 PM,24.0
27,CHOCÓ,27372,JURADO,27372000,JURADO (JURADO - CHOCÓ),2024,9,168.389,57.054,60.0,lunes,2024 Sep 02 07:45:00 PM,24.0
27,CHOCÓ,27425,MEDIO ATRATO,27425000,BETE (MEDIO ATRATO - CHOCÓ),2024,9,18.704,8.409,68.0,jueves,2024 Sep 05 12:30:00 PM,24.0
27,CHOCÓ,27425,MEDIO ATRATO,27425008,SAN ROQUE (MEDIO ATRATO - CHOCÓ),2024,9,2.029,974.0,60.0,viernes,2024 Sep 20 07:00:00 PM,24.0
27,CHOCÓ,27495,NUQUÍ,27495001,ARUSI (NUQUÍ - CHOCÓ),2024,9,20.329,7.822,60.0,martes,2024 Sep 24 07:45:00 PM,24.0
27,CHOCÓ,27495,NUQUÍ,27495011,COMUNIDAD DE PUERTO JAGUA (NUQUÍ - CHOCÓ),2024,9,881.0,391.0,60.0,domingo,2024 Sep 29 08:00:00 PM,24.0
27,CHOCÓ,27495,NUQUÍ,27495912,COMUNIDAD INDÍGENA DE PANGUI - EL YUCAL (NUQUÍ - CHOCÓ),2024,9,7.859,2.96,60.0,martes,2024 Sep 03 02:30:00 PM,24.0
27,CHOCÓ,27495,NUQUÍ,27495003,JURUBIRA (NUQUÍ - CHOCÓ),2024,9,18.818,6.856,60.0,lunes,2024 Sep 09 07:00:00 PM,24.0
27,CHOCÓ,27495,NUQUÍ,27495000,NUQUÍ (NUQUÍ - CHOCÓ),2024,9,297.826,99.878,60.0,viernes,2024 Sep 13 07:15:00 PM,24.0
27,CHOCÓ,27001,QUIBDÓ,27001029,TAGACHI (QUIBDÓ - CHOCÓ),2024,9,1.799,675.0,60.0,domingo,2024 Sep 29 07:15:00 PM,24.0
27,CHOCÓ,27800,UNGUÍA,27800001,BALBOA (UNGUÍA - CHOCÓ),2024,9,17.656,7.878,60.0,viernes,2024 Sep 27 08:30:00 PM,24.0
27,CHOCÓ,27800,UNGUÍA,27800005,TITUMATE (UNGUÍA - CHOCÓ),2024,9,16.562,4.309,60.0,domingo,2024 Sep 01 08:00:00 PM,24.0
27,CHOCÓ,27800,UNGUÍA,27800000,UNGUÍA (UNGUÍA - CHOCÓ),2024,9,489.283,152.548,60.0,domingo,2024 Sep 15 07:45:00 PM,24.0
94,GUAINÍA,94001,INÍRIDA,94001905,CHORRO BOCON (INÍRIDA - GUAINÍA),2024,9,5.541,579.0,60.0,miércoles,2024 Sep 04 07:45:00 PM,24.0
94,GUAINÍA,94001,INÍRIDA,94001000,INÍRIDA (INÍRIDA - GUAINÍA),2024,9,10.326,600.627,60.0,martes,2024 Sep 24 02:30:00 PM,24.0
44,LA GUAJIRA,44847,URIBIA,44847003,CABO DE LA VELA (URIBIA - LA GUAJIRA),2024,9,12.522,684.0,60.0,martes,2024 Sep 17 07:00:00 PM,24.0
44,LA GUAJIRA,44847,URIBIA,44847012,NAZARETH (URIBIA - LA GUAJIRA),2024,9,30.472,6.465,60.0,lunes,2024 Sep 02 07:00:00 PM,24.0
47,MAGDALENA,47189,CIÉNAGA,47189018,PALMOR (CIÉNAGA - MAGDALENA),2024,9,91.663,31.673,60.0,domingo,2024 Sep 15 12:00:00 PM,24.0
50,META,50325,MAPIRIPAN,50325000,MAPIRIPAN (MAPIRIPAN - META),2024,9,195.836,64.16,60.0,lunes,2024 Sep 30 06:30:00 PM,24.0
52,NARIÑO,52250,EL CHARCO,52250016,ALTERON - URIBE URIBE (EL CHARCO - NARIÑO),2024,9,121.0,79.0,60.0,lunes,2024 Sep 02 07:45:00 PM,24.0
52,NARIÑO,52250,EL CHARCO,52250022,EL CUIL PUEBLO NUEVO (EL CHARCO - NARIÑO),2024,9,2.728,1.237,60.0,martes,2024 Sep 24 08:00:00 PM,24.0
52,NARIÑO,52250,EL CHARCO,52250005,LAS MERCEDES (EL CHARCO - NARIÑO),2024,9,598.0,193.0,60.0,martes,2024 Sep 03 07:45:00 PM,24.0
52,NARIÑO,52250,EL CHARCO,52250007,SAN JOSE DEL TAPAJE (EL CHARCO - NARIÑO),2024,9,10.578,2.008,96.0,sábado,2024 Sep 21 07:00:00 PM,24.0
52,NARIÑO,52390,LA TOLA,52390005,AGUACATAL (LA TOLA - NARIÑO),2024,9,1.97,423.0,60.0,viernes,2024 Sep 13 01:15:00 PM,24.0
52,NARIÑO,52390,LA TOLA,52390013,AMARALES (LA TOLA - NARIÑO),2024,9,7.192,2.01,60.0,viernes,2024 Sep 13 07:15:00 PM,24.0
52,NARIÑO,52390,LA TOLA,52390003,LA VIGIA DE LA MAR (LA TOLA - NARIÑO),2024,9,5.891,2.948,60.0,domingo,2024 Sep 29 12:30:00 PM,24.0
52,NARIÑO,52390,LA TOLA,52390009,MULATOS (LA TOLA - NARIÑO),2024,9,4.221,2.324,60.0,martes,2024 Sep 17 04:45:00 PM,24.0
52,NARIÑO,52390,LA TOLA,52390016,SAN PABLO DEL MAR (LA TOLA - NARIÑO),2024,9,5.431,1.953,60.0,viernes,2024 Sep 27 06:45:00 PM,24.0
52,NARIÑO,52427,MAGÜI,52427910,EL ROSARIO (MAGÜI - NARIÑO),2024,9,0.0,0.0,0.0,domingo,2024 Sep 01 12:00:00 AM,0.0
52,NARIÑO,52473,MOSQUERA,52473010,EL BAJITO DE ECHANDIA (MOSQUERA - NARIÑO),2024,9,3.02,1.178,60.0,sábado,2024 Sep 28 11:45:00 AM,24.0
52,NARIÑO,52490,OLAYA HERRERA,52490913,BOCA DE PRIETA (OLAYA HERRERA - NARIÑO),2024,9,2.04,660.0,60.0,lunes,2024 Sep 09 07:45:00 PM,24.0
52,NARIÑO,52621,ROBERTO PAYAN,52621912,TAMAJE (ROBERTO PAYAN - NARIÑO),2024,9,3.415,1.281,60.0,domingo,2024 Sep 22 07:15:00 PM,24.0
52,NARIÑO,52835,SAN ANDRÉS DE TUMACO,52835055,BOCAS DE CURAY (SAN ANDRÉS DE TUMACO - NARIÑO),2024,9,9.232,3.531,60.0,miércoles,2024 Sep 25 07:15:00 PM,24.0
52,NARIÑO,52835,SAN ANDRÉS DE TUMACO,52835217,SAN JUAN DE LA COSTA (SAN ANDRÉS DE TUMACO - NARIÑO),2024,9,22.843,8.996,60.0,miércoles,2024 Sep 25 06:45:00 PM,24.0
52,NARIÑO,52696,SANTA BÁRBARA,52696014,LA ENSENADA (SANTA BÁRBARA - NARIÑO),2024,9,3.193,1.294,60.0,sábado,2024 Sep 14 06:45:00 PM,24.0
86,PUTUMAYO,86573,PUERTO LEGUIZAMO,86573009,PIÑUÑA NEGRO (PUERTO LEGUIZAMO - PUTUMAYO),2024,9,2.634,1.652,60.0,sábado,2024 Sep 14 08:00:00 PM,24.0
86,PUTUMAYO,86573,PUERTO LEGUIZAMO,86573000,PUERTO LEGUIZAMO (PUERTO LEGUIZAMO - PUTUMAYO),2024,9,915.606,239.217,60.0,martes,2024 Sep 03 07:00:00 PM,24.0
76,VALLE DEL CAUCA,76109,BUENAVENTURA,76109930,GALVEZ (BUENAVENTURA - VALLE DEL CAUCA),2024,9,3.459,686.0,60.0,lunes,2024 Sep 16 05:45:00 PM,24.0
76,VALLE DEL CAUCA,76109,BUENAVENTURA,76109957,HUMANES MAR (BUENAVENTURA - VALLE DEL CAUCA),2024,9,6.127,1.579,60.0,domingo,2024 Sep 29 10:45:00 AM,24.0
76,VALLE DEL CAUCA,76109,BUENAVENTURA,76109069,PAPAYAL 1 (BUENAVENTURA - VALLE DEL CAUCA),2024,9,7.556,1.352,60.0,miércoles,2024 Sep 04 06:45:00 PM,24.0
76,VALLE DEL CAUCA,76109,BUENAVENTURA,76109028,PUERTO MERIZALDE (BUENAVENTURA - VALLE DEL CAUCA),2024,9,94.103,31.62,60.0,viernes,2024 Sep 27 08:15:00 PM,24.0
76,VALLE DEL CAUCA,76109,BUENAVENTURA,76109081,PUNTA BONITA (BUENAVENTURA - VALLE DEL CAUCA),2024,9,4.349,3.881,60.0,domingo,2024 Sep 01 07:00:00 PM,24.0
76,VALLE DEL CAUCA,76109,BUENAVENTURA,76109032,SAN FRANCISCO NAYA (BUENAVENTURA - VALLE DEL CAUCA),2024,9,8.142,3.367,60.0,lunes,2024 Sep 02 11:30:00 AM,24.0
76,VALLE DEL CAUCA,76109,BUENAVENTURA,76109034,SAN ISIDRO - CALIMA (BUENAVENTURA - VALLE DEL CAUCA),2024,9,2.919,492.0,60.0,jueves,2024 Sep 05 07:15:00 PM,24.0
97,VAUPÉS,97161,CARURÚ,97161000,CARURÚ (CARURÚ - VAUPÉS),2024,9,35.746,8.582,60.0,martes,2024 Sep 24 06:30:00 PM,24.0
97,VAUPÉS,97001,MITÚ,97001000,MITÚ (MITÚ - VAUPÉS),2024,9,10.326,385.301,60.0,martes,2024 Sep 24 01:00:00 PM,24.0
97,VAUPÉS,97666,TARAIRA,97666000,TARAIRA (TARAIRA - VAUPÉS),2024,9,45.482,12.302,60.0,lunes,2024 Sep 16 12:30:00 PM,24.0
99,VICHADA,99001,PUERTO CARREÑO,99001000,PUERTO CARREÑO (PUERTO CARREÑO - VICHADA),2024,9,10.326,703.817,60.0,jueves,2024 Sep 12 01:45:00 PM,24.0
91,AMAZONAS,91001,LETICIA,91001000,LETICIA (LETICIA - AMAZONAS),2024,9,10.326,8.475,60.0,viernes,2024 Sep 20 02:30:00 PM,24.0
91,AMAZONAS,91540,PUERTO NARIÑO,91540000,PUERTO NARIÑO (PUERTO NARIÑO - AMAZONAS),2024,10,143.343,47.284,296.0,jueves,2024 Oct 17 06:15:00 PM,24.0
91,AMAZONAS,91798,TARAPACA (ANM),91798000,TARAPACA (TARAPACA (ANM) - AMAZONAS),2024,10,25.722,11.455,60.0,miércoles,2024 Oct 02 02:30:00 PM,24.0
5,ANTIOQUIA,5873,VIGÍA DEL FUERTE,5873010,LA PLAYA MURRI  (VIGÍA DEL FUERTE - ANTIOQUIA),2024,10,5.792,2.428,60.0,jueves,2024 Oct 03 06:30:00 PM,24.0
5,ANTIOQUIA,5873,VIGÍA DEL FUERTE,5873013,LOMA MURRI (VIGÍA DEL FUERTE - ANTIOQUIA),2024,10,7.563,3.492,60.0,lunes,2024 Oct 07 05:30:00 PM,24.0
88,ARCHIPIÉLAGO DE SAN ANDRÉS y PROVIDENCIA,88564,PROVIDENCIA,88564000,PROVIDENCIA (PROVIDENCIA - ARCHIPIÉLAGO DE SAN ANDRÉS y PROVIDENCIA ),2024,10,10.326,248.214,60.0,jueves,2024 Oct 24 02:30:00 PM,24.0
13,BOLÍVAR,13001,CARTAGENA DE INDIAS,13001007,ISLA FUERTE (CARTAGENA DE INDIAS - BOLÍVAR),2024,10,60.909,27.005,60.0,sábado,2024 Oct 12 09:45:00 PM,24.0
13,BOLÍVAR,13001,CARTAGENA DE INDIAS,13001037,ISLA MUCURA (CARTAGENA DE INDIAS - BOLÍVAR),2024,10,0.0,0.0,0.0,martes,2024 Oct 01 12:00:00 AM,0.0
13,BOLÍVAR,13001,CARTAGENA DE INDIAS,13001017,SANTA CRUZ DEL ISLOTE (CARTAGENA DE INDIAS - BOLÍVAR),2024,10,13.769,3.852,60.0,viernes,2024 Oct 25 10:30:00 PM,24.0
18,CAQUETÁ,18150,CARTAGENA DEL CHAIRA,18150001,REMOLINO DEL CAGUAN (CARTAGENA DEL CHAIRA - CAQUETÁ),2024,10,10.614,4.275,60.0,jueves,2024 Oct 17 07:15:00 PM,24.0
18,CAQUETÁ,18150,CARTAGENA DEL CHAIRA,18150002,SANTA FE DEL CAGUAN (CARTAGENA DEL CHAIRA - CAQUETÁ),2024,10,1.853,784.0,60.0,martes,2024 Oct 22 06:45:00 PM,24.0
18,CAQUETÁ,18753,SAN VICENTE DEL CAGUÁN,18753002,GUACAMAYAS (SAN VICENTE DEL CAGUÁN - CAQUETÁ),2024,10,11.461,4.135,60.0,viernes,2024 Oct 18 08:15:00 PM,24.0
18,CAQUETÁ,18753,SAN VICENTE DEL CAGUÁN,18753009,PUERTO BETANIA (SAN VICENTE DEL CAGUÁN - CAQUETÁ),2024,10,4.898,1.658,60.0,martes,2024 Oct 22 07:30:00 PM,24.0
18,CAQUETÁ,18753,SAN VICENTE DEL CAGUÁN,18753033,VILLA LOBOS (SAN VICENTE DEL CAGUÁN - CAQUETÁ),2024,10,5.84,2.186,60.0,sábado,2024 Oct 05 07:45:00 PM,24.0
19,CAUCA,19318,GUAPI,19318013,SAN ANTONIO DE GUAJUI (GUAPI - CAUCA),2024,10,10.491,5.719,60.0,martes,2024 Oct 29 07:15:00 PM,24.0
19,CAUCA,19418,LÓPEZ DE MICAY,19418009,NOANAMITO (LÓPEZ DE MICAY - CAUCA),2024,10,5.55,2.571,44.0,lunes,2024 Oct 28 07:15:00 PM,24.0
19,CAUCA,19809,TIMBIQUÍ,19809014,CHACON (TIMBIQUÍ - CAUCA),2024,10,4.237,1.0,60.0,sábado,2024 Oct 26 06:30:00 PM,24.0
19,CAUCA,19809,TIMBIQUÍ,19809010,COMUNIDAD DE CHETE (TIMBIQUÍ - CAUCA),2024,10,4.853,1.895,60.0,miércoles,2024 Oct 30 06:30:00 PM,24.0
19,CAUCA,19809,TIMBIQUÍ,19809007,SAN JOSE (TIMBIQUÍ - CAUCA),2024,10,5.319,3.342,60.0,miércoles,2024 Oct 30 07:00:00 PM,24.0
19,CAUCA,19809,TIMBIQUÍ,19809009,SANTA ROSA DE SAIJA (TIMBIQUÍ - CAUCA),2024,10,2.838,867.0,60.0,domingo,2024 Oct 27 07:15:00 PM,24.0
27,CHOCÓ,27006,ACANDÍ,27006000,ACANDÍ (ACANDÍ - CHOCÓ),2024,10,700.05,199.855,60.0,viernes,2024 Oct 25 10:15:00 PM,24.0
27,CHOCÓ,27006,ACANDÍ,27006007,SAN FRANCISCO (ACANDÍ - CHOCÓ),2024,10,0.0,0.0,0.0,martes,2024 Oct 01 12:00:00 AM,0.0
27,CHOCÓ,27025,ALTO BAUDO,27025000,CIUDAD BAUDO - PIE DE PATO (ALTO BAUDO - CHOCÓ),2024,10,49.525,17.855,60.0,sábado,2024 Oct 05 11:30:00 AM,24.0
27,CHOCÓ,27075,BAHÍA SOLANO,27075000,CIUDAD MUTIS (BAHÍA SOLANO - CHOCÓ),2024,10,858.004,260.374,60.0,jueves,2024 Oct 17 06:30:00 PM,24.0
27,CHOCÓ,27075,BAHÍA SOLANO,27075001,CUPICA (BAHÍA SOLANO - CHOCÓ),2024,10,46.559,17.624,60.0,viernes,2024 Oct 11 07:00:00 PM,24.0
27,CHOCÓ,27075,BAHÍA SOLANO,27075002,EL VALLE (BAHÍA SOLANO - CHOCÓ),2024,10,113.146,38.231,60.0,sábado,2024 Oct 05 07:00:00 PM,24.0
27,CHOCÓ,27077,BAJO BAUDÓ,27077002,BELEN DE DOCAMPADO (BAJO BAUDÓ - CHOCÓ),2024,10,8.011,2.852,60.0,sábado,2024 Oct 26 06:30:00 PM,24.0
27,CHOCÓ,27077,BAJO BAUDÓ,27077905,BUENAVISTA (BAJO BAUDÓ - CHOCÓ),2024,10,4.169,1.669,60.0,miércoles,2024 Oct 02 08:30:00 PM,24.0
27,CHOCÓ,27077,BAJO BAUDÓ,27077029,FIRME DE USARGA (BAJO BAUDÓ - CHOCÓ),2024,10,517.0,229.0,60.0,lunes,2024 Oct 28 11:45:00 AM,24.0
27,CHOCÓ,27077,BAJO BAUDÓ,27077026,GUINEAL (BAJO BAUDÓ - CHOCÓ),2024,10,2.627,1.961,60.0,domingo,2024 Oct 27 06:15:00 PM,24.0
27,CHOCÓ,27077,BAJO BAUDÓ,27077008,ORPUA (BAJO BAUDÓ - CHOCÓ),2024,10,308.0,157.0,60.0,miércoles,2024 Oct 30 07:30:00 PM,24.0
27,CHOCÓ,27077,BAJO BAUDÓ,27077011,PILIZA - BELLAVISTA - VILLA LUZ (BAJO BAUDÓ - CHOCÓ),2024,10,3.472,1.076,60.0,viernes,2024 Oct 25 07:00:00 PM,24.0
27,CHOCÓ,27077,BAJO BAUDÓ,27077000,PIZARRO (BAJO BAUDÓ - CHOCÓ),2024,10,121.713,47.969,60.0,sábado,2024 Oct 05 06:45:00 PM,24.0
27,CHOCÓ,27077,BAJO BAUDÓ,27077016,SIVIRU (BAJO BAUDÓ - CHOCÓ),2024,10,0.0,0.0,0.0,martes,2024 Oct 01 12:00:00 AM,0.0
27,CHOCÓ,27077,BAJO BAUDÓ,27077916,TERRON (BAJO BAUDÓ - CHOCÓ),2024,10,5.259,2.26,60.0,sábado,2024 Oct 05 06:45:00 PM,24.0
27,CHOCÓ,27077,BAJO BAUDÓ,27077019,VIRUDO (BAJO BAUDÓ - CHOCÓ),2024,10,352.0,172.0,60.0,domingo,2024 Oct 06 08:15:00 PM,24.0
27,CHOCÓ,27099,BOJAYÁ,27099005,NAPIPI (BOJAYÁ - CHOCÓ),2024,10,11.485,4.061,64.0,viernes,2024 Oct 04 07:00:00 PM,24.0
27,CHOCÓ,27099,BOJAYÁ,27099008,PUERTO CONTO (BOJAYÁ - CHOCÓ),2024,10,12.075,3.76,60.0,viernes,2024 Oct 11 06:30:00 PM,24.0
27,CHOCÓ,27250,EL LITORAL DEL SAN JUAN,27250000,SANTA GENOVEVA DE DOCORDO (EL LITORAL DEL SAN JUAN - CHOCÓ),2024,10,81.383,40.085,60.0,viernes,2024 Oct 11 07:15:00 PM,24.0
27,CHOCÓ,27372,JURADO,27372000,JURADO (JURADO - CHOCÓ),2024,10,182.969,61.194,60.0,jueves,2024 Oct 03 07:00:00 PM,24.0
27,CHOCÓ,27425,MEDIO ATRATO,27425000,BETE (MEDIO ATRATO - CHOCÓ),2024,10,19.063,8.733,68.0,sábado,2024 Oct 26 11:15:00 AM,24.0
27,CHOCÓ,27425,MEDIO ATRATO,27425008,SAN ROQUE (MEDIO ATRATO - CHOCÓ),2024,10,1.542,700.0,60.0,martes,2024 Oct 22 08:30:00 PM,24.0
27,CHOCÓ,27495,NUQUÍ,27495001,ARUSI (NUQUÍ - CHOCÓ),2024,10,16.399,6.235,60.0,sábado,2024 Oct 05 06:45:00 PM,24.0
27,CHOCÓ,27495,NUQUÍ,27495011,COMUNIDAD DE PUERTO JAGUA (NUQUÍ - CHOCÓ),2024,10,956.0,401.0,60.0,lunes,2024 Oct 14 06:15:00 PM,24.0
27,CHOCÓ,27495,NUQUÍ,27495912,COMUNIDAD INDÍGENA DE PANGUI - EL YUCAL (NUQUÍ - CHOCÓ),2024,10,6.761,1.683,60.0,jueves,2024 Oct 24 08:45:00 AM,24.0
27,CHOCÓ,27495,NUQUÍ,27495000,NUQUÍ (NUQUÍ - CHOCÓ),2024,10,292.011,101.507,60.0,viernes,2024 Oct 11 06:30:00 PM,23.0
27,CHOCÓ,27001,QUIBDÓ,27001029,TAGACHI (QUIBDÓ - CHOCÓ),2024,10,3.983,1.398,60.0,martes,2024 Oct 29 07:30:00 PM,24.0
27,CHOCÓ,27800,UNGUÍA,27800001,BALBOA (UNGUÍA - CHOCÓ),2024,10,28.284,14.449,60.0,domingo,2024 Oct 13 06:45:00 PM,24.0
27,CHOCÓ,27800,UNGUÍA,27800005,TITUMATE (UNGUÍA - CHOCÓ),2024,10,16.535,4.124,60.0,jueves,2024 Oct 17 07:15:00 PM,24.0
27,CHOCÓ,27800,UNGUÍA,27800000,UNGUÍA (UNGUÍA - CHOCÓ),2024,10,487.097,153.321,60.0,viernes,2024 Oct 25 07:45:00 PM,24.0
94,GUAINÍA,94001,INÍRIDA,94001905,CHORRO BOCON (INÍRIDA - GUAINÍA),2024,10,5.96,709.0,60.0,domingo,2024 Oct 06 06:15:00 PM,24.0
94,GUAINÍA,94001,INÍRIDA,94001000,INÍRIDA (INÍRIDA - GUAINÍA),2024,10,10.326,654.496,60.0,lunes,2024 Oct 21 02:45:00 PM,24.0
44,LA GUAJIRA,44847,URIBIA,44847012,NAZARETH (URIBIA - LA GUAJIRA),2024,10,36.281,7.757,60.0,martes,2024 Oct 29 06:15:00 PM,24.0
47,MAGDALENA,47189,CIÉNAGA,47189018,PALMOR (CIÉNAGA - MAGDALENA),2024,10,108.25,43.734,60.0,sábado,2024 Oct 26 06:30:00 PM,24.0
50,META,50325,MAPIRIPAN,50325000,MAPIRIPAN (MAPIRIPAN - META),2024,10,200.623,64.737,60.0,lunes,2024 Oct 21 06:00:00 PM,24.0
52,NARIÑO,52250,EL CHARCO,52250022,EL CUIL PUEBLO NUEVO (EL CHARCO - NARIÑO),2024,10,3.449,1.581,60.0,viernes,2024 Oct 25 06:30:00 PM,24.0
52,NARIÑO,52250,EL CHARCO,52250005,LAS MERCEDES (EL CHARCO - NARIÑO),2024,10,921.0,518.0,60.0,sábado,2024 Oct 12 07:45:00 PM,24.0
52,NARIÑO,52250,EL CHARCO,52250007,SAN JOSE DEL TAPAJE (EL CHARCO - NARIÑO),2024,10,9.108,1.826,88.0,martes,2024 Oct 01 07:45:00 PM,24.0
52,NARIÑO,52390,LA TOLA,52390005,AGUACATAL (LA TOLA - NARIÑO),2024,10,2.708,565.0,60.0,lunes,2024 Oct 07 01:45:00 PM,24.0
52,NARIÑO,52390,LA TOLA,52390013,AMARALES (LA TOLA - NARIÑO),2024,10,6.959,3.223,60.0,jueves,2024 Oct 10 07:30:00 PM,24.0
52,NARIÑO,52390,LA TOLA,52390003,LA VIGIA DE LA MAR (LA TOLA - NARIÑO),2024,10,4.738,2.344,60.0,viernes,2024 Oct 18 07:45:00 PM,24.0
52,NARIÑO,52390,LA TOLA,52390009,MULATOS (LA TOLA - NARIÑO),2024,10,887.0,562.0,60.0,jueves,2024 Oct 03 04:00:00 PM,24.0
52,NARIÑO,52390,LA TOLA,52390016,SAN PABLO DEL MAR (LA TOLA - NARIÑO),2024,10,6.188,2.133,60.0,martes,2024 Oct 08 07:15:00 PM,24.0
52,NARIÑO,52473,MOSQUERA,52473010,EL BAJITO DE ECHANDIA (MOSQUERA - NARIÑO),2024,10,3.162,1.164,60.0,martes,2024 Oct 22 11:45:00 AM,24.0
52,NARIÑO,52835,SAN ANDRÉS DE TUMACO,52835055,BOCAS DE CURAY (SAN ANDRÉS DE TUMACO - NARIÑO),2024,10,5.585,1.99,60.0,martes,2024 Oct 01 06:00:00 PM,24.0
52,NARIÑO,52835,SAN ANDRÉS DE TUMACO,52835217,SAN JUAN DE LA COSTA (SAN ANDRÉS DE TUMACO - NARIÑO),2024,10,22.891,9.017,60.0,lunes,2024 Oct 28 06:45:00 PM,24.0
52,NARIÑO,52696,SANTA BÁRBARA,52696014,LA ENSENADA (SANTA BÁRBARA - NARIÑO),2024,10,3.437,1.564,20.0,martes,2024 Oct 01 07:45:00 PM,7.0
86,PUTUMAYO,86573,PUERTO LEGUIZAMO,86573009,PIÑUÑA NEGRO (PUERTO LEGUIZAMO - PUTUMAYO),2024,10,2.81,1.795,60.0,sábado,2024 Oct 26 06:30:00 PM,24.0
86,PUTUMAYO,86573,PUERTO LEGUIZAMO,86573000,PUERTO LEGUIZAMO (PUERTO LEGUIZAMO - PUTUMAYO),2024,10,898.093,256.776,60.0,jueves,2024 Oct 17 01:45:00 PM,24.0
76,VALLE DEL CAUCA,76109,BUENAVENTURA,76109957,HUMANES MAR (BUENAVENTURA - VALLE DEL CAUCA),2024,10,6.391,1.226,60.0,sábado,2024 Oct 26 11:15:00 AM,24.0
76,VALLE DEL CAUCA,76109,BUENAVENTURA,76109069,PAPAYAL 1 (BUENAVENTURA - VALLE DEL CAUCA),2024,10,6.167,1.463,60.0,sábado,2024 Oct 26 12:30:00 PM,24.0
76,VALLE DEL CAUCA,76109,BUENAVENTURA,76109028,PUERTO MERIZALDE (BUENAVENTURA - VALLE DEL CAUCA),2024,10,105.789,36.701,60.0,sábado,2024 Oct 19 07:45:00 PM,24.0
76,VALLE DEL CAUCA,76109,BUENAVENTURA,76109081,PUNTA BONITA (BUENAVENTURA - VALLE DEL CAUCA),2024,10,4.127,4.261,60.0,sábado,2024 Oct 12 01:45:00 PM,24.0
76,VALLE DEL CAUCA,76109,BUENAVENTURA,76109032,SAN FRANCISCO NAYA (BUENAVENTURA - VALLE DEL CAUCA),2024,10,5.979,2.432,60.0,domingo,2024 Oct 27 11:45:00 AM,24.0
76,VALLE DEL CAUCA,76109,BUENAVENTURA,76109034,SAN ISIDRO - CALIMA (BUENAVENTURA - VALLE DEL CAUCA),2024,10,5.506,1.053,60.0,martes,2024 Oct 08 07:00:00 PM,24.0
97,VAUPÉS,97161,CARURÚ,97161000,CARURÚ (CARURÚ - VAUPÉS),2024,10,36.55,7.807,60.0,jueves,2024 Oct 17 07:00:00 PM,24.0
97,VAUPÉS,97001,MITÚ,97001000,MITÚ (MITÚ - VAUPÉS),2024,10,10.326,402.973,60.0,lunes,2024 Oct 21 01:30:00 PM,24.0
97,VAUPÉS,97666,TARAIRA,97666000,TARAIRA (TARAIRA - VAUPÉS),2024,10,48.031,13.01,60.0,lunes,2024 Oct 07 12:30:00 PM,24.0
99,VICHADA,99001,PUERTO CARREÑO,99001000,PUERTO CARREÑO (PUERTO CARREÑO - VICHADA),2024,10,10.326,736.227,60.0,lunes,2024 Oct 21 01:45:00 PM,24.0
91,AMAZONAS,91001,LETICIA,91001000,LETICIA (LETICIA - AMAZONAS),2024,10,10.326,8.475,60.0,jueves,2024 Oct 03 05:45:00 PM,24.0
91,AMAZONAS,91540,PUERTO NARIÑO,91540000,PUERTO NARIÑO (PUERTO NARIÑO - AMAZONAS),2024,11,132.076,42.989,60.0,martes,2024 Nov 19 06:15:00 PM,24.0
91,AMAZONAS,91798,TARAPACA (ANM),91798000,TARAPACA (TARAPACA (ANM) - AMAZONAS),2024,11,24.872,11.436,60.0,viernes,2024 Nov 29 06:15:00 PM,24.0
5,ANTIOQUIA,5873,VIGÍA DEL FUERTE,5873010,LA PLAYA MURRI  (VIGÍA DEL FUERTE - ANTIOQUIA),2024,11,5.699,2.378,60.0,martes,2024 Nov 19 12:45:00 PM,24.0
5,ANTIOQUIA,5873,VIGÍA DEL FUERTE,5873013,LOMA MURRI (VIGÍA DEL FUERTE - ANTIOQUIA),2024,11,8.122,3.565,60.0,sábado,2024 Nov 16 07:30:00 AM,24.0
88,ARCHIPIÉLAGO DE SAN ANDRÉS y PROVIDENCIA,88564,PROVIDENCIA,88564000,PROVIDENCIA (PROVIDENCIA - ARCHIPIÉLAGO DE SAN ANDRÉS y PROVIDENCIA ),2024,11,10.326,224.829,60.0,jueves,2024 Nov 07 03:00:00 PM,24.0
13,BOLÍVAR,13001,CARTAGENA DE INDIAS,13001007,ISLA FUERTE (CARTAGENA DE INDIAS - BOLÍVAR),2024,11,51.103,23.051,60.0,sábado,2024 Nov 09 09:45:00 PM,24.0
13,BOLÍVAR,13001,CARTAGENA DE INDIAS,13001037,ISLA MUCURA (CARTAGENA DE INDIAS - BOLÍVAR),2024,11,4.481,1.628,60.0,viernes,2024 Nov 29 11:30:00 PM,24.0
13,BOLÍVAR,13001,CARTAGENA DE INDIAS,13001017,SANTA CRUZ DEL ISLOTE (CARTAGENA DE INDIAS - BOLÍVAR),2024,11,4.427,1.201,60.0,martes,2024 Nov 05 10:15:00 PM,24.0
18,CAQUETÁ,18150,CARTAGENA DEL CHAIRA,18150001,REMOLINO DEL CAGUAN (CARTAGENA DEL CHAIRA - CAQUETÁ),2024,11,10.502,4.183,60.0,sábado,2024 Nov 02 07:45:00 PM,24.0
18,CAQUETÁ,18150,CARTAGENA DEL CHAIRA,18150002,SANTA FE DEL CAGUAN (CARTAGENA DEL CHAIRA - CAQUETÁ),2024,11,3.332,1.306,60.0,jueves,2024 Nov 28 06:30:00 PM,24.0
18,CAQUETÁ,18753,SAN VICENTE DEL CAGUÁN,18753002,GUACAMAYAS (SAN VICENTE DEL CAGUÁN - CAQUETÁ),2024,11,9.194,3.188,60.0,viernes,2024 Nov 08 07:15:00 PM,24.0
18,CAQUETÁ,18753,SAN VICENTE DEL CAGUÁN,18753009,PUERTO BETANIA (SAN VICENTE DEL CAGUÁN - CAQUETÁ),2024,11,5.952,1.949,60.0,viernes,2024 Nov 22 07:00:00 PM,24.0
19,CAUCA,19318,GUAPI,19318013,SAN ANTONIO DE GUAJUI (GUAPI - CAUCA),2024,11,11.343,6.343,60.0,miércoles,2024 Nov 20 07:15:00 PM,24.0
19,CAUCA,19418,LÓPEZ DE MICAY,19418009,NOANAMITO (LÓPEZ DE MICAY - CAUCA),2024,11,6.096,2.925,40.0,viernes,2024 Nov 01 06:15:00 PM,24.0
19,CAUCA,19809,TIMBIQUÍ,19809014,CHACON (TIMBIQUÍ - CAUCA),2024,11,4.732,1.158,60.0,domingo,2024 Nov 24 07:15:00 PM,24.0
19,CAUCA,19809,TIMBIQUÍ,19809010,COMUNIDAD DE CHETE (TIMBIQUÍ - CAUCA),2024,11,5.732,2.281,60.0,viernes,2024 Nov 01 07:15:00 PM,24.0
19,CAUCA,19809,TIMBIQUÍ,19809007,SAN JOSE (TIMBIQUÍ - CAUCA),2024,11,6.389,4.097,60.0,viernes,2024 Nov 01 07:30:00 PM,24.0
19,CAUCA,19809,TIMBIQUÍ,19809009,SANTA ROSA DE SAIJA (TIMBIQUÍ - CAUCA),2024,11,3.336,1.057,60.0,jueves,2024 Nov 21 06:45:00 PM,24.0
27,CHOCÓ,27006,ACANDÍ,27006000,ACANDÍ (ACANDÍ - CHOCÓ),2024,11,678.331,196.012,60.0,jueves,2024 Nov 07 10:15:00 PM,24.0
27,CHOCÓ,27006,ACANDÍ,27006007,SAN FRANCISCO (ACANDÍ - CHOCÓ),2024,11,0.0,0.0,0.0,viernes,2024 Nov 01 12:00:00 AM,0.0
27,CHOCÓ,27025,ALTO BAUDO,27025000,CIUDAD BAUDO - PIE DE PATO (ALTO BAUDO - CHOCÓ),2024,11,52.063,17.354,60.0,miércoles,2024 Nov 06 12:15:00 PM,24.0
27,CHOCÓ,27075,BAHÍA SOLANO,27075000,CIUDAD MUTIS (BAHÍA SOLANO - CHOCÓ),2024,11,775.786,237.026,60.0,jueves,2024 Nov 14 02:15:00 PM,24.0
27,CHOCÓ,27075,BAHÍA SOLANO,27075001,CUPICA (BAHÍA SOLANO - CHOCÓ),2024,11,60.636,27.745,60.0,lunes,2024 Nov 25 08:00:00 PM,24.0
27,CHOCÓ,27075,BAHÍA SOLANO,27075002,EL VALLE (BAHÍA SOLANO - CHOCÓ),2024,11,0.0,0.0,0.0,viernes,2024 Nov 01 12:00:00 AM,0.0
27,CHOCÓ,27077,BAJO BAUDÓ,27077002,BELEN DE DOCAMPADO (BAJO BAUDÓ - CHOCÓ),2024,11,8.356,2.902,60.0,sábado,2024 Nov 02 06:30:00 PM,24.0
27,CHOCÓ,27077,BAJO BAUDÓ,27077905,BUENAVISTA (BAJO BAUDÓ - CHOCÓ),2024,11,4.801,1.848,60.0,viernes,2024 Nov 15 06:45:00 PM,24.0
27,CHOCÓ,27077,BAJO BAUDÓ,27077029,FIRME DE USARGA (BAJO BAUDÓ - CHOCÓ),2024,11,984.0,462.0,60.0,lunes,2024 Nov 25 06:15:00 PM,24.0
27,CHOCÓ,27077,BAJO BAUDÓ,27077026,GUINEAL (BAJO BAUDÓ - CHOCÓ),2024,11,2.838,2.438,60.0,martes,2024 Nov 12 06:15:00 PM,24.0
27,CHOCÓ,27077,BAJO BAUDÓ,27077008,ORPUA (BAJO BAUDÓ - CHOCÓ),2024,11,331.0,127.0,60.0,martes,2024 Nov 12 06:30:00 PM,24.0
27,CHOCÓ,27077,BAJO BAUDÓ,27077011,PILIZA - BELLAVISTA - VILLA LUZ (BAJO BAUDÓ - CHOCÓ),2024,11,3.742,1.035,60.0,sábado,2024 Nov 02 06:45:00 PM,24.0
27,CHOCÓ,27077,BAJO BAUDÓ,27077000,PIZARRO (BAJO BAUDÓ - CHOCÓ),2024,11,166.727,63.184,60.0,viernes,2024 Nov 29 07:00:00 PM,24.0
27,CHOCÓ,27077,BAJO BAUDÓ,27077016,SIVIRU (BAJO BAUDÓ - CHOCÓ),2024,11,0.0,0.0,0.0,viernes,2024 Nov 01 12:00:00 AM,0.0
27,CHOCÓ,27077,BAJO BAUDÓ,27077916,TERRON (BAJO BAUDÓ - CHOCÓ),2024,11,2.786,1.171,60.0,miércoles,2024 Nov 06 07:00:00 PM,24.0
27,CHOCÓ,27077,BAJO BAUDÓ,27077019,VIRUDO (BAJO BAUDÓ - CHOCÓ),2024,11,3.538,1.781,60.0,viernes,2024 Nov 22 09:00:00 PM,24.0
27,CHOCÓ,27099,BOJAYÁ,27099005,NAPIPI (BOJAYÁ - CHOCÓ),2024,11,10.48,3.648,60.0,domingo,2024 Nov 03 07:45:00 PM,24.0
27,CHOCÓ,27099,BOJAYÁ,27099008,PUERTO CONTO (BOJAYÁ - CHOCÓ),2024,11,12.288,3.775,60.0,sábado,2024 Nov 30 06:30:00 PM,24.0
27,CHOCÓ,27250,EL LITORAL DEL SAN JUAN,27250023,PAPAYO (EL LITORAL DEL SAN JUAN - CHOCÓ),2024,11,2.183,792.0,60.0,sábado,2024 Nov 16 08:00:00 PM,24.0
27,CHOCÓ,27250,EL LITORAL DEL SAN JUAN,27250000,SANTA GENOVEVA DE DOCORDO (EL LITORAL DEL SAN JUAN - CHOCÓ),2024,11,80.972,39.662,60.0,jueves,2024 Nov 07 07:00:00 PM,24.0
27,CHOCÓ,27372,JURADO,27372000,JURADO (JURADO - CHOCÓ),2024,11,169.699,56.012,60.0,lunes,2024 Nov 25 06:45:00 PM,24.0
27,CHOCÓ,27425,MEDIO ATRATO,27425000,BETE (MEDIO ATRATO - CHOCÓ),2024,11,16.681,8.107,72.0,miércoles,2024 Nov 06 06:30:00 PM,24.0
27,CHOCÓ,27425,MEDIO ATRATO,27425008,SAN ROQUE (MEDIO ATRATO - CHOCÓ),2024,11,1.316,606.0,60.0,martes,2024 Nov 12 08:15:00 PM,24.0
27,CHOCÓ,27495,NUQUÍ,27495001,ARUSI (NUQUÍ - CHOCÓ),2024,11,16.947,6.063,60.0,sábado,2024 Nov 16 10:45:00 AM,24.0
27,CHOCÓ,27495,NUQUÍ,27495011,COMUNIDAD DE PUERTO JAGUA (NUQUÍ - CHOCÓ),2024,11,1.038,419.0,60.0,sábado,2024 Nov 02 06:15:00 PM,24.0
27,CHOCÓ,27495,NUQUÍ,27495912,COMUNIDAD INDÍGENA DE PANGUI - EL YUCAL (NUQUÍ - CHOCÓ),2024,11,6.459,1.741,60.0,sábado,2024 Nov 09 11:30:00 AM,24.0
27,CHOCÓ,27495,NUQUÍ,27495000,NUQUÍ (NUQUÍ - CHOCÓ),2024,11,267.348,89.599,60.0,viernes,2024 Nov 15 07:00:00 PM,24.0
27,CHOCÓ,27001,QUIBDÓ,27001029,TAGACHI (QUIBDÓ - CHOCÓ),2024,11,5.261,1.82,60.0,domingo,2024 Nov 17 07:15:00 PM,24.0
27,CHOCÓ,27800,UNGUÍA,27800001,BALBOA (UNGUÍA - CHOCÓ),2024,11,24.79,12.781,60.0,sábado,2024 Nov 30 06:45:00 PM,24.0
27,CHOCÓ,27800,UNGUÍA,27800005,TITUMATE (UNGUÍA - CHOCÓ),2024,11,13.738,3.434,60.0,martes,2024 Nov 05 08:45:00 PM,24.0
27,CHOCÓ,27800,UNGUÍA,27800000,UNGUÍA (UNGUÍA - CHOCÓ),2024,11,449.777,141.181,60.0,miércoles,2024 Nov 06 06:30:00 PM,24.0
94,GUAINÍA,94001,INÍRIDA,94001905,CHORRO BOCON (INÍRIDA - GUAINÍA),2024,11,5.598,550.0,60.0,domingo,2024 Nov 17 05:45:00 PM,24.0
94,GUAINÍA,94001,INÍRIDA,94001000,INÍRIDA (INÍRIDA - GUAINÍA),2024,11,10.326,625.264,60.0,jueves,2024 Nov 07 02:30:00 PM,24.0
95,GUAVIARE,95200,MIRAFLORES,95200000,MIRAFLORES (MIRAFLORES - GUAVIARE),2024,11,130.789,21.127,60.0,jueves,2024 Nov 07 06:00:00 PM,24.0
47,MAGDALENA,47189,CIÉNAGA,47189018,PALMOR (CIÉNAGA - MAGDALENA),2024,11,108.779,49.619,60.0,sábado,2024 Nov 30 06:00:00 PM,24.0
50,META,50325,MAPIRIPAN,50325000,MAPIRIPAN (MAPIRIPAN - META),2024,11,193.935,62.878,60.0,jueves,2024 Nov 07 06:15:00 PM,24.0
52,NARIÑO,52250,EL CHARCO,52250022,EL CUIL PUEBLO NUEVO (EL CHARCO - NARIÑO),2024,11,3.806,1.855,60.0,miércoles,2024 Nov 06 06:45:00 PM,24.0
52,NARIÑO,52250,EL CHARCO,52250007,SAN JOSE DEL TAPAJE (EL CHARCO - NARIÑO),2024,11,14.146,3.156,88.0,viernes,2024 Nov 01 06:45:00 PM,24.0
52,NARIÑO,52390,LA TOLA,52390005,AGUACATAL (LA TOLA - NARIÑO),2024,11,1.897,390.0,60.0,jueves,2024 Nov 21 06:45:00 PM,24.0
52,NARIÑO,52390,LA TOLA,52390013,AMARALES (LA TOLA - NARIÑO),2024,11,6.46,2.916,60.0,viernes,2024 Nov 08 07:45:00 PM,24.0
52,NARIÑO,52390,LA TOLA,52390003,LA VIGIA DE LA MAR (LA TOLA - NARIÑO),2024,11,6.047,2.969,60.0,lunes,2024 Nov 18 11:30:00 AM,24.0
52,NARIÑO,52390,LA TOLA,52390009,MULATOS (LA TOLA - NARIÑO),2024,11,2.868,2.153,60.0,viernes,2024 Nov 15 05:00:00 PM,24.0
52,NARIÑO,52390,LA TOLA,52390016,SAN PABLO DEL MAR (LA TOLA - NARIÑO),2024,11,4.19,1.341,60.0,martes,2024 Nov 19 07:15:00 PM,24.0
52,NARIÑO,52473,MOSQUERA,52473010,EL BAJITO DE ECHANDIA (MOSQUERA - NARIÑO),2024,11,2.966,1.065,60.0,viernes,2024 Nov 15 11:00:00 AM,24.0
52,NARIÑO,52835,SAN ANDRÉS DE TUMACO,52835055,BOCAS DE CURAY (SAN ANDRÉS DE TUMACO - NARIÑO),2024,11,6.984,2.555,48.0,lunes,2024 Nov 04 06:45:00 PM,24.0
52,NARIÑO,52835,SAN ANDRÉS DE TUMACO,52835217,SAN JUAN DE LA COSTA (SAN ANDRÉS DE TUMACO - NARIÑO),2024,11,24.517,9.39,112.0,jueves,2024 Nov 14 06:30:00 PM,24.0
52,NARIÑO,52696,SANTA BÁRBARA,52696014,LA ENSENADA (SANTA BÁRBARA - NARIÑO),2024,11,3.041,1.244,60.0,miércoles,2024 Nov 06 06:30:00 PM,24.0
86,PUTUMAYO,86573,PUERTO LEGUIZAMO,86573009,PIÑUÑA NEGRO (PUERTO LEGUIZAMO - PUTUMAYO),2024,11,3.005,1.887,60.0,sábado,2024 Nov 09 06:30:00 PM,24.0
86,PUTUMAYO,86573,PUERTO LEGUIZAMO,86573000,PUERTO LEGUIZAMO (PUERTO LEGUIZAMO - PUTUMAYO),2024,11,870.952,262.911,60.0,jueves,2024 Nov 07 06:15:00 PM,24.0
76,VALLE DEL CAUCA,76109,BUENAVENTURA,76109957,HUMANES MAR (BUENAVENTURA - VALLE DEL CAUCA),2024,11,6.866,1.267,60.0,domingo,2024 Nov 24 10:45:00 AM,24.0
76,VALLE DEL CAUCA,76109,BUENAVENTURA,76109069,PAPAYAL 1 (BUENAVENTURA - VALLE DEL CAUCA),2024,11,8.234,1.476,60.0,miércoles,2024 Nov 06 12:15:00 PM,24.0
76,VALLE DEL CAUCA,76109,BUENAVENTURA,76109028,PUERTO MERIZALDE (BUENAVENTURA - VALLE DEL CAUCA),2024,11,103.366,33.185,60.0,viernes,2024 Nov 15 08:15:00 PM,24.0
76,VALLE DEL CAUCA,76109,BUENAVENTURA,76109081,PUNTA BONITA (BUENAVENTURA - VALLE DEL CAUCA),2024,11,5.335,4.517,60.0,domingo,2024 Nov 17 07:15:00 PM,24.0
76,VALLE DEL CAUCA,76109,BUENAVENTURA,76109032,SAN FRANCISCO NAYA (BUENAVENTURA - VALLE DEL CAUCA),2024,11,8.681,3.55,60.0,sábado,2024 Nov 02 11:00:00 AM,24.0
76,VALLE DEL CAUCA,76109,BUENAVENTURA,76109034,SAN ISIDRO - CALIMA (BUENAVENTURA - VALLE DEL CAUCA),2024,11,5.424,1.173,60.0,jueves,2024 Nov 07 06:15:00 PM,24.0
97,VAUPÉS,97161,CARURÚ,97161000,CARURÚ (CARURÚ - VAUPÉS),2024,11,38.425,7.362,60.0,sábado,2024 Nov 30 07:30:00 PM,24.0
97,VAUPÉS,97001,MITÚ,97001000,MITÚ (MITÚ - VAUPÉS),2024,11,10.326,392.57,60.0,miércoles,2024 Nov 06 12:00:00 PM,24.0
97,VAUPÉS,97666,TARAIRA,97666000,TARAIRA (TARAIRA - VAUPÉS),2024,11,43.619,11.786,60.0,viernes,2024 Nov 01 07:00:00 PM,24.0
99,VICHADA,99001,PUERTO CARREÑO,99001000,PUERTO CARREÑO (PUERTO CARREÑO - VICHADA),2024,11,10.326,714.53,60.0,jueves,2024 Nov 07 01:15:00 PM,24.0
91,AMAZONAS,91001,LETICIA,91001000,LETICIA (LETICIA - AMAZONAS),2024,11,10.326,8.475,60.0,viernes,2024 Nov 01 02:30:00 PM,24.0
91,AMAZONAS,91540,PUERTO NARIÑO,91540000,PUERTO NARIÑO (PUERTO NARIÑO - AMAZONAS),2024,12,130.56,43.031,60.0,lunes,2024 Dec 02 06:45:00 PM,24.0
5,ANTIOQUIA,5873,VIGÍA DEL FUERTE,5873010,LA PLAYA MURRI  (VIGÍA DEL FUERTE - ANTIOQUIA),2024,12,6.644,2.789,60.0,martes,2024 Dec 31 09:00:00 PM,24.0
5,ANTIOQUIA,5873,VIGÍA DEL FUERTE,5873013,LOMA MURRI (VIGÍA DEL FUERTE - ANTIOQUIA),2024,12,8.494,3.657,60.0,miércoles,2024 Dec 25 03:15:00 PM,24.0
88,ARCHIPIÉLAGO DE SAN ANDRÉS y PROVIDENCIA,88564,PROVIDENCIA,88564000,PROVIDENCIA (PROVIDENCIA - ARCHIPIÉLAGO DE SAN ANDRÉS y PROVIDENCIA ),2024,12,10.326,227.963,60.0,miércoles,2024 Dec 11 10:15:00 PM,24.0
88,ARCHIPIÉLAGO DE SAN ANDRÉS y PROVIDENCIA,88001,SAN ANDRÉS,88001000,SAN ANDRÉS (SAN ANDRÉS - ARCHIPIÉLAGO DE SAN ANDRÉS y PROVIDENCIA ),2024,12,10.326,8.475,60.0,miércoles,2024 Dec 11 03:45:00 PM,24.0
13,BOLÍVAR,13001,CARTAGENA DE INDIAS,13001007,ISLA FUERTE (CARTAGENA DE INDIAS - BOLÍVAR),2024,12,33.251,14.66,60.0,sábado,2024 Dec 28 10:00:00 PM,24.0
13,BOLÍVAR,13001,CARTAGENA DE INDIAS,13001037,ISLA MUCURA (CARTAGENA DE INDIAS - BOLÍVAR),2024,12,6.69,2.262,60.0,lunes,2024 Dec 30 11:00:00 PM,24.0
18,CAQUETÁ,18150,CARTAGENA DEL CHAIRA,18150002,SANTA FE DEL CAGUAN (CARTAGENA DEL CHAIRA - CAQUETÁ),2024,12,3.66,1.435,60.0,jueves,2024 Dec 05 06:45:00 PM,24.0
18,CAQUETÁ,18753,SAN VICENTE DEL CAGUÁN,18753002,GUACAMAYAS (SAN VICENTE DEL CAGUÁN - CAQUETÁ),2024,12,12.708,4.715,60.0,martes,2024 Dec 31 06:45:00 PM,24.0
18,CAQUETÁ,18753,SAN VICENTE DEL CAGUÁN,18753009,PUERTO BETANIA (SAN VICENTE DEL CAGUÁN - CAQUETÁ),2024,12,6.819,2.338,60.0,martes,2024 Dec 31 08:00:00 PM,24.0
19,CAUCA,19318,GUAPI,19318013,SAN ANTONIO DE GUAJUI (GUAPI - CAUCA),2024,12,11.803,6.563,60.0,lunes,2024 Dec 02 07:15:00 PM,24.0
19,CAUCA,19418,LÓPEZ DE MICAY,19418009,NOANAMITO (LÓPEZ DE MICAY - CAUCA),2024,12,6.763,3.257,40.0,domingo,2024 Dec 01 07:15:00 PM,24.0
19,CAUCA,19809,TIMBIQUÍ,19809014,CHACON (TIMBIQUÍ - CAUCA),2024,12,3.271,368.0,60.0,viernes,2024 Dec 06 05:00:00 PM,24.0
19,CAUCA,19809,TIMBIQUÍ,19809010,COMUNIDAD DE CHETE (TIMBIQUÍ - CAUCA),2024,12,5.27,2.1,60.0,jueves,2024 Dec 12 07:00:00 PM,24.0
19,CAUCA,19809,TIMBIQUÍ,19809007,SAN JOSE (TIMBIQUÍ - CAUCA),2024,12,7.197,4.144,60.0,martes,2024 Dec 10 06:15:00 PM,24.0
19,CAUCA,19809,TIMBIQUÍ,19809009,SANTA ROSA DE SAIJA (TIMBIQUÍ - CAUCA),2024,12,3.581,1.206,60.0,lunes,2024 Dec 02 07:45:00 PM,24.0
27,CHOCÓ,27006,ACANDÍ,27006000,ACANDÍ (ACANDÍ - CHOCÓ),2024,12,714.301,201.068,60.0,jueves,2024 Dec 05 10:00:00 PM,24.0
27,CHOCÓ,27006,ACANDÍ,27006007,SAN FRANCISCO (ACANDÍ - CHOCÓ),2024,12,17.978,4.926,60.0,martes,2024 Dec 31 07:15:00 PM,24.0
27,CHOCÓ,27025,ALTO BAUDO,27025000,CIUDAD BAUDO - PIE DE PATO (ALTO BAUDO - CHOCÓ),2024,12,52.657,18.317,60.0,jueves,2024 Dec 12 12:00:00 PM,24.0
27,CHOCÓ,27075,BAHÍA SOLANO,27075001,CUPICA (BAHÍA SOLANO - CHOCÓ),2024,12,67.518,25.672,60.0,viernes,2024 Dec 06 07:45:00 PM,24.0
27,CHOCÓ,27077,BAJO BAUDÓ,27077002,BELEN DE DOCAMPADO (BAJO BAUDÓ - CHOCÓ),2024,12,8.896,3.034,60.0,viernes,2024 Dec 27 10:45:00 AM,24.0
27,CHOCÓ,27077,BAJO BAUDÓ,27077905,BUENAVISTA (BAJO BAUDÓ - CHOCÓ),2024,12,4.937,1.837,60.0,sábado,2024 Dec 28 07:15:00 PM,24.0
27,CHOCÓ,27077,BAJO BAUDÓ,27077029,FIRME DE USARGA (BAJO BAUDÓ - CHOCÓ),2024,12,1.377,658.0,60.0,jueves,2024 Dec 05 11:00:00 AM,24.0
27,CHOCÓ,27077,BAJO BAUDÓ,27077026,GUINEAL (BAJO BAUDÓ - CHOCÓ),2024,12,3.428,3.052,60.0,jueves,2024 Dec 19 07:00:00 PM,24.0
27,CHOCÓ,27077,BAJO BAUDÓ,27077008,ORPUA (BAJO BAUDÓ - CHOCÓ),2024,12,348.0,246.0,60.0,jueves,2024 Dec 05 07:00:00 PM,24.0
27,CHOCÓ,27077,BAJO BAUDÓ,27077011,PILIZA - BELLAVISTA - VILLA LUZ (BAJO BAUDÓ - CHOCÓ),2024,12,5.138,1.438,32.0,viernes,2024 Dec 06 06:45:00 PM,24.0
27,CHOCÓ,27077,BAJO BAUDÓ,27077000,PIZARRO (BAJO BAUDÓ - CHOCÓ),2024,12,206.787,78.73,60.0,viernes,2024 Dec 06 07:30:00 PM,24.0
27,CHOCÓ,27077,BAJO BAUDÓ,27077016,SIVIRU (BAJO BAUDÓ - CHOCÓ),2024,12,3.083,1.251,60.0,martes,2024 Dec 17 06:30:00 PM,24.0
27,CHOCÓ,27099,BOJAYÁ,27099005,NAPIPI (BOJAYÁ - CHOCÓ),2024,12,10.485,3.675,64.0,martes,2024 Dec 24 07:45:00 PM,24.0
27,CHOCÓ,27250,EL LITORAL DEL SAN JUAN,27250023,PAPAYO (EL LITORAL DEL SAN JUAN - CHOCÓ),2024,12,3.939,1.446,17.0,martes,2024 Dec 31 03:45:00 PM,24.0
27,CHOCÓ,27250,EL LITORAL DEL SAN JUAN,27250000,SANTA GENOVEVA DE DOCORDO (EL LITORAL DEL SAN JUAN - CHOCÓ),2024,12,86.77,42.841,60.0,martes,2024 Dec 31 07:30:00 PM,24.0
27,CHOCÓ,27361,ISTMINA,27361021,PANAMACITO (ISTMINA - CHOCÓ),2024,12,2.454,360.0,60.0,martes,2024 Dec 17 08:15:00 PM,24.0
27,CHOCÓ,27372,JURADO,27372000,JURADO (JURADO - CHOCÓ),2024,12,188.473,60.323,60.0,miércoles,2024 Dec 18 06:30:00 PM,24.0
27,CHOCÓ,27425,MEDIO ATRATO,27425000,BETE (MEDIO ATRATO - CHOCÓ),2024,12,15.141,6.933,84.0,sábado,2024 Dec 28 06:30:00 PM,24.0
27,CHOCÓ,27425,MEDIO ATRATO,27425008,SAN ROQUE (MEDIO ATRATO - CHOCÓ),2024,12,991.0,466.0,60.0,lunes,2024 Dec 30 08:00:00 PM,24.0
27,CHOCÓ,27495,NUQUÍ,27495001,ARUSI (NUQUÍ - CHOCÓ),2024,12,18.354,6.973,60.0,sábado,2024 Dec 28 07:00:00 PM,24.0
27,CHOCÓ,27495,NUQUÍ,27495011,COMUNIDAD DE PUERTO JAGUA (NUQUÍ - CHOCÓ),2024,12,1.115,362.0,60.0,miércoles,2024 Dec 04 06:00:00 PM,24.0
27,CHOCÓ,27495,NUQUÍ,27495912,COMUNIDAD INDÍGENA DE PANGUI - EL YUCAL (NUQUÍ - CHOCÓ),2024,12,8.28,2.215,60.0,domingo,2024 Dec 22 07:00:00 AM,24.0
27,CHOCÓ,27495,NUQUÍ,27495000,NUQUÍ (NUQUÍ - CHOCÓ),2024,12,303.549,98.869,60.0,sábado,2024 Dec 28 06:45:00 PM,24.0
27,CHOCÓ,27001,QUIBDÓ,27001029,TAGACHI (QUIBDÓ - CHOCÓ),2024,12,5.39,1.95,60.0,martes,2024 Dec 31 07:30:00 PM,24.0
27,CHOCÓ,27800,UNGUÍA,27800001,BALBOA (UNGUÍA - CHOCÓ),2024,12,28.726,14.096,60.0,martes,2024 Dec 24 06:45:00 PM,24.0
27,CHOCÓ,27800,UNGUÍA,27800005,TITUMATE (UNGUÍA - CHOCÓ),2024,12,14.723,3.534,60.0,lunes,2024 Dec 30 08:15:00 PM,24.0
27,CHOCÓ,27800,UNGUÍA,27800000,UNGUÍA (UNGUÍA - CHOCÓ),2024,12,487.918,152.095,60.0,miércoles,2024 Dec 18 07:00:00 PM,24.0
94,GUAINÍA,94001,INÍRIDA,94001905,CHORRO BOCON (INÍRIDA - GUAINÍA),2024,12,5.249,405.0,60.0,martes,2024 Dec 31 06:15:00 PM,24.0
94,GUAINÍA,94001,INÍRIDA,94001000,INÍRIDA (INÍRIDA - GUAINÍA),2024,12,10.326,611.281,6.138,lunes,2024 Dec 16 05:15:00 PM,24.0
95,GUAVIARE,95200,MIRAFLORES,95200000,MIRAFLORES (MIRAFLORES - GUAVIARE),2024,12,125.95,20.195,60.0,martes,2024 Dec 03 06:00:00 PM,24.0
47,MAGDALENA,47189,CIÉNAGA,47189018,PALMOR (CIÉNAGA - MAGDALENA),2024,12,124.881,55.098,60.0,domingo,2024 Dec 22 11:45:00 AM,24.0
50,META,50325,MAPIRIPAN,50325000,MAPIRIPAN (MAPIRIPAN - META),2024,12,203.251,66.779,60.0,miércoles,2024 Dec 04 06:15:00 PM,24.0
52,NARIÑO,52250,EL CHARCO,52250022,EL CUIL PUEBLO NUEVO (EL CHARCO - NARIÑO),2024,12,5.66,2.596,60.0,domingo,2024 Dec 29 06:30:00 PM,24.0
52,NARIÑO,52250,EL CHARCO,52250005,LAS MERCEDES (EL CHARCO - NARIÑO),2024,12,857.0,1.466,60.0,martes,2024 Dec 31 08:30:00 PM,24.0
52,NARIÑO,52250,EL CHARCO,52250007,SAN JOSE DEL TAPAJE (EL CHARCO - NARIÑO),2024,12,7.048,2.428,56.0,domingo,2024 Dec 01 06:00:00 PM,24.0
52,NARIÑO,52390,LA TOLA,52390005,AGUACATAL (LA TOLA - NARIÑO),2024,12,2.685,579.0,60.0,jueves,2024 Dec 12 01:15:00 PM,24.0
52,NARIÑO,52390,LA TOLA,52390013,AMARALES (LA TOLA - NARIÑO),2024,12,9.989,4.479,60.0,martes,2024 Dec 24 07:30:00 PM,24.0
52,NARIÑO,52390,LA TOLA,52390003,LA VIGIA DE LA MAR (LA TOLA - NARIÑO),2024,12,5.949,2.682,60.0,lunes,2024 Dec 16 11:45:00 AM,24.0
52,NARIÑO,52390,LA TOLA,52390009,MULATOS (LA TOLA - NARIÑO),2024,12,1.908,696.0,60.0,martes,2024 Dec 31 09:00:00 PM,24.0
52,NARIÑO,52390,LA TOLA,52390016,SAN PABLO DEL MAR (LA TOLA - NARIÑO),2024,12,6.249,2.103,60.0,sábado,2024 Dec 28 01:30:00 PM,24.0
52,NARIÑO,52473,MOSQUERA,52473010,EL BAJITO DE ECHANDIA (MOSQUERA - NARIÑO),2024,12,3.344,1.245,60.0,lunes,2024 Dec 09 06:45:00 PM,24.0
52,NARIÑO,52835,SAN ANDRÉS DE TUMACO,52835055,BOCAS DE CURAY (SAN ANDRÉS DE TUMACO - NARIÑO),2024,12,11.126,3.182,60.0,viernes,2024 Dec 20 06:00:00 PM,24.0
52,NARIÑO,52835,SAN ANDRÉS DE TUMACO,52835217,SAN JUAN DE LA COSTA (SAN ANDRÉS DE TUMACO - NARIÑO),2024,12,27.804,10.662,112.0,sábado,2024 Dec 21 06:45:00 PM,24.0
52,NARIÑO,52696,SANTA BÁRBARA,52696014,LA ENSENADA (SANTA BÁRBARA - NARIÑO),2024,12,3.31,1.474,60.0,jueves,2024 Dec 19 08:15:00 PM,24.0
86,PUTUMAYO,86573,PUERTO LEGUIZAMO,86573009,PIÑUÑA NEGRO (PUERTO LEGUIZAMO - PUTUMAYO),2024,12,3.11,2.038,60.0,sábado,2024 Dec 07 07:00:00 PM,24.0
86,PUTUMAYO,86573,PUERTO LEGUIZAMO,86573000,PUERTO LEGUIZAMO (PUERTO LEGUIZAMO - PUTUMAYO),2024,12,958.47,270.068,60.0,martes,2024 Dec 03 02:30:00 PM,24.0
76,VALLE DEL CAUCA,76109,BUENAVENTURA,76109957,HUMANES MAR (BUENAVENTURA - VALLE DEL CAUCA),2024,12,3.839,500.0,60.0,domingo,2024 Dec 01 08:45:00 AM,24.0
76,VALLE DEL CAUCA,76109,BUENAVENTURA,76109028,PUERTO MERIZALDE (BUENAVENTURA - VALLE DEL CAUCA),2024,12,99.721,31.275,60.0,jueves,2024 Dec 12 07:30:00 PM,24.0
76,VALLE DEL CAUCA,76109,BUENAVENTURA,76109081,PUNTA BONITA (BUENAVENTURA - VALLE DEL CAUCA),2024,12,4.836,2.916,60.0,jueves,2024 Dec 12 05:30:00 PM,24.0
76,VALLE DEL CAUCA,76109,BUENAVENTURA,76109032,SAN FRANCISCO NAYA (BUENAVENTURA - VALLE DEL CAUCA),2024,12,8.964,3.64,60.0,lunes,2024 Dec 02 12:00:00 PM,24.0
76,VALLE DEL CAUCA,76109,BUENAVENTURA,76109034,SAN ISIDRO - CALIMA (BUENAVENTURA - VALLE DEL CAUCA),2024,12,3.811,876.0,60.0,miércoles,2024 Dec 04 07:00:00 PM,24.0
97,VAUPÉS,97161,CARURÚ,97161000,CARURÚ (CARURÚ - VAUPÉS),2024,12,38.89,7.075,60.0,martes,2024 Dec 03 07:00:00 PM,24.0
97,VAUPÉS,97001,MITÚ,97001000,MITÚ (MITÚ - VAUPÉS),2024,12,10.326,390.283,60.0,jueves,2024 Dec 05 11:45:00 AM,24.0
97,VAUPÉS,97666,TARAIRA,97666000,TARAIRA (TARAIRA - VAUPÉS),2024,12,42.504,11.497,60.0,sábado,2024 Dec 07 12:45:00 PM,24.0
99,VICHADA,99001,PUERTO CARREÑO,99001000,PUERTO CARREÑO (PUERTO CARREÑO - VICHADA),2024,12,10.326,784.232,60.0,miércoles,2024 Dec 11 02:15:00 PM,24.0
91,AMAZONAS,91001,LETICIA,91001000,LETICIA (LETICIA - AMAZONAS),2024,12,10.326,8.475,60.0,lunes,2024 Dec 02 03:30:00 PM,24.0
5,ANTIOQUIA,5873,VIGÍA DEL FUERTE,5873001,SAN ANTONIO DE PADUA(VIGÍA DEL FUERTE - ANTIOQUIA),2025,1,6.481,0.0,60.0,jueves,2025 Jan 23 07:45:00 PM,24.0
5,ANTIOQUIA,5873,VIGÍA DEL FUERTE,5873005,SAN MIGUEL(VIGÍA DEL FUERTE - ANTIOQUIA),2025,1,3.887,1.762,60.0,miércoles,2025 Jan 29 06:45:00 PM,24.0
5,ANTIOQUIA,5873,VIGÍA DEL FUERTE,5873010,LA PLAYA MURRI (VIGÍA DEL FUERTE - ANTIOQUIA),2025,1,3.806,1.427,60.0,martes,2025 Jan 21 07:15:00 PM,24.0
5,ANTIOQUIA,5873,VIGÍA DEL FUERTE,5873013,LOMA MURRI(VIGÍA DEL FUERTE - ANTIOQUIA),2025,1,5.85,2.36,60.0,jueves,2025 Jan 16 06:45:00 PM,24.0
5,ANTIOQUIA,5873,VIGÍA DEL FUERTE,5873910,PUERTO MEDELLÍN(VIGÍA DEL FUERTE - ANTIOQUIA),2025,1,2.357,806.0,60.0,martes,2025 Jan 14 07:45:00 PM,24.0
5,ANTIOQUIA,5873,VIGÍA DEL FUERTE,5873913,JARAPETO (RESGUARDO INDÍGENA)(VIGÍA DEL FUERTE - ANTIOQUIA),2025,1,384.0,201.0,60.0,miércoles,2025 Jan 01 05:45:00 PM,24.0
13,BOLÍVAR,13001,CARTAGENA DE INDIAS,13001007,ISLA FUERTE(CARTAGENA DE INDIAS - BOLÍVAR),2025,1,37.563,15.681,60.0,miércoles,2025 Jan 01 11:15:00 PM,24.0
13,BOLÍVAR,13001,CARTAGENA DE INDIAS,13001017,SANTA CRUZ DEL ISLOTE(CARTAGENA DE INDIAS - BOLÍVAR),2025,1,9.938,2.881,60.0,miércoles,2025 Jan 08 09:30:00 PM,24.0
13,BOLÍVAR,13001,CARTAGENA DE INDIAS,13001037,ISLA MUCURA(CARTAGENA DE INDIAS - BOLÍVAR),2025,1,6.678,2.194,60.0,domingo,2025 Jan 05 10:45:00 PM,24.0
18,CAQUETÁ,18150,CARTAGENA DEL CHAIRA,18150001,REMOLINO DEL CAGUAN(CARTAGENA DEL CHAIRA - CAQUETÁ),2025,1,7.7,2.992,60.0,sábado,2025 Jan 11 07:15:00 PM,3.0
18,CAQUETÁ,18150,CARTAGENA DEL CHAIRA,18150002,SANTA FE DEL CAGUAN(CARTAGENA DEL CHAIRA - CAQUETÁ),2025,1,3.184,1.295,60.0,jueves,2025 Jan 23 07:15:00 PM,24.0
18,CAQUETÁ,18753,SAN VICENTE DEL CAGUÁN,18753002,GUACAMAYAS(SAN VICENTE DEL CAGUÁN - CAQUETÁ),2025,1,3.8,1.485,60.0,miércoles,2025 Jan 01 06:45:00 PM,24.0
18,CAQUETÁ,18753,SAN VICENTE DEL CAGUÁN,18753009,PUERTO BETANIA(SAN VICENTE DEL CAGUÁN - CAQUETÁ),2025,1,5.374,1.84,60.0,jueves,2025 Jan 16 07:30:00 PM,24.0
18,CAQUETÁ,18753,SAN VICENTE DEL CAGUÁN,18753012,SANTA ROSA(SAN VICENTE DEL CAGUÁN - CAQUETÁ),2025,1,2.793,1.245,60.0,jueves,2025 Jan 16 06:45:00 PM,24.0
18,CAQUETÁ,18753,SAN VICENTE DEL CAGUÁN,18753033,VILLA LOBOS(SAN VICENTE DEL CAGUÁN - CAQUETÁ),2025,1,6.483,2.27,60.0,jueves,2025 Jan 30 06:30:00 PM,24.0
19,CAUCA,19318,GUAPI,19318008,LIMONES(GUAPI - CAUCA),2025,1,9.085,4.642,60.0,domingo,2025 Jan 05 10:00:00 PM,24.0
19,CAUCA,19318,GUAPI,19318013,SAN ANTONIO DE GUAJUI(GUAPI - CAUCA),2025,1,10.877,6.113,60.0,martes,2025 Jan 07 07:00:00 PM,24.0
19,CAUCA,19418,LÓPEZ DE MICAY,19418009,NOANAMITO(LÓPEZ DE MICAY - CAUCA),2025,1,7.252,3.481,36.0,miércoles,2025 Jan 01 07:00:00 PM,24.0
19,CAUCA,19418,LÓPEZ DE MICAY,19418033,BOCA GRANDE(LÓPEZ DE MICAY - CAUCA),2025,1,4.499,1.413,60.0,lunes,2025 Jan 27 07:00:00 PM,24.0
19,CAUCA,19809,TIMBIQUÍ,19809003,COTEJE(TIMBIQUÍ - CAUCA),2025,1,4.993,3.922,60.0,miércoles,2025 Jan 22 08:00:00 PM,24.0
19,CAUCA,19809,TIMBIQUÍ,19809007,SAN JOSE(TIMBIQUÍ - CAUCA),2025,1,6.291,3.392,60.0,martes,2025 Jan 28 07:30:00 PM,24.0
19,CAUCA,19809,TIMBIQUÍ,19809009,SANTA ROSA DE SAIJA(TIMBIQUÍ - CAUCA),2025,1,2.711,942.0,60.0,lunes,2025 Jan 27 07:30:00 PM,24.0
19,CAUCA,19809,TIMBIQUÍ,19809010,COMUNIDAD DE CHETE(TIMBIQUÍ - CAUCA),2025,1,3.946,1.593,60.0,domingo,2025 Jan 26 08:00:00 PM,24.0
19,CAUCA,19809,TIMBIQUÍ,19809014,CHACON(TIMBIQUÍ - CAUCA),2025,1,3.117,304.0,60.0,sábado,2025 Jan 11 07:30:00 PM,24.0
27,CHOCÓ,27001,QUIBDÓ,27001029,TAGACHI(QUIBDÓ - CHOCÓ),2025,1,5.264,1.87,60.0,jueves,2025 Jan 30 08:15:00 PM,24.0
27,CHOCÓ,27006,ACANDÍ,27006000,ACANDÍ(ACANDÍ - CHOCÓ),2025,1,676.419,192.359,60.0,jueves,2025 Jan 30 09:30:00 PM,24.0
27,CHOCÓ,27006,ACANDÍ,27006007,SAN FRANCISCO(ACANDÍ - CHOCÓ),2025,1,27.157,7.42,60.0,sábado,2025 Jan 04 06:45:00 PM,24.0
27,CHOCÓ,27025,ALTO BAUDO,27025000,CIUDAD BAUDO - PIE DE PATO(ALTO BAUDO - CHOCÓ),2025,1,51.496,18.174,60.0,sábado,2025 Jan 18 11:45:00 AM,24.0
27,CHOCÓ,27025,ALTO BAUDO,27025033,MIACORA(ALTO BAUDO - CHOCÓ),2025,1,0.0,0.0,60.0,Sin Registro,Sin Registro,0.0
27,CHOCÓ,27025,ALTO BAUDO,27025035,PUERTO ALEGRE(ALTO BAUDO - CHOCÓ),2025,1,0.0,0.0,60.0,Sin Registro,Sin Registro,0.0
27,CHOCÓ,27025,ALTO BAUDO,27025920,EL MORRO(ALTO BAUDO - CHOCÓ),2025,1,575.0,165.0,60.0,miércoles,2025 Jan 15 05:30:00 PM,24.0
27,CHOCÓ,27025,ALTO BAUDO,27025937,VILLA CECILIA(ALTO BAUDO - CHOCÓ),2025,1,287.0,97.0,60.0,domingo,2025 Jan 26 06:45:00 PM,24.0
27,CHOCÓ,27075,BAHÍA SOLANO,27075000,CIUDAD MUTIS(BAHÍA SOLANO - CHOCÓ),2025,1,821.664,209.935,60.0,miércoles,2025 Jan 08 07:30:00 PM,24.0
27,CHOCÓ,27075,BAHÍA SOLANO,27075001,CUPICA(BAHÍA SOLANO - CHOCÓ),2025,1,58.482,16.265,60.0,viernes,2025 Jan 10 07:45:00 PM,24.0
27,CHOCÓ,27077,BAJO BAUDÓ,27077000,PIZARRO(BAJO BAUDÓ - CHOCÓ),2025,1,218.298,77.3,60.0,miércoles,2025 Jan 15 07:15:00 PM,24.0
27,CHOCÓ,27077,BAJO BAUDÓ,27077002,BELEN DE DOCAMPADO(BAJO BAUDÓ - CHOCÓ),2025,1,8.794,2.914,60.0,martes,2025 Jan 28 07:15:00 PM,24.0
27,CHOCÓ,27077,BAJO BAUDÓ,27077008,ORPUA(BAJO BAUDÓ - CHOCÓ),2025,1,348.0,265.0,60.0,martes,2025 Jan 07 06:30:00 PM,24.0
27,CHOCÓ,27077,BAJO BAUDÓ,27077011,PILIZA - BELLAVISTA - VILLA LUZ(BAJO BAUDÓ - CHOCÓ),2025,1,3.01,764.0,60.0,sábado,2025 Jan 04 12:45:00 PM,24.0
27,CHOCÓ,27077,BAJO BAUDÓ,27077016,SIVIRU(BAJO BAUDÓ - CHOCÓ),2025,1,4.5,1.787,60.0,martes,2025 Jan 21 07:00:00 PM,24.0
27,CHOCÓ,27077,BAJO BAUDÓ,27077019,VIRUDO(BAJO BAUDÓ - CHOCÓ),2025,1,0.0,0.0,60.0,Sin Registro,Sin Registro,0.0
27,CHOCÓ,27077,BAJO BAUDÓ,27077026,GUINEAL(BAJO BAUDÓ - CHOCÓ),2025,1,4.183,4.01,60.0,sábado,2025 Jan 25 11:00:00 AM,24.0
27,CHOCÓ,27077,BAJO BAUDÓ,27077029,FIRME DE USARGA(BAJO BAUDÓ - CHOCÓ),2025,1,1.056,496.0,60.0,martes,2025 Jan 07 06:30:00 PM,24.0
27,CHOCÓ,27077,BAJO BAUDÓ,27077905,BUENAVISTA(BAJO BAUDÓ - CHOCÓ),2025,1,2.283,811.0,60.0,jueves,2025 Jan 23 06:45:00 PM,24.0
27,CHOCÓ,27077,BAJO BAUDÓ,27077916,TERRON(BAJO BAUDÓ - CHOCÓ),2025,1,1.926,849.0,60.0,sábado,2025 Jan 25 12:00:00 PM,24.0
27,CHOCÓ,27099,BOJAYÁ,27099005,NAPIPI(BOJAYÁ - CHOCÓ),2025,1,9.758,3.276,64.0,sábado,2025 Jan 11 07:15:00 PM,24.0
27,CHOCÓ,27099,BOJAYÁ,27099012,POGUE(BOJAYÁ - CHOCÓ),2025,1,0.0,0.0,60.0,Sin Registro,Sin Registro,0.0
27,CHOCÓ,27099,BOJAYÁ,27099030,PIEDRA CANDELA(BOJAYÁ - CHOCÓ),2025,1,8.04,3.602,60.0,viernes,2025 Jan 31 07:45:00 PM,24.0
27,CHOCÓ,27250,EL LITORAL DEL SAN JUAN,27250000,SANTA GENOVEVA DE DOCORDO(EL LITORAL DEL SAN JUAN - CHOCÓ),2025,1,83.135,40.325,60.0,miércoles,2025 Jan 22 06:45:00 PM,24.0
27,CHOCÓ,27250,EL LITORAL DEL SAN JUAN,27250023,PAPAYO(EL LITORAL DEL SAN JUAN - CHOCÓ),2025,1,3.505,1.268,60.0,lunes,2025 Jan 20 04:30:00 PM,24.0
27,CHOCÓ,27361,ISTMINA,27361023,POTEDÓ(ISTMINA - CHOCÓ),2025,1,0.0,0.0,60.0,Sin Registro,Sin Registro,0.0
27,CHOCÓ,27361,ISTMINA,27361048,UNION CHOCO(ISTMINA - CHOCÓ),2025,1,675.0,265.0,60.0,miércoles,2025 Jan 15 08:30:00 AM,24.0
27,CHOCÓ,27372,JURADO,27372000,JURADO(JURADO - CHOCÓ),2025,1,183.724,60.518,60.0,jueves,2025 Jan 23 11:30:00 AM,24.0
27,CHOCÓ,27372,JURADO,27372901,SANTA TERESITA(JURADO - CHOCÓ),2025,1,562.0,30.0,60.0,miércoles,2025 Jan 15 11:45:00 AM,24.0
27,CHOCÓ,27372,JURADO,27372902,BUENAVISTA(JURADO - CHOCÓ),2025,1,1.407,392.0,60.0,jueves,2025 Jan 09 05:45:00 PM,24.0
27,CHOCÓ,27372,JURADO,27372905,DICHARDI(JURADO - CHOCÓ),2025,1,1.254,750.0,60.0,martes,2025 Jan 14 10:45:00 AM,24.0
27,CHOCÓ,27372,JURADO,27372907,EYASAKE(JURADO - CHOCÓ),2025,1,4.759,2.194,60.0,jueves,2025 Jan 02 02:00:00 PM,24.0
27,CHOCÓ,27372,JURADO,27372930,DOS BOCAS(JURADO - CHOCÓ),2025,1,386.0,149.0,60.0,jueves,2025 Jan 02 08:30:00 AM,24.0
27,CHOCÓ,27425,MEDIO ATRATO,27425000,BETE(MEDIO ATRATO - CHOCÓ),2025,1,11.191,4.784,88.0,viernes,2025 Jan 03 06:45:00 PM,24.0
27,CHOCÓ,27425,MEDIO ATRATO,27425008,SAN ROQUE(MEDIO ATRATO - CHOCÓ),2025,1,1.726,810.0,60.0,lunes,2025 Jan 06 09:15:00 PM,24.0
27,CHOCÓ,27491,NOVITA,27491004,JUNTAS DE TAMANA(NOVITA - CHOCÓ),2025,1,0.0,0.0,60.0,Sin Registro,Sin Registro,0.0
27,CHOCÓ,27495,NUQUÍ,27495000,NUQUÍ(NUQUÍ - CHOCÓ),2025,1,307.255,96.616,60.0,viernes,2025 Jan 31 07:30:00 PM,24.0
27,CHOCÓ,27495,NUQUÍ,27495001,ARUSI(NUQUÍ - CHOCÓ),2025,1,19.917,7.897,60.0,lunes,2025 Jan 13 12:30:00 PM,24.0
27,CHOCÓ,27495,NUQUÍ,27495003,JURUBIRA(NUQUÍ - CHOCÓ),2025,1,0.0,0.0,60.0,Sin Registro,Sin Registro,0.0
27,CHOCÓ,27495,NUQUÍ,27495008,JOVI(NUQUÍ - CHOCÓ),2025,1,8.428,3.183,60.0,martes,2025 Jan 21 08:00:00 PM,24.0
27,CHOCÓ,27495,NUQUÍ,27495010,TERMALES(NUQUÍ - CHOCÓ),2025,1,6.194,2.841,60.0,viernes,2025 Jan 24 12:15:00 PM,24.0
27,CHOCÓ,27495,NUQUÍ,27495011,COMUNIDAD DE PUERTO JAGUA(NUQUÍ - CHOCÓ),2025,1,966.0,325.0,60.0,jueves,2025 Jan 02 07:45:00 PM,24.0
27,CHOCÓ,27495,NUQUÍ,27495012,COMUNIDAD INDIG. PUERTO INDIO(NUQUÍ - CHOCÓ),2025,1,0.0,0.0,60.0,Sin Registro,Sin Registro,0.0
27,CHOCÓ,27495,NUQUÍ,27495910,COMUNIDAD INDIG. DE RIO NUQUÍ(NUQUÍ - CHOCÓ),2025,1,957.0,163.0,60.0,jueves,2025 Jan 02 07:00:00 PM,24.0
27,CHOCÓ,27495,NUQUÍ,27495912,COMUNIDAD INDÍGENA DE PANGUI - EL YUCAL(NUQUÍ - CHOCÓ),2025,1,6.929,1.853,60.0,domingo,2025 Jan 12 06:45:00 AM,24.0
27,CHOCÓ,27600,RIO QUITO,27600001,BOCA DE APARTADO(RIO QUITO - CHOCÓ),2025,1,91.0,35.0,60.0,viernes,2025 Jan 03 06:45:00 PM,24.0
27,CHOCÓ,27615,RIOSUCIO,27615011,SAN JOSE TAMBORAL(RIOSUCIO - CHOCÓ),2025,1,0.0,0.0,60.0,Sin Registro,Sin Registro,0.0
27,CHOCÓ,27800,UNGUÍA,27800000,UNGUÍA(UNGUÍA - CHOCÓ),2025,1,483.641,150.6,60.0,jueves,2025 Jan 30 09:00:00 PM,24.0
27,CHOCÓ,27800,UNGUÍA,27800001,BALBOA(UNGUÍA - CHOCÓ),2025,1,28.264,10.382,60.0,lunes,2025 Jan 06 08:30:00 PM,24.0
27,CHOCÓ,27800,UNGUÍA,27800005,TITUMATE(UNGUÍA - CHOCÓ),2025,1,15.305,3.175,60.0,martes,2025 Jan 21 10:00:00 PM,24.0
44,LA GUAJIRA,44847,URIBIA,44847003,CABO DE LA VELA(URIBIA - LA GUAJIRA),2025,1,7.386,761.0,60.0,domingo,2025 Jan 12 07:00:00 PM,24.0
44,LA GUAJIRA,44847,URIBIA,44847012,NAZARETH(URIBIA - LA GUAJIRA),2025,1,31.884,7.532,60.0,domingo,2025 Jan 19 06:15:00 PM,24.0
47,MAGDALENA,47189,CIÉNAGA,47189018,PALMOR(CIÉNAGA - MAGDALENA),2025,1,108.064,42.274,60.0,sábado,2025 Jan 04 06:45:00 PM,24.0
50,META,50325,MAPIRIPAN,50325000,MAPIRIPAN(MAPIRIPAN - META),2025,1,188.054,64.239,60.0,lunes,2025 Jan 20 05:15:00 PM,24.0
52,NARIÑO,52250,EL CHARCO,52250005,LAS MERCEDES(EL CHARCO - NARIÑO),2025,1,56.0,131.0,60.0,miércoles,2025 Jan 01 01:15:00 AM,24.0
52,NARIÑO,52250,EL CHARCO,52250007,SAN JOSE DEL TAPAJE(EL CHARCO - NARIÑO),2025,1,5.554,2.106,32.0,jueves,2025 Jan 02 07:15:00 PM,24.0
52,NARIÑO,52250,EL CHARCO,52250016,ALTERON - URIBE URIBE(EL CHARCO - NARIÑO),2025,1,116.0,81.0,60.0,viernes,2025 Jan 31 07:30:00 PM,24.0
52,NARIÑO,52250,EL CHARCO,52250022,EL CUIL PUEBLO NUEVO(EL CHARCO - NARIÑO),2025,1,4.183,1.885,60.0,martes,2025 Jan 07 07:00:00 PM,24.0
52,NARIÑO,52390,LA TOLA,52390003,LA VIGIA DE LA MAR(LA TOLA - NARIÑO),2025,1,6.029,3.363,60.0,sábado,2025 Jan 04 12:30:00 PM,24.0
52,NARIÑO,52390,LA TOLA,52390005,AGUACATAL(LA TOLA - NARIÑO),2025,1,1.585,346.0,60.0,sábado,2025 Jan 18 06:00:00 PM,24.0
52,NARIÑO,52390,LA TOLA,52390009,MULATOS(LA TOLA - NARIÑO),2025,1,3.916,1.598,60.0,sábado,2025 Jan 04 06:30:00 PM,24.0
52,NARIÑO,52390,LA TOLA,52390013,AMARALES(LA TOLA - NARIÑO),2025,1,7.855,3.426,60.0,lunes,2025 Jan 06 07:45:00 PM,24.0
52,NARIÑO,52390,LA TOLA,52390016,SAN PABLO DEL MAR(LA TOLA - NARIÑO),2025,1,5.899,1.888,60.0,domingo,2025 Jan 05 07:00:00 PM,24.0
52,NARIÑO,52473,MOSQUERA,52473010,EL BAJITO DE ECHANDIA(MOSQUERA - NARIÑO),2025,1,2.677,1.005,60.0,viernes,2025 Jan 10 06:45:00 PM,24.0
52,NARIÑO,52490,OLAYA HERRERA,52490913,BOCA DE PRIETA(OLAYA HERRERA - NARIÑO),2025,1,1.147,269.0,60.0,jueves,2025 Jan 02 09:15:00 PM,24.0
52,NARIÑO,52621,ROBERTO PAYAN,52621912,TAMAJE(ROBERTO PAYAN - NARIÑO),2025,1,5.482,2.338,60.0,lunes,2025 Jan 27 02:45:00 PM,24.0
52,NARIÑO,52696,SANTA BÁRBARA,52696014,LA ENSENADA(SANTA BÁRBARA - NARIÑO),2025,1,3.325,1.653,60.0,domingo,2025 Jan 05 07:45:00 PM,24.0
52,NARIÑO,52696,SANTA BÁRBARA,52696017,SANTA RITA(SANTA BÁRBARA - NARIÑO),2025,1,4.252,1.92,39.0,jueves,2025 Jan 02 07:00:00 PM,24.0
52,NARIÑO,52835,SAN ANDRÉS DE TUMACO,52835055,BOCAS DE CURAY(SAN ANDRÉS DE TUMACO - NARIÑO),2025,1,8.284,2.364,60.0,jueves,2025 Jan 30 06:15:00 PM,24.0
52,NARIÑO,52835,SAN ANDRÉS DE TUMACO,52835217,SAN JUAN DE LA COSTA(SAN ANDRÉS DE TUMACO - NARIÑO),2025,1,27.354,10.597,112.0,sábado,2025 Jan 04 06:30:00 PM,24.0
76,VALLE DEL CAUCA,76109,BUENAVENTURA,76109011,PASTICO(BUENAVENTURA - VALLE DEL CAUCA),2025,1,2.762,1.03,60.0,miércoles,2025 Jan 08 07:30:00 PM,24.0
76,VALLE DEL CAUCA,76109,BUENAVENTURA,76109018,CONCEPCION(BUENAVENTURA - VALLE DEL CAUCA),2025,1,0.0,0.0,60.0,Sin Registro,Sin Registro,0.0
76,VALLE DEL CAUCA,76109,BUENAVENTURA,76109028,PUERTO MERIZALDE(BUENAVENTURA - VALLE DEL CAUCA),2025,1,99.026,32.025,60.0,miércoles,2025 Jan 29 08:15:00 PM,24.0
76,VALLE DEL CAUCA,76109,BUENAVENTURA,76109030,PUNTA SOLDADO(BUENAVENTURA - VALLE DEL CAUCA),2025,1,3.132,1.776,60.0,jueves,2025 Jan 23 07:30:00 PM,24.0
76,VALLE DEL CAUCA,76109,BUENAVENTURA,76109032,SAN FRANCISCO NAYA(BUENAVENTURA - VALLE DEL CAUCA),2025,1,8.329,4.12,60.0,jueves,2025 Jan 16 11:45:00 AM,24.0
76,VALLE DEL CAUCA,76109,BUENAVENTURA,76109034,SAN ISIDRO - CALIMA(BUENAVENTURA - VALLE DEL CAUCA),2025,1,7.263,1.706,60.0,viernes,2025 Jan 31 07:00:00 PM,24.0
76,VALLE DEL CAUCA,76109,BUENAVENTURA,76109040,VENERAL(BUENAVENTURA - VALLE DEL CAUCA),2025,1,550.0,119.0,60.0,sábado,2025 Jan 18 07:45:00 PM,24.0
76,VALLE DEL CAUCA,76109,BUENAVENTURA,76109069,PAPAYAL 1(BUENAVENTURA - VALLE DEL CAUCA),2025,1,7.916,1.387,60.0,domingo,2025 Jan 12 07:45:00 PM,24.0
76,VALLE DEL CAUCA,76109,BUENAVENTURA,76109081,PUNTA BONITA(BUENAVENTURA - VALLE DEL CAUCA),2025,1,5.453,3.228,60.0,jueves,2025 Jan 09 06:45:00 PM,24.0
76,VALLE DEL CAUCA,76109,BUENAVENTURA,76109105,PITAL(BUENAVENTURA - VALLE DEL CAUCA),2025,1,2.865,537.0,60.0,viernes,2025 Jan 31 07:45:00 AM,24.0
76,VALLE DEL CAUCA,76109,BUENAVENTURA,76109817,SANTA MARIA 1 NAYA(BUENAVENTURA - VALLE DEL CAUCA),2025,1,1.012,334.0,60.0,sábado,2025 Jan 18 07:15:00 PM,24.0
76,VALLE DEL CAUCA,76109,BUENAVENTURA,76109863,SAN ANTONIO (BUENAVENTURA - VALLE DEL CAUCA),2025,1,2.138,552.0,60.0,viernes,2025 Jan 10 01:00:00 AM,24.0
76,VALLE DEL CAUCA,76109,BUENAVENTURA,76109904,SAN ANTONIO (RIO CAJAMBRE)(BUENAVENTURA - VALLE DEL CAUCA),2025,1,5.178,1.418,60.0,miércoles,2025 Jan 22 07:15:00 PM,24.0
76,VALLE DEL CAUCA,76109,BUENAVENTURA,76109913,MAYORQUIN(BUENAVENTURA - VALLE DEL CAUCA),2025,1,2.377,894.0,60.0,domingo,2025 Jan 26 08:30:00 PM,24.0
76,VALLE DEL CAUCA,76109,BUENAVENTURA,76109930,GALVEZ(BUENAVENTURA - VALLE DEL CAUCA),2025,1,2.696,468.0,60.0,viernes,2025 Jan 03 06:30:00 PM,24.0
76,VALLE DEL CAUCA,76109,BUENAVENTURA,76109957,HUMANES MAR(BUENAVENTURA - VALLE DEL CAUCA),2025,1,2.02,219.0,60.0,sábado,2025 Jan 25 10:45:00 AM,24.0
86,PUTUMAYO,86573,PUERTO LEGUIZAMO,86573000,PUERTO LEGUIZAMO(PUERTO LEGUIZAMO - PUTUMAYO),2025,1,988.628,280.577,60.0,jueves,2025 Jan 23 01:45:00 PM,24.0
86,PUTUMAYO,86573,PUERTO LEGUIZAMO,86573009,PIÑUÑA NEGRO(PUERTO LEGUIZAMO - PUTUMAYO),2025,1,2.928,1.717,60.0,miércoles,2025 Jan 01 12:15:00 AM,24.0
88,ARCHIPIÉLAGO DE SAN ANDRÉS y PROVIDENCIA,88001,SAN ANDRÉS,88001000,SAN ANDRÉS(SAN ANDRÉS - ARCHIPIÉLAGO DE SAN ANDRÉS y PROVIDENCIA ),2025,1,10.326,8.475,60.0,miércoles,2025 Jan 29 04:00:00 PM,24.0
88,ARCHIPIÉLAGO DE SAN ANDRÉS y PROVIDENCIA,88564,PROVIDENCIA,88564000,PROVIDENCIA(PROVIDENCIA - ARCHIPIÉLAGO DE SAN ANDRÉS y PROVIDENCIA ),2025,1,10.326,220.252,60.0,lunes,2025 Jan 27 02:15:00 PM,24.0
91,AMAZONAS,91001,LETICIA,91001000,LETICIA(LETICIA - AMAZONAS),2025,1,10.326,983.686,60.0,viernes,2025 Jan 17 03:30:00 PM,24.0
91,AMAZONAS,91540,PUERTO NARIÑO,91540000,PUERTO NARIÑO(PUERTO NARIÑO - AMAZONAS),2025,1,133.145,42.384,60.0,viernes,2025 Jan 17 06:45:00 PM,24.0
91,AMAZONAS,91798,TARAPACA (ANM),91798000,TARAPACA(TARAPACA (ANM) - AMAZONAS),2025,1,25.128,11.309,60.0,lunes,2025 Jan 20 07:15:00 PM,24.0
94,GUAINÍA,94001,INÍRIDA,94001000,INÍRIDA(INÍRIDA - GUAINÍA),2025,1,10.326,623.725,60.0,miércoles,2025 Jan 29 02:30:00 PM,24.0
94,GUAINÍA,94001,INÍRIDA,94001905,CHORRO BOCON(INÍRIDA - GUAINÍA),2025,1,4.719,358.0,60.0,domingo,2025 Jan 05 07:45:00 PM,24.0
94,GUAINÍA,94001,INÍRIDA,94001916,VENADO(INÍRIDA - GUAINÍA),2025,1,3.246,781.0,60.0,sábado,2025 Jan 11 09:15:00 PM,24.0
94,GUAINÍA,94001,INÍRIDA,94001966,LAGUNA COLORADA ALTA(INÍRIDA - GUAINÍA),2025,1,9.095,449.0,60.0,domingo,2025 Jan 19 06:30:00 PM,24.0
94,GUAINÍA,94343,BARRANCO MINAS,94343900,CARPINTERO(BARRANCO MINAS - GUAINÍA),2025,1,1.35,602.0,60.0,viernes,2025 Jan 31 07:00:00 PM,24.0
94,GUAINÍA,94343,BARRANCO MINAS,94343901,CHATARE(BARRANCO MINAS - GUAINÍA),2025,1,1.828,166.0,60.0,lunes,2025 Jan 20 06:45:00 PM,24.0
95,GUAVIARE,95001,SAN JOSÉ DEL GUAVIARE,95001012,CACHICAMO(SAN JOSÉ DEL GUAVIARE - GUAVIARE),2025,1,11.228,4.673,60.0,sábado,2025 Jan 11 06:30:00 PM,24.0
95,GUAVIARE,95200,MIRAFLORES,95200000,MIRAFLORES(MIRAFLORES - GUAVIARE),2025,1,116.405,19.002,60.0,viernes,2025 Jan 10 06:45:00 PM,24.0
97,VAUPÉS,97001,MITÚ,97001000,MITÚ(MITÚ - VAUPÉS),2025,1,10.326,375.51,60.0,lunes,2025 Jan 20 12:00:00 PM,24.0
97,VAUPÉS,97161,CARURÚ,97161000,CARURÚ(CARURÚ - VAUPÉS),2025,1,34.438,5.807,60.0,miércoles,2025 Jan 22 04:00:00 PM,24.0
97,VAUPÉS,97666,TARAIRA,97666000,TARAIRA(TARAIRA - VAUPÉS),2025,1,41.498,11.122,60.0,lunes,2025 Jan 27 12:30:00 PM,24.0
99,VICHADA,99001,PUERTO CARREÑO,99001000,PUERTO CARREÑO(PUERTO CARREÑO - VICHADA),2025,1,10.326,711.768,60.0,miércoles,2025 Jan 29 02:15:00 PM,24.0
99,VICHADA,99773,CUMARIBO,99773000,CUMARIBO(CUMARIBO - VICHADA),2025,1,370.705,140.716,60.0,miércoles,2025 Jan 29 02:30:00 PM,24.0
5,ANTIOQUIA,5873,VIGÍA DEL FUERTE,5873001,SAN ANTONIO DE PADUA(VIGÍA DEL FUERTE - ANTIOQUIA),2025,2,9.416,0.0,60.0,jueves,2025 Feb 20 07:15:00 PM,24.0
5,ANTIOQUIA,5873,VIGÍA DEL FUERTE,5873005,SAN MIGUEL(VIGÍA DEL FUERTE - ANTIOQUIA),2025,2,4.162,1.989,60.0,domingo,2025 Feb 02 03:00:00 PM,24.0
5,ANTIOQUIA,5873,VIGÍA DEL FUERTE,5873010,LA PLAYA MURRI (VIGÍA DEL FUERTE - ANTIOQUIA),2025,2,3.438,1.318,60.0,domingo,2025 Feb 23 06:45:00 PM,24.0
5,ANTIOQUIA,5873,VIGÍA DEL FUERTE,5873013,LOMA MURRI(VIGÍA DEL FUERTE - ANTIOQUIA),2025,2,2.542,1.057,60.0,domingo,2025 Feb 02 07:00:00 PM,24.0
5,ANTIOQUIA,5873,VIGÍA DEL FUERTE,5873910,PUERTO MEDELLÍN(VIGÍA DEL FUERTE - ANTIOQUIA),2025,2,2.146,736.0,60.0,viernes,2025 Feb 28 12:00:00 PM,24.0
5,ANTIOQUIA,5873,VIGÍA DEL FUERTE,5873913,JARAPETO (RESGUARDO INDÍGENA)(VIGÍA DEL FUERTE - ANTIOQUIA),2025,2,365.0,216.0,60.0,domingo,2025 Feb 09 07:45:00 PM,24.0
13,BOLÍVAR,13001,CARTAGENA DE INDIAS,13001017,SANTA CRUZ DEL ISLOTE(CARTAGENA DE INDIAS - BOLÍVAR),2025,2,11.224,3.035,60.0,jueves,2025 Feb 20 10:15:00 PM,24.0
13,BOLÍVAR,13001,CARTAGENA DE INDIAS,13001037,ISLA MUCURA(CARTAGENA DE INDIAS - BOLÍVAR),2025,2,5.255,1.783,60.0,martes,2025 Feb 25 11:30:00 PM,24.0
5,ANTIOQUIA,5873,VIGÍA DEL FUERTE,5873910,PUERTO MEDELLÍN,2025,12,1.055,456.0,109.868,martes,2025 Dec 16 06:30:00 PM,480.0
18,CAQUETÁ,18150,CARTAGENA DEL CHAIRA,18150001,REMOLINO DEL CAGUAN(CARTAGENA DEL CHAIRA - CAQUETÁ),2025,2,8.8,3.204,60.0,sábado,2025 Feb 15 07:15:00 PM,24.0
18,CAQUETÁ,18150,CARTAGENA DEL CHAIRA,18150002,SANTA FE DEL CAGUAN(CARTAGENA DEL CHAIRA - CAQUETÁ),2025,2,2.991,1.221,60.0,jueves,2025 Feb 13 07:15:00 PM,24.0
18,CAQUETÁ,18753,SAN VICENTE DEL CAGUÁN,18753009,PUERTO BETANIA(SAN VICENTE DEL CAGUÁN - CAQUETÁ),2025,2,5.257,1.793,60.0,jueves,2025 Feb 27 07:15:00 PM,24.0
18,CAQUETÁ,18753,SAN VICENTE DEL CAGUÁN,18753012,SANTA ROSA(SAN VICENTE DEL CAGUÁN - CAQUETÁ),2025,2,2.563,1.104,60.0,sábado,2025 Feb 22 06:15:00 PM,24.0
18,CAQUETÁ,18753,SAN VICENTE DEL CAGUÁN,18753033,VILLA LOBOS(SAN VICENTE DEL CAGUÁN - CAQUETÁ),2025,2,6.176,2.198,60.0,viernes,2025 Feb 21 07:45:00 PM,24.0
19,CAUCA,19318,GUAPI,19318008,LIMONES(GUAPI - CAUCA),2025,2,7.909,3.975,60.0,sábado,2025 Feb 01 07:30:00 PM,24.0
19,CAUCA,19318,GUAPI,19318013,SAN ANTONIO DE GUAJUI(GUAPI - CAUCA),2025,2,10.034,5.646,60.0,miércoles,2025 Feb 05 08:15:00 PM,24.0
19,CAUCA,19418,LÓPEZ DE MICAY,19418009,NOANAMITO(LÓPEZ DE MICAY - CAUCA),2025,2,6.602,3.088,36.0,sábado,2025 Feb 01 06:45:00 PM,24.0
19,CAUCA,19418,LÓPEZ DE MICAY,19418033,BOCA GRANDE(LÓPEZ DE MICAY - CAUCA),2025,2,3.752,1.164,60.0,viernes,2025 Feb 28 07:30:00 PM,24.0
19,CAUCA,19809,TIMBIQUÍ,19809003,COTEJE(TIMBIQUÍ - CAUCA),2025,2,4.888,3.733,29.0,jueves,2025 Feb 13 07:15:00 PM,24.0
19,CAUCA,19809,TIMBIQUÍ,19809007,SAN JOSE(TIMBIQUÍ - CAUCA),2025,2,5.656,3.181,60.0,martes,2025 Feb 18 07:30:00 PM,24.0
19,CAUCA,19809,TIMBIQUÍ,19809009,SANTA ROSA DE SAIJA(TIMBIQUÍ - CAUCA),2025,2,3.215,1.004,60.0,sábado,2025 Feb 22 08:45:00 PM,24.0
19,CAUCA,19809,TIMBIQUÍ,19809010,COMUNIDAD DE CHETE(TIMBIQUÍ - CAUCA),2025,2,3.893,1.53,60.0,viernes,2025 Feb 07 06:15:00 PM,24.0
19,CAUCA,19809,TIMBIQUÍ,19809014,CHACON(TIMBIQUÍ - CAUCA),2025,2,3.422,420.0,60.0,sábado,2025 Feb 15 04:45:00 PM,24.0
27,CHOCÓ,27001,QUIBDÓ,27001029,TAGACHI(QUIBDÓ - CHOCÓ),2025,2,5.139,1.804,60.0,domingo,2025 Feb 02 07:30:00 PM,24.0
27,CHOCÓ,27006,ACANDÍ,27006000,ACANDÍ(ACANDÍ - CHOCÓ),2025,2,601.137,169.131,60.0,martes,2025 Feb 18 09:15:00 PM,24.0
27,CHOCÓ,27006,ACANDÍ,27006007,SAN FRANCISCO(ACANDÍ - CHOCÓ),2025,2,22.355,8.796,60.0,sábado,2025 Feb 08 08:00:00 PM,24.0
27,CHOCÓ,27025,ALTO BAUDO,27025000,CIUDAD BAUDO - PIE DE PATO(ALTO BAUDO - CHOCÓ),2025,2,48.289,16.66,60.0,sábado,2025 Feb 08 12:45:00 PM,24.0
27,CHOCÓ,27025,ALTO BAUDO,27025033,MIACORA(ALTO BAUDO - CHOCÓ),2025,2,64.0,0.0,60.0,jueves,2025 Feb 20 06:45:00 PM,24.0
27,CHOCÓ,27025,ALTO BAUDO,27025035,PUERTO ALEGRE(ALTO BAUDO - CHOCÓ),2025,2,417.0,137.0,60.0,lunes,2025 Feb 24 07:00:00 PM,24.0
27,CHOCÓ,27025,ALTO BAUDO,27025920,EL MORRO(ALTO BAUDO - CHOCÓ),2025,2,508.0,140.0,60.0,jueves,2025 Feb 06 08:00:00 PM,24.0
27,CHOCÓ,27025,ALTO BAUDO,27025937,VILLA CECILIA(ALTO BAUDO - CHOCÓ),2025,2,248.0,85.0,60.0,sábado,2025 Feb 15 03:15:00 PM,24.0
27,CHOCÓ,27075,BAHÍA SOLANO,27075000,CIUDAD MUTIS(BAHÍA SOLANO - CHOCÓ),2025,2,782.425,223.67,60.0,miércoles,2025 Feb 05 01:00:00 PM,24.0
27,CHOCÓ,27075,BAHÍA SOLANO,27075001,CUPICA(BAHÍA SOLANO - CHOCÓ),2025,2,58.536,17.537,60.0,miércoles,2025 Feb 19 12:15:00 PM,24.0
27,CHOCÓ,27077,BAJO BAUDÓ,27077000,PIZARRO(BAJO BAUDÓ - CHOCÓ),2025,2,182.176,64.837,60.0,miércoles,2025 Feb 26 08:30:00 PM,24.0
27,CHOCÓ,27077,BAJO BAUDÓ,27077002,BELEN DE DOCAMPADO(BAJO BAUDÓ - CHOCÓ),2025,2,7.747,2.549,60.0,domingo,2025 Feb 16 08:00:00 PM,24.0
27,CHOCÓ,27077,BAJO BAUDÓ,27077008,ORPUA(BAJO BAUDÓ - CHOCÓ),2025,2,514.0,338.0,60.0,sábado,2025 Feb 22 12:15:00 PM,24.0
27,CHOCÓ,27077,BAJO BAUDÓ,27077011,PILIZA - BELLAVISTA - VILLA LUZ(BAJO BAUDÓ - CHOCÓ),2025,2,3.459,895.0,60.0,sábado,2025 Feb 01 07:00:00 PM,24.0
27,CHOCÓ,27077,BAJO BAUDÓ,27077016,SIVIRU(BAJO BAUDÓ - CHOCÓ),2025,2,6.259,2.602,60.0,domingo,2025 Feb 16 11:45:00 AM,24.0
27,CHOCÓ,27077,BAJO BAUDÓ,27077019,VIRUDO(BAJO BAUDÓ - CHOCÓ),2025,2,3.78,1.817,60.0,miércoles,2025 Feb 12 09:45:00 PM,24.0
27,CHOCÓ,27077,BAJO BAUDÓ,27077026,GUINEAL(BAJO BAUDÓ - CHOCÓ),2025,2,3.803,3.796,60.0,martes,2025 Feb 25 07:00:00 PM,10.0
27,CHOCÓ,27077,BAJO BAUDÓ,27077029,FIRME DE USARGA(BAJO BAUDÓ - CHOCÓ),2025,2,602.0,266.0,60.0,sábado,2025 Feb 22 07:00:00 PM,24.0
27,CHOCÓ,27077,BAJO BAUDÓ,27077905,BUENAVISTA(BAJO BAUDÓ - CHOCÓ),2025,2,4.108,1.581,60.0,sábado,2025 Feb 15 11:45:00 AM,24.0
27,CHOCÓ,27077,BAJO BAUDÓ,27077911,PLAYA NUEVA(BAJO BAUDÓ - CHOCÓ),2025,2,3.055,1.3,60.0,jueves,2025 Feb 27 08:15:00 AM,24.0
27,CHOCÓ,27077,BAJO BAUDÓ,27077916,TERRON(BAJO BAUDÓ - CHOCÓ),2025,2,80.0,35.0,60.0,sábado,2025 Feb 01 01:45:00 PM,24.0
27,CHOCÓ,27099,BOJAYÁ,27099002,LA LOMA DE BOJAYA(BOJAYÁ - CHOCÓ),2025,2,12.398,5.373,60.0,viernes,2025 Feb 14 06:45:00 PM,24.0
27,CHOCÓ,27099,BOJAYÁ,27099005,NAPIPI(BOJAYÁ - CHOCÓ),2025,2,9.01,3.041,60.0,sábado,2025 Feb 22 06:45:00 PM,24.0
27,CHOCÓ,27099,BOJAYÁ,27099012,POGUE(BOJAYÁ - CHOCÓ),2025,2,0.0,0.0,60.0,Sin Registro,Sin Registro,0.0
27,CHOCÓ,27099,BOJAYÁ,27099030,PIEDRA CANDELA(BOJAYÁ - CHOCÓ),2025,2,7.409,3.118,60.0,sábado,2025 Feb 01 08:00:00 PM,24.0
27,CHOCÓ,27099,BOJAYÁ,27099905,CHANO(BOJAYÁ - CHOCÓ),2025,2,773.0,30.0,60.0,viernes,2025 Feb 07 08:15:00 PM,24.0
27,CHOCÓ,27250,EL LITORAL DEL SAN JUAN,27250000,SANTA GENOVEVA DE DOCORDO(EL LITORAL DEL SAN JUAN - CHOCÓ),2025,2,84.098,41.169,60.0,miércoles,2025 Feb 19 07:45:00 PM,24.0
27,CHOCÓ,27250,EL LITORAL DEL SAN JUAN,27250023,PAPAYO(EL LITORAL DEL SAN JUAN - CHOCÓ),2025,2,1.879,668.0,60.0,sábado,2025 Feb 15 07:00:00 PM,24.0
27,CHOCÓ,27361,ISTMINA,27361023,POTEDÓ(ISTMINA - CHOCÓ),2025,2,0.0,0.0,60.0,Sin Registro,Sin Registro,0.0
27,CHOCÓ,27361,ISTMINA,27361048,UNION CHOCO(ISTMINA - CHOCÓ),2025,2,0.0,0.0,60.0,Sin Registro,Sin Registro,0.0
27,CHOCÓ,27372,JURADO,27372000,JURADO(JURADO - CHOCÓ),2025,2,173.888,57.746,60.0,jueves,2025 Feb 06 07:00:00 PM,24.0
27,CHOCÓ,27372,JURADO,27372901,SANTA TERESITA(JURADO - CHOCÓ),2025,2,1.321,9.0,60.0,domingo,2025 Feb 16 10:45:00 AM,24.0
27,CHOCÓ,27372,JURADO,27372902,BUENAVISTA(JURADO - CHOCÓ),2025,2,1.123,333.0,60.0,martes,2025 Feb 18 06:45:00 PM,24.0
27,CHOCÓ,27372,JURADO,27372905,DICHARDI(JURADO - CHOCÓ),2025,2,805.0,552.0,60.0,viernes,2025 Feb 21 06:45:00 PM,24.0
27,CHOCÓ,27372,JURADO,27372907,EYASAKE(JURADO - CHOCÓ),2025,2,2.707,1.315,60.0,domingo,2025 Feb 09 05:00:00 PM,24.0
27,CHOCÓ,27372,JURADO,27372930,DOS BOCAS(JURADO - CHOCÓ),2025,2,0.0,0.0,60.0,Sin Registro,Sin Registro,0.0
27,CHOCÓ,27425,MEDIO ATRATO,27425000,BETE(MEDIO ATRATO - CHOCÓ),2025,2,8.692,3.605,80.0,domingo,2025 Feb 02 08:00:00 PM,24.0
27,CHOCÓ,27425,MEDIO ATRATO,27425008,SAN ROQUE(MEDIO ATRATO - CHOCÓ),2025,2,505.0,244.0,60.0,martes,2025 Feb 04 07:30:00 PM,24.0
27,CHOCÓ,27491,NOVITA,27491004,JUNTAS DE TAMANA(NOVITA - CHOCÓ),2025,2,0.0,0.0,60.0,Sin Registro,Sin Registro,0.0
27,CHOCÓ,27495,NUQUÍ,27495000,NUQUÍ(NUQUÍ - CHOCÓ),2025,2,273.998,86.216,60.0,jueves,2025 Feb 13 07:45:00 PM,24.0
27,CHOCÓ,27495,NUQUÍ,27495001,ARUSI(NUQUÍ - CHOCÓ),2025,2,21.101,8.248,60.0,jueves,2025 Feb 27 07:15:00 PM,24.0
27,CHOCÓ,27495,NUQUÍ,27495003,JURUBIRA(NUQUÍ - CHOCÓ),2025,2,0.0,0.0,60.0,Sin Registro,Sin Registro,0.0
27,CHOCÓ,27495,NUQUÍ,27495008,JOVI(NUQUÍ - CHOCÓ),2025,2,7.443,2.864,60.0,lunes,2025 Feb 10 07:45:00 PM,24.0
27,CHOCÓ,27495,NUQUÍ,27495010,TERMALES(NUQUÍ - CHOCÓ),2025,2,8.257,4.097,60.0,viernes,2025 Feb 14 08:00:00 PM,24.0
27,CHOCÓ,27495,NUQUÍ,27495011,COMUNIDAD DE PUERTO JAGUA(NUQUÍ - CHOCÓ),2025,2,838.0,289.0,60.0,domingo,2025 Feb 16 07:45:00 PM,24.0
27,CHOCÓ,27495,NUQUÍ,27495012,COMUNIDAD INDIG. PUERTO INDIO(NUQUÍ - CHOCÓ),2025,2,0.0,0.0,60.0,Sin Registro,Sin Registro,0.0
27,CHOCÓ,27495,NUQUÍ,27495910,COMUNIDAD INDIG. DE RIO NUQUÍ(NUQUÍ - CHOCÓ),2025,2,738.0,154.0,60.0,martes,2025 Feb 18 09:00:00 PM,24.0
27,CHOCÓ,27495,NUQUÍ,27495912,COMUNIDAD INDÍGENA DE PANGUI - EL YUCAL(NUQUÍ - CHOCÓ),2025,2,7.503,1.796,60.0,sábado,2025 Feb 08 04:15:00 PM,24.0
27,CHOCÓ,27600,RIO QUITO,27600001,BOCA DE APARTADO(RIO QUITO - CHOCÓ),2025,2,160.0,69.0,60.0,viernes,2025 Feb 28 07:30:00 PM,24.0
27,CHOCÓ,27615,RIOSUCIO,27615011,SAN JOSE TAMBORAL(RIOSUCIO - CHOCÓ),2025,2,0.0,0.0,60.0,Sin Registro,Sin Registro,0.0
27,CHOCÓ,27800,UNGUÍA,27800000,UNGUÍA(UNGUÍA - CHOCÓ),2025,2,439.068,137.718,60.0,miércoles,2025 Feb 12 09:15:00 PM,24.0
27,CHOCÓ,27800,UNGUÍA,27800001,BALBOA(UNGUÍA - CHOCÓ),2025,2,24.813,9.328,60.0,martes,2025 Feb 11 07:45:00 PM,24.0
27,CHOCÓ,27800,UNGUÍA,27800005,TITUMATE(UNGUÍA - CHOCÓ),2025,2,14.149,2.895,60.0,martes,2025 Feb 04 09:15:00 PM,24.0
44,LA GUAJIRA,44847,URIBIA,44847003,CABO DE LA VELA(URIBIA - LA GUAJIRA),2025,2,4.417,404.0,60.0,martes,2025 Feb 25 08:30:00 PM,24.0
44,LA GUAJIRA,44847,URIBIA,44847012,NAZARETH(URIBIA - LA GUAJIRA),2025,2,30.237,7.062,60.0,miércoles,2025 Feb 19 06:45:00 PM,24.0
47,MAGDALENA,47189,CIÉNAGA,47189018,PALMOR(CIÉNAGA - MAGDALENA),2025,2,98.016,34.33,60.0,sábado,2025 Feb 01 06:45:00 PM,24.0
50,META,50325,MAPIRIPAN,50325000,MAPIRIPAN(MAPIRIPAN - META),2025,2,176.906,58.075,60.0,miércoles,2025 Feb 26 04:30:00 PM,24.0
52,NARIÑO,52250,EL CHARCO,52250005,LAS MERCEDES(EL CHARCO - NARIÑO),2025,2,0.0,0.0,60.0,Sin Registro,Sin Registro,0.0
52,NARIÑO,52250,EL CHARCO,52250007,SAN JOSE DEL TAPAJE(EL CHARCO - NARIÑO),2025,2,5.832,1.308,56.0,viernes,2025 Feb 07 06:15:00 PM,24.0
52,NARIÑO,52250,EL CHARCO,52250016,ALTERON - URIBE URIBE(EL CHARCO - NARIÑO),2025,2,1.017,626.0,60.0,miércoles,2025 Feb 26 07:30:00 PM,24.0
52,NARIÑO,52250,EL CHARCO,52250022,EL CUIL PUEBLO NUEVO(EL CHARCO - NARIÑO),2025,2,2.933,1.328,60.0,sábado,2025 Feb 22 07:00:00 PM,24.0
52,NARIÑO,52390,LA TOLA,52390003,LA VIGIA DE LA MAR(LA TOLA - NARIÑO),2025,2,4.388,2.798,60.0,miércoles,2025 Feb 19 06:45:00 PM,24.0
52,NARIÑO,52390,LA TOLA,52390005,AGUACATAL(LA TOLA - NARIÑO),2025,2,2.501,568.0,60.0,lunes,2025 Feb 10 07:45:00 PM,24.0
52,NARIÑO,52390,LA TOLA,52390009,MULATOS(LA TOLA - NARIÑO),2025,2,3.719,1.831,60.0,sábado,2025 Feb 15 04:45:00 PM,24.0
52,NARIÑO,52390,LA TOLA,52390013,AMARALES(LA TOLA - NARIÑO),2025,2,6.548,2.761,60.0,lunes,2025 Feb 10 07:30:00 PM,24.0
52,NARIÑO,52390,LA TOLA,52390016,SAN PABLO DEL MAR(LA TOLA - NARIÑO),2025,2,4.541,1.405,60.0,domingo,2025 Feb 16 07:00:00 PM,24.0
52,NARIÑO,52473,MOSQUERA,52473010,EL BAJITO DE ECHANDIA(MOSQUERA - NARIÑO),2025,2,0.0,0.0,60.0,Sin Registro,Sin Registro,0.0
52,NARIÑO,52490,OLAYA HERRERA,52490913,BOCA DE PRIETA(OLAYA HERRERA - NARIÑO),2025,2,642.0,232.0,60.0,viernes,2025 Feb 07 04:45:00 PM,24.0
52,NARIÑO,52621,ROBERTO PAYAN,52621912,TAMAJE(ROBERTO PAYAN - NARIÑO),2025,2,5.024,1.963,60.0,sábado,2025 Feb 01 07:15:00 PM,24.0
52,NARIÑO,52696,SANTA BÁRBARA,52696014,LA ENSENADA(SANTA BÁRBARA - NARIÑO),2025,2,2.922,1.538,60.0,martes,2025 Feb 25 07:30:00 PM,24.0
52,NARIÑO,52696,SANTA BÁRBARA,52696017,SANTA RITA(SANTA BÁRBARA - NARIÑO),2025,2,296.0,153.0,60.0,domingo,2025 Feb 02 08:15:00 PM,24.0
52,NARIÑO,52835,SAN ANDRÉS DE TUMACO,52835055,BOCAS DE CURAY(SAN ANDRÉS DE TUMACO - NARIÑO),2025,2,6.07,2.134,60.0,miércoles,2025 Feb 05 07:15:00 PM,24.0
52,NARIÑO,52835,SAN ANDRÉS DE TUMACO,52835217,SAN JUAN DE LA COSTA(SAN ANDRÉS DE TUMACO - NARIÑO),2025,2,22.148,8.394,60.0,lunes,2025 Feb 24 07:15:00 PM,24.0
76,VALLE DEL CAUCA,76109,BUENAVENTURA,76109011,PASTICO(BUENAVENTURA - VALLE DEL CAUCA),2025,2,3.232,1.323,60.0,domingo,2025 Feb 23 01:45:00 PM,24.0
76,VALLE DEL CAUCA,76109,BUENAVENTURA,76109018,CONCEPCION(BUENAVENTURA - VALLE DEL CAUCA),2025,2,0.0,0.0,60.0,Sin Registro,Sin Registro,0.0
5,ANTIOQUIA,5873,VIGÍA DEL FUERTE,5873910,PUERTO MEDELLÍN,2026,1,1.595,651.0,130.536,viernes,2026 Jan 09 06:00:00 PM,722.0
76,VALLE DEL CAUCA,76109,BUENAVENTURA,76109028,PUERTO MERIZALDE(BUENAVENTURA - VALLE DEL CAUCA),2025,2,79.358,27.491,60.0,miércoles,2025 Feb 19 08:00:00 PM,24.0
76,VALLE DEL CAUCA,76109,BUENAVENTURA,76109030,PUNTA SOLDADO(BUENAVENTURA - VALLE DEL CAUCA),2025,2,8.296,2.865,60.0,domingo,2025 Feb 16 06:30:00 PM,24.0
76,VALLE DEL CAUCA,76109,BUENAVENTURA,76109032,SAN FRANCISCO NAYA(BUENAVENTURA - VALLE DEL CAUCA),2025,2,6.789,2.755,60.0,domingo,2025 Feb 23 11:30:00 AM,24.0
76,VALLE DEL CAUCA,76109,BUENAVENTURA,76109034,SAN ISIDRO - CALIMA(BUENAVENTURA - VALLE DEL CAUCA),2025,2,19.168,3.767,60.0,jueves,2025 Feb 20 07:00:00 PM,24.0
76,VALLE DEL CAUCA,76109,BUENAVENTURA,76109040,VENERAL(BUENAVENTURA - VALLE DEL CAUCA),2025,2,3.936,406.0,60.0,jueves,2025 Feb 13 08:00:00 PM,24.0
76,VALLE DEL CAUCA,76109,BUENAVENTURA,76109069,PAPAYAL 1(BUENAVENTURA - VALLE DEL CAUCA),2025,2,8.952,1.51,60.0,jueves,2025 Feb 13 07:30:00 PM,24.0
76,VALLE DEL CAUCA,76109,BUENAVENTURA,76109081,PUNTA BONITA(BUENAVENTURA - VALLE DEL CAUCA),2025,2,5.169,3.216,60.0,sábado,2025 Feb 08 05:45:00 PM,24.0
76,VALLE DEL CAUCA,76109,BUENAVENTURA,76109105,PITAL(BUENAVENTURA - VALLE DEL CAUCA),2025,2,2.89,600.0,60.0,sábado,2025 Feb 01 06:00:00 PM,24.0
76,VALLE DEL CAUCA,76109,BUENAVENTURA,76109863,SAN ANTONIO (BUENAVENTURA - VALLE DEL CAUCA),2025,2,1.623,377.0,60.0,miércoles,2025 Feb 12 03:45:00 PM,24.0
76,VALLE DEL CAUCA,76109,BUENAVENTURA,76109904,SAN ANTONIO (RIO CAJAMBRE)(BUENAVENTURA - VALLE DEL CAUCA),2025,2,4.317,1.296,60.0,jueves,2025 Feb 06 11:15:00 AM,24.0
76,VALLE DEL CAUCA,76109,BUENAVENTURA,76109913,MAYORQUIN(BUENAVENTURA - VALLE DEL CAUCA),2025,2,2.737,1.152,60.0,domingo,2025 Feb 09 08:30:00 PM,24.0
76,VALLE DEL CAUCA,76109,BUENAVENTURA,76109930,GALVEZ(BUENAVENTURA - VALLE DEL CAUCA),2025,2,4.253,750.0,60.0,sábado,2025 Feb 22 08:00:00 PM,24.0
76,VALLE DEL CAUCA,76109,BUENAVENTURA,76109957,HUMANES MAR(BUENAVENTURA - VALLE DEL CAUCA),2025,2,1.336,153.0,60.0,sábado,2025 Feb 01 11:00:00 AM,24.0
86,PUTUMAYO,86573,PUERTO LEGUIZAMO,86573000,PUERTO LEGUIZAMO(PUERTO LEGUIZAMO - PUTUMAYO),2025,2,880.009,247.118,60.0,miércoles,2025 Feb 05 03:00:00 PM,24.0
86,PUTUMAYO,86573,PUERTO LEGUIZAMO,86573009,PIÑUÑA NEGRO(PUERTO LEGUIZAMO - PUTUMAYO),2025,2,4.325,2.474,60.0,domingo,2025 Feb 16 05:15:00 PM,24.0
88,ARCHIPIÉLAGO DE SAN ANDRÉS y PROVIDENCIA,88001,SAN ANDRÉS,88001000,SAN ANDRÉS(SAN ANDRÉS - ARCHIPIÉLAGO DE SAN ANDRÉS y PROVIDENCIA ),2025,2,10.326,8.475,60.0,viernes,2025 Feb 28 04:15:00 PM,24.0
88,ARCHIPIÉLAGO DE SAN ANDRÉS y PROVIDENCIA,88564,PROVIDENCIA,88564000,PROVIDENCIA(PROVIDENCIA - ARCHIPIÉLAGO DE SAN ANDRÉS y PROVIDENCIA ),2025,2,10.326,203.998,60.0,viernes,2025 Feb 28 03:00:00 PM,24.0
91,AMAZONAS,91001,LETICIA,91001000,LETICIA(LETICIA - AMAZONAS),2025,2,10.326,845.293,60.0,martes,2025 Feb 04 03:45:00 PM,24.0
91,AMAZONAS,91540,PUERTO NARIÑO,91540000,PUERTO NARIÑO(PUERTO NARIÑO - AMAZONAS),2025,2,116.955,36.836,60.0,martes,2025 Feb 04 02:30:00 PM,24.0
91,AMAZONAS,91798,TARAPACA (ANM),91798000,TARAPACA(TARAPACA (ANM) - AMAZONAS),2025,2,22.861,10.287,60.0,miércoles,2025 Feb 19 08:00:00 PM,24.0
94,GUAINÍA,94001,INÍRIDA,94001000,INÍRIDA(INÍRIDA - GUAINÍA),2025,2,10.326,594.152,60.0,miércoles,2025 Feb 26 02:45:00 PM,24.0
94,GUAINÍA,94001,INÍRIDA,94001905,CHORRO BOCON(INÍRIDA - GUAINÍA),2025,2,4.79,7.0,60.0,jueves,2025 Feb 27 08:00:00 PM,24.0
94,GUAINÍA,94001,INÍRIDA,94001916,VENADO(INÍRIDA - GUAINÍA),2025,2,2.918,681.0,60.0,miércoles,2025 Feb 26 07:00:00 PM,24.0
94,GUAINÍA,94001,INÍRIDA,94001966,LAGUNA COLORADA ALTA(INÍRIDA - GUAINÍA),2025,2,8.569,329.0,60.0,lunes,2025 Feb 17 08:00:00 PM,24.0
94,GUAINÍA,94343,BARRANCO MINAS,94343900,CARPINTERO(BARRANCO MINAS - GUAINÍA),2025,2,1.382,596.0,60.0,sábado,2025 Feb 15 06:30:00 PM,24.0
94,GUAINÍA,94343,BARRANCO MINAS,94343901,CHATARE(BARRANCO MINAS - GUAINÍA),2025,2,1.773,238.0,60.0,sábado,2025 Feb 08 07:15:00 PM,24.0
95,GUAVIARE,95001,SAN JOSÉ DEL GUAVIARE,95001012,CACHICAMO(SAN JOSÉ DEL GUAVIARE - GUAVIARE),2025,2,10.295,4.35,60.0,domingo,2025 Feb 16 07:30:00 PM,24.0
95,GUAVIARE,95200,MIRAFLORES,95200000,MIRAFLORES(MIRAFLORES - GUAVIARE),2025,2,112.669,18.241,60.0,sábado,2025 Feb 15 06:45:00 PM,24.0
97,VAUPÉS,97001,MITÚ,97001000,MITÚ(MITÚ - VAUPÉS),2025,2,10.326,342.875,60.0,miércoles,2025 Feb 26 11:15:00 AM,24.0
97,VAUPÉS,97161,CARURÚ,97161000,CARURÚ(CARURÚ - VAUPÉS),2025,2,34.419,5.586,60.0,martes,2025 Feb 25 06:15:00 PM,24.0
97,VAUPÉS,97666,TARAIRA,97666000,TARAIRA(TARAIRA - VAUPÉS),2025,2,34.97,9.325,60.0,lunes,2025 Feb 24 07:15:00 PM,24.0
99,VICHADA,99001,PUERTO CARREÑO,99001000,PUERTO CARREÑO(PUERTO CARREÑO - VICHADA),2025,2,10.326,701.498,60.0,miércoles,2025 Feb 26 01:45:00 PM,24.0
99,VICHADA,99773,CUMARIBO,99773000,CUMARIBO(CUMARIBO - VICHADA),2025,2,381.265,137.958,60.0,lunes,2025 Feb 17 02:45:00 PM,24.0
5,ANTIOQUIA,5873,VIGÍA DEL FUERTE,5873001,SAN ANTONIO DE PADUA(VIGÍA DEL FUERTE - ANTIOQUIA),2025,3,7.102,0.0,60.0,martes,2025 Mar 18 06:45:00 PM,24.0
5,ANTIOQUIA,5873,VIGÍA DEL FUERTE,5873005,SAN MIGUEL(VIGÍA DEL FUERTE - ANTIOQUIA),2025,3,2.976,1.413,60.0,miércoles,2025 Mar 19 07:30:00 PM,24.0
5,ANTIOQUIA,5873,VIGÍA DEL FUERTE,5873010,LA PLAYA MURRI (VIGÍA DEL FUERTE - ANTIOQUIA),2025,3,1.324,484.0,60.0,sábado,2025 Mar 01 07:45:00 PM,24.0
5,ANTIOQUIA,5873,VIGÍA DEL FUERTE,5873013,LOMA MURRI(VIGÍA DEL FUERTE - ANTIOQUIA),2025,3,4.261,1.47,60.0,sábado,2025 Mar 08 07:30:00 PM,24.0
5,ANTIOQUIA,5873,VIGÍA DEL FUERTE,5873910,PUERTO MEDELLÍN(VIGÍA DEL FUERTE - ANTIOQUIA),2025,3,1.965,718.0,60.0,miércoles,2025 Mar 12 11:15:00 AM,24.0
5,ANTIOQUIA,5873,VIGÍA DEL FUERTE,5873913,JARAPETO (RESGUARDO INDÍGENA)(VIGÍA DEL FUERTE - ANTIOQUIA),2025,3,111.0,71.0,60.0,lunes,2025 Mar 03 03:45:00 PM,24.0
13,BOLÍVAR,13001,CARTAGENA DE INDIAS,13001017,SANTA CRUZ DEL ISLOTE(CARTAGENA DE INDIAS - BOLÍVAR),2025,3,13.103,3.556,60.0,viernes,2025 Mar 28 10:00:00 PM,24.0
27,CHOCÓ,27372,JURADO,27372901,SANTA TERESITA,2026,1,549.0,109.0,7.014,viernes,2026 Jan 30 11:45:00 AM,578.0
13,BOLÍVAR,13001,CARTAGENA DE INDIAS,13001037,ISLA MUCURA(CARTAGENA DE INDIAS - BOLÍVAR),2025,3,5.606,1.821,60.0,jueves,2025 Mar 06 10:45:00 PM,24.0
18,CAQUETÁ,18150,CARTAGENA DEL CHAIRA,18150001,REMOLINO DEL CAGUAN(CARTAGENA DEL CHAIRA - CAQUETÁ),2025,3,14.642,5.971,60.0,martes,2025 Mar 25 07:00:00 PM,24.0
18,CAQUETÁ,18150,CARTAGENA DEL CHAIRA,18150002,SANTA FE DEL CAGUAN(CARTAGENA DEL CHAIRA - CAQUETÁ),2025,3,3.28,1.301,60.0,viernes,2025 Mar 21 06:30:00 PM,24.0
18,CAQUETÁ,18753,SAN VICENTE DEL CAGUÁN,18753002,GUACAMAYAS(SAN VICENTE DEL CAGUÁN - CAQUETÁ),2025,3,12.786,4.12,60.0,miércoles,2025 Mar 26 07:45:00 PM,24.0
18,CAQUETÁ,18753,SAN VICENTE DEL CAGUÁN,18753009,PUERTO BETANIA(SAN VICENTE DEL CAGUÁN - CAQUETÁ),2025,3,5.75,1.886,60.0,jueves,2025 Mar 27 07:00:00 PM,24.0
18,CAQUETÁ,18753,SAN VICENTE DEL CAGUÁN,18753012,SANTA ROSA(SAN VICENTE DEL CAGUÁN - CAQUETÁ),2025,3,2.68,1.135,60.0,lunes,2025 Mar 10 03:45:00 PM,24.0
18,CAQUETÁ,18753,SAN VICENTE DEL CAGUÁN,18753033,VILLA LOBOS(SAN VICENTE DEL CAGUÁN - CAQUETÁ),2025,3,6.258,2.236,60.0,jueves,2025 Mar 20 07:00:00 PM,24.0
19,CAUCA,19318,GUAPI,19318008,LIMONES(GUAPI - CAUCA),2025,3,8.446,4.615,60.0,martes,2025 Mar 25 07:30:00 PM,24.0
19,CAUCA,19318,GUAPI,19318013,SAN ANTONIO DE GUAJUI(GUAPI - CAUCA),2025,3,10.491,5.756,60.0,domingo,2025 Mar 30 07:15:00 PM,24.0
19,CAUCA,19418,LÓPEZ DE MICAY,19418009,NOANAMITO(LÓPEZ DE MICAY - CAUCA),2025,3,5.602,2.55,44.0,martes,2025 Mar 11 07:00:00 PM,24.0
19,CAUCA,19418,LÓPEZ DE MICAY,19418033,BOCA GRANDE(LÓPEZ DE MICAY - CAUCA),2025,3,4.066,1.229,60.0,sábado,2025 Mar 01 08:30:00 PM,24.0
19,CAUCA,19809,TIMBIQUÍ,19809003,COTEJE(TIMBIQUÍ - CAUCA),2025,3,5.267,3.94,60.0,domingo,2025 Mar 02 08:00:00 PM,24.0
19,CAUCA,19809,TIMBIQUÍ,19809007,SAN JOSE(TIMBIQUÍ - CAUCA),2025,3,6.401,3.606,60.0,martes,2025 Mar 04 07:00:00 PM,24.0
19,CAUCA,19809,TIMBIQUÍ,19809009,SANTA ROSA DE SAIJA(TIMBIQUÍ - CAUCA),2025,3,3.526,1.034,60.0,martes,2025 Mar 25 07:15:00 PM,24.0
19,CAUCA,19809,TIMBIQUÍ,19809010,COMUNIDAD DE CHETE(TIMBIQUÍ - CAUCA),2025,3,4.846,1.834,60.0,lunes,2025 Mar 24 07:15:00 PM,24.0
19,CAUCA,19809,TIMBIQUÍ,19809014,CHACON(TIMBIQUÍ - CAUCA),2025,3,3.487,518.0,60.0,jueves,2025 Mar 20 07:00:00 PM,24.0
27,CHOCÓ,27001,QUIBDÓ,27001029,TAGACHI(QUIBDÓ - CHOCÓ),2025,3,2.365,771.0,60.0,sábado,2025 Mar 29 07:45:00 PM,24.0
27,CHOCÓ,27006,ACANDÍ,27006000,ACANDÍ(ACANDÍ - CHOCÓ),2025,3,658.858,180.822,60.0,lunes,2025 Mar 24 09:45:00 PM,24.0
27,CHOCÓ,27006,ACANDÍ,27006007,SAN FRANCISCO(ACANDÍ - CHOCÓ),2025,3,23.506,9.416,60.0,domingo,2025 Mar 23 07:30:00 PM,24.0
27,CHOCÓ,27025,ALTO BAUDO,27025000,CIUDAD BAUDO - PIE DE PATO(ALTO BAUDO - CHOCÓ),2025,3,54.383,18.389,60.0,sábado,2025 Mar 08 12:00:00 PM,24.0
27,CHOCÓ,27025,ALTO BAUDO,27025033,MIACORA(ALTO BAUDO - CHOCÓ),2025,3,116.0,1.0,60.0,sábado,2025 Mar 15 07:15:00 PM,24.0
27,CHOCÓ,27025,ALTO BAUDO,27025035,PUERTO ALEGRE(ALTO BAUDO - CHOCÓ),2025,3,1.059,328.0,60.0,domingo,2025 Mar 09 04:30:00 PM,24.0
27,CHOCÓ,27025,ALTO BAUDO,27025920,EL MORRO(ALTO BAUDO - CHOCÓ),2025,3,597.0,147.0,60.0,jueves,2025 Mar 06 06:15:00 PM,24.0
27,CHOCÓ,27025,ALTO BAUDO,27025937,VILLA CECILIA(ALTO BAUDO - CHOCÓ),2025,3,322.0,102.0,60.0,martes,2025 Mar 18 04:00:00 PM,24.0
27,CHOCÓ,27075,BAHÍA SOLANO,27075000,CIUDAD MUTIS(BAHÍA SOLANO - CHOCÓ),2025,3,895.959,243.273,60.0,sábado,2025 Mar 29 08:45:00 PM,24.0
27,CHOCÓ,27075,BAHÍA SOLANO,27075001,CUPICA(BAHÍA SOLANO - CHOCÓ),2025,3,70.483,22.22,60.0,sábado,2025 Mar 22 07:45:00 PM,24.0
27,CHOCÓ,27077,BAJO BAUDÓ,27077000,PIZARRO(BAJO BAUDÓ - CHOCÓ),2025,3,197.456,72.025,60.0,martes,2025 Mar 18 01:00:00 PM,24.0
27,CHOCÓ,27077,BAJO BAUDÓ,27077002,BELEN DE DOCAMPADO(BAJO BAUDÓ - CHOCÓ),2025,3,8.725,2.761,60.0,sábado,2025 Mar 08 11:00:00 AM,24.0
27,CHOCÓ,27077,BAJO BAUDÓ,27077008,ORPUA(BAJO BAUDÓ - CHOCÓ),2025,3,450.0,423.0,60.0,lunes,2025 Mar 24 07:00:00 PM,24.0
27,CHOCÓ,27077,BAJO BAUDÓ,27077011,PILIZA - BELLAVISTA - VILLA LUZ(BAJO BAUDÓ - CHOCÓ),2025,3,3.046,711.0,60.0,lunes,2025 Mar 03 06:45:00 PM,24.0
27,CHOCÓ,27077,BAJO BAUDÓ,27077016,SIVIRU(BAJO BAUDÓ - CHOCÓ),2025,3,5.426,2.311,60.0,viernes,2025 Mar 21 07:15:00 PM,24.0
27,CHOCÓ,27077,BAJO BAUDÓ,27077019,VIRUDO(BAJO BAUDÓ - CHOCÓ),2025,3,6.775,3.172,60.0,viernes,2025 Mar 14 08:15:00 PM,24.0
27,CHOCÓ,27077,BAJO BAUDÓ,27077026,GUINEAL(BAJO BAUDÓ - CHOCÓ),2025,3,3.393,3.938,60.0,lunes,2025 Mar 31 06:45:00 PM,24.0
27,CHOCÓ,27077,BAJO BAUDÓ,27077029,FIRME DE USARGA(BAJO BAUDÓ - CHOCÓ),2025,3,0.0,0.0,60.0,Sin Registro,Sin Registro,0.0
27,CHOCÓ,27077,BAJO BAUDÓ,27077905,BUENAVISTA(BAJO BAUDÓ - CHOCÓ),2025,3,2.966,989.0,60.0,domingo,2025 Mar 02 05:45:00 PM,24.0
27,CHOCÓ,27077,BAJO BAUDÓ,27077911,PLAYA NUEVA(BAJO BAUDÓ - CHOCÓ),2025,3,3.317,1.368,60.0,sábado,2025 Mar 08 10:30:00 AM,24.0
27,CHOCÓ,27077,BAJO BAUDÓ,27077916,TERRON(BAJO BAUDÓ - CHOCÓ),2025,3,619.0,598.0,60.0,jueves,2025 Mar 20 07:45:00 PM,24.0
27,CHOCÓ,27099,BOJAYÁ,27099000,BELLAVISTA(BOJAYÁ - CHOCÓ),2025,3,118.219,44.005,60.0,sábado,2025 Mar 15 07:00:00 PM,24.0
27,CHOCÓ,27099,BOJAYÁ,27099002,LA LOMA DE BOJAYA(BOJAYÁ - CHOCÓ),2025,3,14.014,6.032,60.0,sábado,2025 Mar 01 06:30:00 PM,24.0
27,CHOCÓ,27099,BOJAYÁ,27099005,NAPIPI(BOJAYÁ - CHOCÓ),2025,3,6.374,2.209,60.0,jueves,2025 Mar 06 03:45:00 PM,24.0
27,CHOCÓ,27099,BOJAYÁ,27099012,POGUE(BOJAYÁ - CHOCÓ),2025,3,2.743,1.382,60.0,sábado,2025 Mar 15 11:45:00 AM,24.0
27,CHOCÓ,27099,BOJAYÁ,27099030,PIEDRA CANDELA(BOJAYÁ - CHOCÓ),2025,3,8.011,3.425,60.0,viernes,2025 Mar 14 04:15:00 PM,24.0
27,CHOCÓ,27099,BOJAYÁ,27099905,CHANO(BOJAYÁ - CHOCÓ),2025,3,767.0,35.0,60.0,miércoles,2025 Mar 26 07:45:00 PM,24.0
27,CHOCÓ,27250,EL LITORAL DEL SAN JUAN,27250000,SANTA GENOVEVA DE DOCORDO(EL LITORAL DEL SAN JUAN - CHOCÓ),2025,3,95.006,45.945,60.0,sábado,2025 Mar 22 11:30:00 AM,24.0
27,CHOCÓ,27250,EL LITORAL DEL SAN JUAN,27250023,PAPAYO(EL LITORAL DEL SAN JUAN - CHOCÓ),2025,3,0.0,0.0,60.0,Sin Registro,Sin Registro,0.0
27,CHOCÓ,27361,ISTMINA,27361023,POTEDÓ(ISTMINA - CHOCÓ),2025,3,0.0,0.0,60.0,Sin Registro,Sin Registro,0.0
27,CHOCÓ,27361,ISTMINA,27361048,UNION CHOCO(ISTMINA - CHOCÓ),2025,3,751.0,303.0,60.0,lunes,2025 Mar 31 06:30:00 PM,24.0
27,CHOCÓ,27372,JURADO,27372000,JURADO(JURADO - CHOCÓ),2025,3,197.515,65.371,360.0,sábado,2025 Mar 29 07:30:00 PM,24.0
27,CHOCÓ,27372,JURADO,27372901,SANTA TERESITA(JURADO - CHOCÓ),2025,3,2.883,21.0,60.0,viernes,2025 Mar 07 07:30:00 PM,24.0
27,CHOCÓ,27372,JURADO,27372902,BUENAVISTA(JURADO - CHOCÓ),2025,3,1.545,436.0,60.0,lunes,2025 Mar 31 07:00:00 PM,24.0
27,CHOCÓ,27372,JURADO,27372905,DICHARDI(JURADO - CHOCÓ),2025,3,2.048,1.831,60.0,domingo,2025 Mar 09 06:30:00 AM,24.0
27,CHOCÓ,27372,JURADO,27372907,EYASAKE(JURADO - CHOCÓ),2025,3,5.978,2.559,60.0,sábado,2025 Mar 15 08:00:00 AM,24.0
27,CHOCÓ,27372,JURADO,27372930,DOS BOCAS(JURADO - CHOCÓ),2025,3,634.0,288.0,60.0,miércoles,2025 Mar 19 07:45:00 PM,24.0
27,CHOCÓ,27425,MEDIO ATRATO,27425000,BETE(MEDIO ATRATO - CHOCÓ),2025,3,11.295,4.498,100.0,miércoles,2025 Mar 26 07:15:00 PM,24.0
27,CHOCÓ,27425,MEDIO ATRATO,27425008,SAN ROQUE(MEDIO ATRATO - CHOCÓ),2025,3,1.152,580.0,60.0,domingo,2025 Mar 16 07:00:00 PM,24.0
27,CHOCÓ,27491,NOVITA,27491004,JUNTAS DE TAMANA(NOVITA - CHOCÓ),2025,3,0.0,0.0,60.0,Sin Registro,Sin Registro,0.0
27,CHOCÓ,27495,NUQUÍ,27495000,NUQUÍ(NUQUÍ - CHOCÓ),2025,3,304.872,96.692,60.0,martes,2025 Mar 25 07:15:00 PM,24.0
27,CHOCÓ,27495,NUQUÍ,27495001,ARUSI(NUQUÍ - CHOCÓ),2025,3,23.912,10.51,60.0,sábado,2025 Mar 29 02:00:00 PM,24.0
27,CHOCÓ,27495,NUQUÍ,27495003,JURUBIRA(NUQUÍ - CHOCÓ),2025,3,12.301,4.542,60.0,sábado,2025 Mar 29 07:30:00 PM,24.0
27,CHOCÓ,27495,NUQUÍ,27495008,JOVI(NUQUÍ - CHOCÓ),2025,3,8.108,3.161,60.0,lunes,2025 Mar 31 08:15:00 PM,24.0
27,CHOCÓ,27495,NUQUÍ,27495010,TERMALES(NUQUÍ - CHOCÓ),2025,3,7.524,3.867,60.0,sábado,2025 Mar 29 02:30:00 PM,24.0
27,CHOCÓ,27495,NUQUÍ,27495011,COMUNIDAD DE PUERTO JAGUA(NUQUÍ - CHOCÓ),2025,3,1.101,371.0,60.0,jueves,2025 Mar 20 07:00:00 PM,24.0
27,CHOCÓ,27495,NUQUÍ,27495012,COMUNIDAD INDIG. PUERTO INDIO(NUQUÍ - CHOCÓ),2025,3,0.0,0.0,60.0,Sin Registro,Sin Registro,0.0
27,CHOCÓ,27495,NUQUÍ,27495910,COMUNIDAD INDIG. DE RIO NUQUÍ(NUQUÍ - CHOCÓ),2025,3,816.0,149.0,60.0,viernes,2025 Mar 28 07:15:00 PM,24.0
27,CHOCÓ,27495,NUQUÍ,27495912,COMUNIDAD INDÍGENA DE PANGUI - EL YUCAL(NUQUÍ - CHOCÓ),2025,3,6.864,1.81,60.0,domingo,2025 Mar 02 09:45:00 AM,24.0
27,CHOCÓ,27600,RIO QUITO,27600001,BOCA DE APARTADO(RIO QUITO - CHOCÓ),2025,3,464.0,201.0,60.0,domingo,2025 Mar 02 07:30:00 PM,24.0
27,CHOCÓ,27615,RIOSUCIO,27615011,SAN JOSE TAMBORAL(RIOSUCIO - CHOCÓ),2025,3,0.0,0.0,60.0,Sin Registro,Sin Registro,0.0
27,CHOCÓ,27800,UNGUÍA,27800000,UNGUÍA(UNGUÍA - CHOCÓ),2025,3,468.469,148.841,60.0,lunes,2025 Mar 24 09:30:00 PM,24.0
27,CHOCÓ,27800,UNGUÍA,27800001,BALBOA(UNGUÍA - CHOCÓ),2025,3,26.807,9.815,60.0,sábado,2025 Mar 08 08:15:00 PM,24.0
27,CHOCÓ,27800,UNGUÍA,27800005,TITUMATE(UNGUÍA - CHOCÓ),2025,3,15.154,3.268,60.0,lunes,2025 Mar 24 07:45:00 PM,24.0
44,LA GUAJIRA,44847,URIBIA,44847003,CABO DE LA VELA(URIBIA - LA GUAJIRA),2025,3,13.728,1.827,60.0,jueves,2025 Mar 06 08:15:00 PM,24.0
44,LA GUAJIRA,44847,URIBIA,44847012,NAZARETH(URIBIA - LA GUAJIRA),2025,3,35.001,8.022,60.0,lunes,2025 Mar 31 06:15:00 PM,24.0
47,MAGDALENA,47189,CIÉNAGA,47189018,PALMOR(CIÉNAGA - MAGDALENA),2025,3,106.376,35.328,60.0,lunes,2025 Mar 10 12:00:00 PM,24.0
50,META,50325,MAPIRIPAN,50325000,MAPIRIPAN(MAPIRIPAN - META),2025,3,201.633,64.069,60.0,jueves,2025 Mar 27 06:45:00 PM,24.0
52,NARIÑO,52250,EL CHARCO,52250005,LAS MERCEDES(EL CHARCO - NARIÑO),2025,3,0.0,0.0,60.0,Sin Registro,Sin Registro,0.0
52,NARIÑO,52250,EL CHARCO,52250007,SAN JOSE DEL TAPAJE(EL CHARCO - NARIÑO),2025,3,4.394,1.754,32.0,martes,2025 Mar 04 06:00:00 PM,24.0
52,NARIÑO,52250,EL CHARCO,52250016,ALTERON - URIBE URIBE(EL CHARCO - NARIÑO),2025,3,859.0,479.0,60.0,domingo,2025 Mar 16 09:00:00 PM,24.0
52,NARIÑO,52250,EL CHARCO,52250022,EL CUIL PUEBLO NUEVO(EL CHARCO - NARIÑO),2025,3,402.0,189.0,60.0,sábado,2025 Mar 01 08:45:00 PM,24.0
52,NARIÑO,52390,LA TOLA,52390003,LA VIGIA DE LA MAR(LA TOLA - NARIÑO),2025,3,7.093,3.462,60.0,domingo,2025 Mar 02 11:45:00 AM,24.0
52,NARIÑO,52390,LA TOLA,52390005,AGUACATAL(LA TOLA - NARIÑO),2025,3,1.896,401.0,60.0,jueves,2025 Mar 13 08:00:00 PM,24.0
52,NARIÑO,52390,LA TOLA,52390009,MULATOS(LA TOLA - NARIÑO),2025,3,4.437,2.213,60.0,domingo,2025 Mar 23 06:30:00 PM,24.0
52,NARIÑO,52390,LA TOLA,52390013,AMARALES(LA TOLA - NARIÑO),2025,3,6.819,2.462,60.0,miércoles,2025 Mar 12 07:45:00 PM,24.0
52,NARIÑO,52390,LA TOLA,52390016,SAN PABLO DEL MAR(LA TOLA - NARIÑO),2025,3,6.062,1.952,60.0,sábado,2025 Mar 08 07:00:00 PM,24.0
52,NARIÑO,52473,MOSQUERA,52473010,EL BAJITO DE ECHANDIA(MOSQUERA - NARIÑO),2025,3,3.335,1.184,60.0,viernes,2025 Mar 07 07:30:00 PM,24.0
52,NARIÑO,52490,OLAYA HERRERA,52490913,BOCA DE PRIETA(OLAYA HERRERA - NARIÑO),2025,3,325.0,108.0,60.0,miércoles,2025 Mar 05 08:30:00 PM,24.0
52,NARIÑO,52621,ROBERTO PAYAN,52621912,TAMAJE(ROBERTO PAYAN - NARIÑO),2025,3,4.941,1.971,60.0,jueves,2025 Mar 27 07:30:00 PM,24.0
52,NARIÑO,52696,SANTA BÁRBARA,52696014,LA ENSENADA(SANTA BÁRBARA - NARIÑO),2025,3,3.009,1.494,60.0,miércoles,2025 Mar 12 07:15:00 PM,24.0
52,NARIÑO,52696,SANTA BÁRBARA,52696017,SANTA RITA(SANTA BÁRBARA - NARIÑO),2025,3,4.578,2.588,60.0,lunes,2025 Mar 24 08:15:00 PM,24.0
52,NARIÑO,52835,SAN ANDRÉS DE TUMACO,52835055,BOCAS DE CURAY(SAN ANDRÉS DE TUMACO - NARIÑO),2025,3,6.351,2.252,60.0,lunes,2025 Mar 03 06:00:00 PM,24.0
52,NARIÑO,52835,SAN ANDRÉS DE TUMACO,52835217,SAN JUAN DE LA COSTA(SAN ANDRÉS DE TUMACO - NARIÑO),2025,3,12.478,4.386,60.0,viernes,2025 Mar 14 07:00:00 PM,24.0
76,VALLE DEL CAUCA,76109,BUENAVENTURA,76109011,PASTICO(BUENAVENTURA - VALLE DEL CAUCA),2025,3,3.826,1.592,60.0,sábado,2025 Mar 22 07:00:00 PM,24.0
76,VALLE DEL CAUCA,76109,BUENAVENTURA,76109018,CONCEPCION(BUENAVENTURA - VALLE DEL CAUCA),2025,3,0.0,0.0,60.0,Sin Registro,Sin Registro,0.0
76,VALLE DEL CAUCA,76109,BUENAVENTURA,76109028,PUERTO MERIZALDE(BUENAVENTURA - VALLE DEL CAUCA),2025,3,100.946,43.716,60.0,martes,2025 Mar 25 07:15:00 PM,24.0
76,VALLE DEL CAUCA,76109,BUENAVENTURA,76109030,PUNTA SOLDADO(BUENAVENTURA - VALLE DEL CAUCA),2025,3,9.434,2.65,60.0,sábado,2025 Mar 01 06:30:00 PM,24.0
76,VALLE DEL CAUCA,76109,BUENAVENTURA,76109032,SAN FRANCISCO NAYA(BUENAVENTURA - VALLE DEL CAUCA),2025,3,8.254,3.424,60.0,domingo,2025 Mar 16 11:45:00 AM,24.0
76,VALLE DEL CAUCA,76109,BUENAVENTURA,76109034,SAN ISIDRO - CALIMA(BUENAVENTURA - VALLE DEL CAUCA),2025,3,24.109,4.456,60.0,jueves,2025 Mar 13 06:30:00 PM,24.0
76,VALLE DEL CAUCA,76109,BUENAVENTURA,76109040,VENERAL(BUENAVENTURA - VALLE DEL CAUCA),2025,3,6.47,666.0,60.0,lunes,2025 Mar 10 07:15:00 PM,24.0
76,VALLE DEL CAUCA,76109,BUENAVENTURA,76109069,PAPAYAL 1(BUENAVENTURA - VALLE DEL CAUCA),2025,3,9.552,1.599,60.0,jueves,2025 Mar 13 06:45:00 PM,24.0
76,VALLE DEL CAUCA,76109,BUENAVENTURA,76109081,PUNTA BONITA(BUENAVENTURA - VALLE DEL CAUCA),2025,3,5.755,3.634,60.0,lunes,2025 Mar 31 07:00:00 PM,24.0
76,VALLE DEL CAUCA,76109,BUENAVENTURA,76109105,PITAL(BUENAVENTURA - VALLE DEL CAUCA),2025,3,4.047,943.0,60.0,sábado,2025 Mar 29 06:30:00 PM,24.0
76,VALLE DEL CAUCA,76109,BUENAVENTURA,76109817,SANTA MARIA 1 NAYA(BUENAVENTURA - VALLE DEL CAUCA),2025,3,1.624,583.0,60.0,sábado,2025 Mar 15 06:15:00 PM,24.0
76,VALLE DEL CAUCA,76109,BUENAVENTURA,76109863,SAN ANTONIO (BUENAVENTURA - VALLE DEL CAUCA),2025,3,1.97,546.0,60.0,martes,2025 Mar 18 07:00:00 AM,24.0
76,VALLE DEL CAUCA,76109,BUENAVENTURA,76109904,SAN ANTONIO (RIO CAJAMBRE)(BUENAVENTURA - VALLE DEL CAUCA),2025,3,4.307,1.29,60.0,viernes,2025 Mar 21 11:30:00 AM,24.0
76,VALLE DEL CAUCA,76109,BUENAVENTURA,76109907,SAN PABLO( CAJAMBRE)(BUENAVENTURA - VALLE DEL CAUCA),2025,3,1.965,0.0,60.0,sábado,2025 Mar 29 08:30:00 PM,24.0
76,VALLE DEL CAUCA,76109,BUENAVENTURA,76109913,MAYORQUIN(BUENAVENTURA - VALLE DEL CAUCA),2025,3,2.966,1.193,60.0,sábado,2025 Mar 01 06:30:00 PM,24.0
76,VALLE DEL CAUCA,76109,BUENAVENTURA,76109930,GALVEZ(BUENAVENTURA - VALLE DEL CAUCA),2025,3,3.731,610.0,60.0,viernes,2025 Mar 07 07:45:00 PM,24.0
76,VALLE DEL CAUCA,76109,BUENAVENTURA,76109957,HUMANES MAR(BUENAVENTURA - VALLE DEL CAUCA),2025,3,2.362,320.0,60.0,lunes,2025 Mar 31 05:15:00 PM,24.0
86,PUTUMAYO,86573,PUERTO LEGUIZAMO,86573000,PUERTO LEGUIZAMO(PUERTO LEGUIZAMO - PUTUMAYO),2025,3,969.98,260.775,60.0,viernes,2025 Mar 07 03:15:00 PM,24.0
86,PUTUMAYO,86573,PUERTO LEGUIZAMO,86573009,PIÑUÑA NEGRO(PUERTO LEGUIZAMO - PUTUMAYO),2025,3,4.498,2.57,60.0,sábado,2025 Mar 01 07:00:00 PM,24.0
88,ARCHIPIÉLAGO DE SAN ANDRÉS y PROVIDENCIA,88001,SAN ANDRÉS,88001000,SAN ANDRÉS(SAN ANDRÉS - ARCHIPIÉLAGO DE SAN ANDRÉS y PROVIDENCIA ),2025,3,10.326,8.475,60.0,martes,2025 Mar 25 03:45:00 PM,24.0
88,ARCHIPIÉLAGO DE SAN ANDRÉS y PROVIDENCIA,88564,PROVIDENCIA,88564000,PROVIDENCIA(PROVIDENCIA - ARCHIPIÉLAGO DE SAN ANDRÉS y PROVIDENCIA ),2025,3,10.326,242.254,60.0,miércoles,2025 Mar 26 09:30:00 PM,24.0
91,AMAZONAS,91001,LETICIA,91001000,LETICIA(LETICIA - AMAZONAS),2025,3,10.326,982.33,60.0,jueves,2025 Mar 20 03:15:00 PM,24.0
91,AMAZONAS,91540,PUERTO NARIÑO,91540000,PUERTO NARIÑO(PUERTO NARIÑO - AMAZONAS),2025,3,132.111,41.862,272.0,martes,2025 Mar 04 06:30:00 PM,24.0
91,AMAZONAS,91798,TARAPACA (ANM),91798000,TARAPACA(TARAPACA (ANM) - AMAZONAS),2025,3,26.384,11.753,60.0,jueves,2025 Mar 20 08:00:00 PM,24.0
94,GUAINÍA,94001,INÍRIDA,94001000,INÍRIDA(INÍRIDA - GUAINÍA),2025,3,10.326,666.506,60.0,martes,2025 Mar 25 02:15:00 PM,24.0
94,GUAINÍA,94001,INÍRIDA,94001905,CHORRO BOCON(INÍRIDA - GUAINÍA),2025,3,5.706,139.0,60.0,jueves,2025 Mar 20 08:15:00 PM,24.0
94,GUAINÍA,94001,INÍRIDA,94001916,VENADO(INÍRIDA - GUAINÍA),2025,3,3.29,540.0,60.0,martes,2025 Mar 25 07:30:00 PM,24.0
94,GUAINÍA,94001,INÍRIDA,94001966,LAGUNA COLORADA ALTA(INÍRIDA - GUAINÍA),2025,3,9.289,385.0,60.0,domingo,2025 Mar 09 06:30:00 PM,24.0
94,GUAINÍA,94343,BARRANCO MINAS,94343900,CARPINTERO(BARRANCO MINAS - GUAINÍA),2025,3,1.949,914.0,60.0,domingo,2025 Mar 30 07:30:00 PM,24.0
94,GUAINÍA,94343,BARRANCO MINAS,94343901,CHATARE(BARRANCO MINAS - GUAINÍA),2025,3,1.143,142.0,60.0,sábado,2025 Mar 01 07:15:00 PM,24.0
95,GUAVIARE,95001,SAN JOSÉ DEL GUAVIARE,95001012,CACHICAMO(SAN JOSÉ DEL GUAVIARE - GUAVIARE),2025,3,11.618,4.962,60.0,domingo,2025 Mar 30 07:30:00 PM,24.0
95,GUAVIARE,95200,MIRAFLORES,95200000,MIRAFLORES(MIRAFLORES - GUAVIARE),2025,3,127.733,18.367,60.0,martes,2025 Mar 25 06:15:00 PM,24.0
97,VAUPÉS,97001,MITÚ,97001000,MITÚ(MITÚ - VAUPÉS),2025,3,10.326,387.915,60.0,jueves,2025 Mar 13 11:45:00 AM,24.0
97,VAUPÉS,97161,CARURÚ,97161000,CARURÚ(CARURÚ - VAUPÉS),2025,3,38.728,6.806,60.0,martes,2025 Mar 25 06:30:00 PM,24.0
97,VAUPÉS,97666,TARAIRA,97666000,TARAIRA(TARAIRA - VAUPÉS),2025,3,45.876,12.716,60.0,jueves,2025 Mar 20 06:30:00 PM,24.0
99,VICHADA,99001,PUERTO CARREÑO,99001000,PUERTO CARREÑO(PUERTO CARREÑO - VICHADA),2025,3,10.326,768.017,60.0,jueves,2025 Mar 13 02:00:00 PM,24.0
99,VICHADA,99773,CUMARIBO,99773000,CUMARIBO(CUMARIBO - VICHADA),2025,3,426.253,150.92,60.0,miércoles,2025 Mar 26 03:00:00 PM,24.0
5,ANTIOQUIA,5873,VIGÍA DEL FUERTE,5873001,SAN ANTONIO DE PADUA(VIGÍA DEL FUERTE - ANTIOQUIA),2025,4,8.394,0.0,60.0,martes,2025 Apr 29 06:45:00 PM,24.0
5,ANTIOQUIA,5873,VIGÍA DEL FUERTE,5873005,SAN MIGUEL(VIGÍA DEL FUERTE - ANTIOQUIA),2025,4,3.527,1.594,60.0,miércoles,2025 Apr 30 07:00:00 PM,24.0
5,ANTIOQUIA,5873,VIGÍA DEL FUERTE,5873010,LA PLAYA MURRI (VIGÍA DEL FUERTE - ANTIOQUIA),2025,4,1.365,533.0,60.0,sábado,2025 Apr 26 07:30:00 PM,24.0
5,ANTIOQUIA,5873,VIGÍA DEL FUERTE,5873013,LOMA MURRI(VIGÍA DEL FUERTE - ANTIOQUIA),2025,4,5.221,2.073,60.0,miércoles,2025 Apr 30 08:00:00 PM,24.0
5,ANTIOQUIA,5873,VIGÍA DEL FUERTE,5873910,PUERTO MEDELLÍN(VIGÍA DEL FUERTE - ANTIOQUIA),2025,4,1.436,564.0,60.0,sábado,2025 Apr 05 07:30:00 PM,24.0
5,ANTIOQUIA,5873,VIGÍA DEL FUERTE,5873913,JARAPETO (RESGUARDO INDÍGENA)(VIGÍA DEL FUERTE - ANTIOQUIA),2025,4,154.0,90.0,60.0,sábado,2025 Apr 26 08:15:00 PM,24.0
13,BOLÍVAR,13001,CARTAGENA DE INDIAS,13001017,SANTA CRUZ DEL ISLOTE(CARTAGENA DE INDIAS - BOLÍVAR),2025,4,13.492,3.464,60.0,miércoles,2025 Apr 16 10:30:00 PM,24.0
13,BOLÍVAR,13001,CARTAGENA DE INDIAS,13001037,ISLA MUCURA(CARTAGENA DE INDIAS - BOLÍVAR),2025,4,4.24,1.307,60.0,viernes,2025 Apr 18 02:00:00 AM,24.0
18,CAQUETÁ,18150,CARTAGENA DEL CHAIRA,18150001,REMOLINO DEL CAGUAN(CARTAGENA DEL CHAIRA - CAQUETÁ),2025,4,13.702,5.607,60.0,sábado,2025 Apr 12 07:15:00 PM,24.0
18,CAQUETÁ,18150,CARTAGENA DEL CHAIRA,18150002,SANTA FE DEL CAGUAN(CARTAGENA DEL CHAIRA - CAQUETÁ),2025,4,2.993,1.181,60.0,martes,2025 Apr 01 06:45:00 PM,24.0
18,CAQUETÁ,18753,SAN VICENTE DEL CAGUÁN,18753002,GUACAMAYAS(SAN VICENTE DEL CAGUÁN - CAQUETÁ),2025,4,12.439,3.936,60.0,sábado,2025 Apr 26 07:30:00 PM,24.0
18,CAQUETÁ,18753,SAN VICENTE DEL CAGUÁN,18753009,PUERTO BETANIA(SAN VICENTE DEL CAGUÁN - CAQUETÁ),2025,4,5.646,1.797,60.0,viernes,2025 Apr 25 07:00:00 PM,24.0
18,CAQUETÁ,18753,SAN VICENTE DEL CAGUÁN,18753012,SANTA ROSA(SAN VICENTE DEL CAGUÁN - CAQUETÁ),2025,4,2.733,1.114,60.0,martes,2025 Apr 08 07:30:00 PM,24.0
19,CAUCA,19318,GUAPI,19318008,LIMONES(GUAPI - CAUCA),2025,4,9.516,6.201,60.0,domingo,2025 Apr 27 06:15:00 PM,24.0
19,CAUCA,19318,GUAPI,19318013,SAN ANTONIO DE GUAJUI(GUAPI - CAUCA),2025,4,6.979,3.63,60.0,domingo,2025 Apr 06 07:00:00 PM,24.0
19,CAUCA,19418,LÓPEZ DE MICAY,19418009,NOANAMITO(LÓPEZ DE MICAY - CAUCA),2025,4,6.33,2.992,40.0,viernes,2025 Apr 04 07:30:00 PM,24.0
19,CAUCA,19418,LÓPEZ DE MICAY,19418033,BOCA GRANDE(LÓPEZ DE MICAY - CAUCA),2025,4,4.738,1.513,60.0,sábado,2025 Apr 05 07:45:00 PM,24.0
19,CAUCA,19809,TIMBIQUÍ,19809003,COTEJE(TIMBIQUÍ - CAUCA),2025,4,6.242,4.735,60.0,jueves,2025 Apr 17 07:45:00 PM,24.0
19,CAUCA,19809,TIMBIQUÍ,19809007,SAN JOSE(TIMBIQUÍ - CAUCA),2025,4,6.59,3.833,60.0,miércoles,2025 Apr 16 07:30:00 PM,24.0
19,CAUCA,19809,TIMBIQUÍ,19809009,SANTA ROSA DE SAIJA(TIMBIQUÍ - CAUCA),2025,4,3.959,1.088,60.0,sábado,2025 Apr 26 08:15:00 PM,24.0
19,CAUCA,19809,TIMBIQUÍ,19809010,COMUNIDAD DE CHETE(TIMBIQUÍ - CAUCA),2025,4,5.255,2.086,60.0,miércoles,2025 Apr 30 07:00:00 PM,24.0
19,CAUCA,19809,TIMBIQUÍ,19809014,CHACON(TIMBIQUÍ - CAUCA),2025,4,3.555,779.0,60.0,martes,2025 Apr 29 08:00:00 PM,24.0
27,CHOCÓ,27001,QUIBDÓ,27001029,TAGACHI(QUIBDÓ - CHOCÓ),2025,4,4.72,1.544,60.0,sábado,2025 Apr 19 08:15:00 PM,24.0
27,CHOCÓ,27006,ACANDÍ,27006000,ACANDÍ(ACANDÍ - CHOCÓ),2025,4,625.064,171.072,60.0,miércoles,2025 Apr 09 10:15:00 PM,24.0
27,CHOCÓ,27006,ACANDÍ,27006007,SAN FRANCISCO(ACANDÍ - CHOCÓ),2025,4,25.5,9.911,60.0,jueves,2025 Apr 17 09:30:00 PM,24.0
27,CHOCÓ,27025,ALTO BAUDO,27025000,CIUDAD BAUDO - PIE DE PATO(ALTO BAUDO - CHOCÓ),2025,4,52.85,18.216,60.0,sábado,2025 Apr 26 12:00:00 PM,24.0
27,CHOCÓ,27025,ALTO BAUDO,27025033,MIACORA(ALTO BAUDO - CHOCÓ),2025,4,21.0,1.0,60.0,miércoles,2025 Apr 16 07:00:00 PM,24.0
27,CHOCÓ,27025,ALTO BAUDO,27025035,PUERTO ALEGRE(ALTO BAUDO - CHOCÓ),2025,4,1.159,381.0,60.0,miércoles,2025 Apr 02 12:30:00 PM,24.0
27,CHOCÓ,27025,ALTO BAUDO,27025920,EL MORRO(ALTO BAUDO - CHOCÓ),2025,4,642.0,170.0,60.0,domingo,2025 Apr 27 09:00:00 PM,24.0
27,CHOCÓ,27025,ALTO BAUDO,27025937,VILLA CECILIA(ALTO BAUDO - CHOCÓ),2025,4,311.0,105.0,60.0,domingo,2025 Apr 20 02:00:00 PM,24.0
27,CHOCÓ,27075,BAHÍA SOLANO,27075000,CIUDAD MUTIS(BAHÍA SOLANO - CHOCÓ),2025,4,921.799,246.345,60.0,jueves,2025 Apr 03 07:15:00 PM,24.0
27,CHOCÓ,27075,BAHÍA SOLANO,27075001,CUPICA(BAHÍA SOLANO - CHOCÓ),2025,4,74.868,22.127,60.0,miércoles,2025 Apr 02 07:30:00 PM,24.0
27,CHOCÓ,27077,BAJO BAUDÓ,27077000,PIZARRO(BAJO BAUDÓ - CHOCÓ),2025,4,163.939,61.435,60.0,lunes,2025 Apr 14 08:00:00 PM,24.0
27,CHOCÓ,27077,BAJO BAUDÓ,27077002,BELEN DE DOCAMPADO(BAJO BAUDÓ - CHOCÓ),2025,4,8.319,2.126,60.0,sábado,2025 Apr 19 11:30:00 AM,24.0
27,CHOCÓ,27077,BAJO BAUDÓ,27077008,ORPUA(BAJO BAUDÓ - CHOCÓ),2025,4,207.0,145.0,60.0,jueves,2025 Apr 10 07:30:00 PM,24.0
27,CHOCÓ,27077,BAJO BAUDÓ,27077011,PILIZA - BELLAVISTA - VILLA LUZ(BAJO BAUDÓ - CHOCÓ),2025,4,2.47,525.0,60.0,martes,2025 Apr 01 06:45:00 PM,24.0
27,CHOCÓ,27077,BAJO BAUDÓ,27077016,SIVIRU(BAJO BAUDÓ - CHOCÓ),2025,4,992.0,363.0,60.0,jueves,2025 Apr 03 06:45:00 PM,24.0
27,CHOCÓ,27077,BAJO BAUDÓ,27077019,VIRUDO(BAJO BAUDÓ - CHOCÓ),2025,4,4.923,2.264,60.0,miércoles,2025 Apr 23 07:30:00 PM,24.0
27,CHOCÓ,27077,BAJO BAUDÓ,27077026,GUINEAL(BAJO BAUDÓ - CHOCÓ),2025,4,1.522,1.573,60.0,martes,2025 Apr 08 07:15:00 PM,24.0
27,CHOCÓ,27077,BAJO BAUDÓ,27077029,FIRME DE USARGA(BAJO BAUDÓ - CHOCÓ),2025,4,0.0,0.0,60.0,Sin Registro,Sin Registro,0.0
27,CHOCÓ,27077,BAJO BAUDÓ,27077905,BUENAVISTA(BAJO BAUDÓ - CHOCÓ),2025,4,2.507,920.0,60.0,domingo,2025 Apr 06 07:15:00 PM,24.0
27,CHOCÓ,27077,BAJO BAUDÓ,27077911,PLAYA NUEVA(BAJO BAUDÓ - CHOCÓ),2025,4,2.929,1.222,60.0,sábado,2025 Apr 05 07:30:00 PM,24.0
27,CHOCÓ,27077,BAJO BAUDÓ,27077916,TERRON(BAJO BAUDÓ - CHOCÓ),2025,4,0.0,0.0,60.0,Sin Registro,Sin Registro,0.0
27,CHOCÓ,27099,BOJAYÁ,27099000,BELLAVISTA(BOJAYÁ - CHOCÓ),2025,4,100.38,36.632,60.0,lunes,2025 Apr 14 07:15:00 PM,24.0
27,CHOCÓ,27099,BOJAYÁ,27099002,LA LOMA DE BOJAYA(BOJAYÁ - CHOCÓ),2025,4,11.411,4.885,60.0,miércoles,2025 Apr 09 06:45:00 PM,24.0
27,CHOCÓ,27099,BOJAYÁ,27099005,NAPIPI(BOJAYÁ - CHOCÓ),2025,4,11.206,3.894,60.0,viernes,2025 Apr 04 04:45:00 PM,24.0
27,CHOCÓ,27099,BOJAYÁ,27099012,POGUE(BOJAYÁ - CHOCÓ),2025,4,4.16,1.861,60.0,viernes,2025 Apr 11 02:45:00 PM,24.0
27,CHOCÓ,27099,BOJAYÁ,27099030,PIEDRA CANDELA(BOJAYÁ - CHOCÓ),2025,4,6.1,2.688,60.0,martes,2025 Apr 15 08:00:00 PM,24.0
27,CHOCÓ,27099,BOJAYÁ,27099905,CHANO(BOJAYÁ - CHOCÓ),2025,4,829.0,41.0,60.0,martes,2025 Apr 29 07:45:00 PM,24.0
27,CHOCÓ,27250,EL LITORAL DEL SAN JUAN,27250000,SANTA GENOVEVA DE DOCORDO(EL LITORAL DEL SAN JUAN - CHOCÓ),2025,4,82.993,40.398,60.0,jueves,2025 Apr 24 07:15:00 PM,24.0
27,CHOCÓ,27250,EL LITORAL DEL SAN JUAN,27250023,PAPAYO(EL LITORAL DEL SAN JUAN - CHOCÓ),2025,4,0.0,0.0,60.0,Sin Registro,Sin Registro,0.0
27,CHOCÓ,27361,ISTMINA,27361023,POTEDÓ(ISTMINA - CHOCÓ),2025,4,2.609,1.484,60.0,martes,2025 Apr 22 05:00:00 PM,24.0
27,CHOCÓ,27361,ISTMINA,27361048,UNION CHOCO(ISTMINA - CHOCÓ),2025,4,891.0,87.0,60.0,jueves,2025 Apr 03 07:00:00 PM,24.0
27,CHOCÓ,27372,JURADO,27372000,JURADO(JURADO - CHOCÓ),2025,4,193.196,63.216,60.0,jueves,2025 Apr 10 07:45:00 PM,24.0
27,CHOCÓ,27372,JURADO,27372901,SANTA TERESITA(JURADO - CHOCÓ),2025,4,3.084,89.0,60.0,miércoles,2025 Apr 30 11:30:00 AM,24.0
27,CHOCÓ,27372,JURADO,27372902,BUENAVISTA(JURADO - CHOCÓ),2025,4,1.633,468.0,60.0,martes,2025 Apr 29 11:45:00 AM,24.0
27,CHOCÓ,27372,JURADO,27372905,DICHARDI(JURADO - CHOCÓ),2025,4,2.085,2.208,60.0,jueves,2025 Apr 24 11:45:00 AM,24.0
27,CHOCÓ,27372,JURADO,27372907,EYASAKE(JURADO - CHOCÓ),2025,4,4.54,1.964,60.0,miércoles,2025 Apr 09 08:15:00 PM,24.0
27,CHOCÓ,27372,JURADO,27372930,DOS BOCAS(JURADO - CHOCÓ),2025,4,2.153,835.0,60.0,lunes,2025 Apr 28 06:45:00 PM,24.0
27,CHOCÓ,27425,MEDIO ATRATO,27425000,BETE(MEDIO ATRATO - CHOCÓ),2025,4,12.108,4.703,100.0,miércoles,2025 Apr 02 07:15:00 PM,24.0
27,CHOCÓ,27425,MEDIO ATRATO,27425008,SAN ROQUE(MEDIO ATRATO - CHOCÓ),2025,4,1.166,562.0,60.0,jueves,2025 Apr 03 07:00:00 PM,24.0
27,CHOCÓ,27491,NOVITA,27491004,JUNTAS DE TAMANA(NOVITA - CHOCÓ),2025,4,176.0,57.0,60.0,sábado,2025 Apr 12 07:45:00 PM,24.0
27,CHOCÓ,27495,NUQUÍ,27495000,NUQUÍ(NUQUÍ - CHOCÓ),2025,4,299.587,95.265,60.0,lunes,2025 Apr 14 07:30:00 PM,24.0
27,CHOCÓ,27495,NUQUÍ,27495001,ARUSI(NUQUÍ - CHOCÓ),2025,4,21.304,9.548,60.0,sábado,2025 Apr 05 01:00:00 PM,24.0
27,CHOCÓ,27495,NUQUÍ,27495002,COQUI(NUQUÍ - CHOCÓ),2025,4,5.414,1.066,60.0,miércoles,2025 Apr 09 07:15:00 PM,24.0
27,CHOCÓ,27495,NUQUÍ,27495003,JURUBIRA(NUQUÍ - CHOCÓ),2025,4,21.126,7.746,60.0,miércoles,2025 Apr 16 07:00:00 PM,24.0
27,CHOCÓ,27495,NUQUÍ,27495008,JOVI(NUQUÍ - CHOCÓ),2025,4,8.11,3.253,60.0,viernes,2025 Apr 18 08:15:00 PM,24.0
27,CHOCÓ,27495,NUQUÍ,27495010,TERMALES(NUQUÍ - CHOCÓ),2025,4,8.695,4.517,60.0,miércoles,2025 Apr 09 07:15:00 PM,24.0
27,CHOCÓ,27495,NUQUÍ,27495011,COMUNIDAD DE PUERTO JAGUA(NUQUÍ - CHOCÓ),2025,4,1.14,362.0,60.0,martes,2025 Apr 22 07:45:00 PM,24.0
27,CHOCÓ,27495,NUQUÍ,27495012,COMUNIDAD INDIG. PUERTO INDIO(NUQUÍ - CHOCÓ),2025,4,643.0,143.0,60.0,domingo,2025 Apr 27 11:15:00 AM,24.0
27,CHOCÓ,27495,NUQUÍ,27495910,COMUNIDAD INDIG. DE RIO NUQUÍ(NUQUÍ - CHOCÓ),2025,4,797.0,174.0,60.0,miércoles,2025 Apr 16 07:45:00 PM,24.0
27,CHOCÓ,27495,NUQUÍ,27495912,COMUNIDAD INDÍGENA DE PANGUI - EL YUCAL(NUQUÍ - CHOCÓ),2025,4,6.836,1.716,60.0,martes,2025 Apr 29 03:00:00 AM,24.0
27,CHOCÓ,27600,RIO QUITO,27600001,BOCA DE APARTADO(RIO QUITO - CHOCÓ),2025,4,307.0,122.0,60.0,domingo,2025 Apr 27 07:15:00 PM,24.0
27,CHOCÓ,27615,RIOSUCIO,27615011,SAN JOSE TAMBORAL(RIOSUCIO - CHOCÓ),2025,4,0.0,0.0,60.0,Sin Registro,Sin Registro,0.0
27,CHOCÓ,27800,UNGUÍA,27800000,UNGUÍA(UNGUÍA - CHOCÓ),2025,4,447.834,140.246,60.0,martes,2025 Apr 15 09:45:00 PM,24.0
27,CHOCÓ,27800,UNGUÍA,27800001,BALBOA(UNGUÍA - CHOCÓ),2025,4,24.86,8.617,60.0,sábado,2025 Apr 05 07:00:00 PM,24.0
27,CHOCÓ,27800,UNGUÍA,27800005,TITUMATE(UNGUÍA - CHOCÓ),2025,4,15.702,3.377,60.0,lunes,2025 Apr 14 10:30:00 PM,24.0
44,LA GUAJIRA,44847,URIBIA,44847003,CABO DE LA VELA(URIBIA - LA GUAJIRA),2025,4,9.626,671.0,60.0,miércoles,2025 Apr 02 07:15:00 PM,24.0
44,LA GUAJIRA,44847,URIBIA,44847012,NAZARETH(URIBIA - LA GUAJIRA),2025,4,34.793,8.034,60.0,lunes,2025 Apr 14 06:15:00 PM,24.0
47,MAGDALENA,47189,CIÉNAGA,47189018,PALMOR(CIÉNAGA - MAGDALENA),2025,4,97.117,31.847,60.0,sábado,2025 Apr 05 12:00:00 PM,24.0
50,META,50325,MAPIRIPAN,50325000,MAPIRIPAN(MAPIRIPAN - META),2025,4,191.989,60.062,60.0,lunes,2025 Apr 28 03:45:00 PM,24.0
52,NARIÑO,52250,EL CHARCO,52250005,LAS MERCEDES(EL CHARCO - NARIÑO),2025,4,0.0,0.0,60.0,Sin Registro,Sin Registro,0.0
52,NARIÑO,52250,EL CHARCO,52250007,SAN JOSE DEL TAPAJE(EL CHARCO - NARIÑO),2025,4,7.646,2.024,64.0,jueves,2025 Apr 17 08:00:00 PM,24.0
52,NARIÑO,52250,EL CHARCO,52250016,ALTERON - URIBE URIBE(EL CHARCO - NARIÑO),2025,4,559.0,304.0,60.0,domingo,2025 Apr 20 08:15:00 PM,24.0
52,NARIÑO,52250,EL CHARCO,52250022,EL CUIL PUEBLO NUEVO(EL CHARCO - NARIÑO),2025,4,865.0,495.0,60.0,domingo,2025 Apr 27 08:30:00 PM,24.0
52,NARIÑO,52390,LA TOLA,52390003,LA VIGIA DE LA MAR(LA TOLA - NARIÑO),2025,4,4.548,2.114,60.0,martes,2025 Apr 15 08:45:00 PM,24.0
52,NARIÑO,52390,LA TOLA,52390005,AGUACATAL(LA TOLA - NARIÑO),2025,4,1.076,218.0,60.0,sábado,2025 Apr 12 12:45:00 PM,24.0
52,NARIÑO,52390,LA TOLA,52390009,MULATOS(LA TOLA - NARIÑO),2025,4,4.327,2.037,60.0,sábado,2025 Apr 12 06:15:00 PM,24.0
52,NARIÑO,52390,LA TOLA,52390013,AMARALES(LA TOLA - NARIÑO),2025,4,4.997,1.745,60.0,martes,2025 Apr 29 07:30:00 PM,24.0
52,NARIÑO,52390,LA TOLA,52390016,SAN PABLO DEL MAR(LA TOLA - NARIÑO),2025,4,5.719,1.404,60.0,domingo,2025 Apr 27 06:30:00 PM,24.0
52,NARIÑO,52473,MOSQUERA,52473010,EL BAJITO DE ECHANDIA(MOSQUERA - NARIÑO),2025,4,3.308,1.244,60.0,jueves,2025 Apr 10 06:00:00 PM,24.0
52,NARIÑO,52490,OLAYA HERRERA,52490913,BOCA DE PRIETA(OLAYA HERRERA - NARIÑO),2025,4,342.0,87.0,60.0,miércoles,2025 Apr 16 07:00:00 PM,24.0
52,NARIÑO,52621,ROBERTO PAYAN,52621912,TAMAJE(ROBERTO PAYAN - NARIÑO),2025,4,5.596,2.643,60.0,miércoles,2025 Apr 30 07:00:00 PM,24.0
27,CHOCÓ,27425,MEDIO ATRATO,27425000,BETE,2025,12,18.352,8.45,80.0,miércoles,2025 Dec 31 11:15:00 AM,1.22
52,NARIÑO,52696,SANTA BÁRBARA,52696014,LA ENSENADA(SANTA BÁRBARA - NARIÑO),2025,4,2.897,1.309,60.0,viernes,2025 Apr 04 07:30:00 PM,24.0
52,NARIÑO,52696,SANTA BÁRBARA,52696017,SANTA RITA(SANTA BÁRBARA - NARIÑO),2025,4,2.469,1.37,60.0,martes,2025 Apr 01 07:15:00 PM,24.0
52,NARIÑO,52835,SAN ANDRÉS DE TUMACO,52835055,BOCAS DE CURAY(SAN ANDRÉS DE TUMACO - NARIÑO),2025,4,6.198,2.082,60.0,martes,2025 Apr 01 06:30:00 PM,24.0
76,VALLE DEL CAUCA,76109,BUENAVENTURA,76109011,PASTICO(BUENAVENTURA - VALLE DEL CAUCA),2025,4,3.691,1.498,60.0,martes,2025 Apr 15 07:00:00 PM,24.0
76,VALLE DEL CAUCA,76109,BUENAVENTURA,76109018,CONCEPCION(BUENAVENTURA - VALLE DEL CAUCA),2025,4,0.0,0.0,60.0,Sin Registro,Sin Registro,0.0
76,VALLE DEL CAUCA,76109,BUENAVENTURA,76109028,PUERTO MERIZALDE(BUENAVENTURA - VALLE DEL CAUCA),2025,4,113.833,45.615,60.0,sábado,2025 Apr 05 08:00:00 PM,24.0
76,VALLE DEL CAUCA,76109,BUENAVENTURA,76109030,PUNTA SOLDADO(BUENAVENTURA - VALLE DEL CAUCA),2025,4,3.721,1.137,60.0,miércoles,2025 Apr 02 07:30:00 PM,24.0
76,VALLE DEL CAUCA,76109,BUENAVENTURA,76109032,SAN FRANCISCO NAYA(BUENAVENTURA - VALLE DEL CAUCA),2025,4,8.198,3.505,60.0,jueves,2025 Apr 17 11:15:00 AM,24.0
76,VALLE DEL CAUCA,76109,BUENAVENTURA,76109034,SAN ISIDRO - CALIMA(BUENAVENTURA - VALLE DEL CAUCA),2025,4,4.291,850.0,60.0,miércoles,2025 Apr 02 07:00:00 PM,24.0
76,VALLE DEL CAUCA,76109,BUENAVENTURA,76109040,VENERAL(BUENAVENTURA - VALLE DEL CAUCA),2025,4,2.932,476.0,60.0,jueves,2025 Apr 03 06:15:00 PM,24.0
76,VALLE DEL CAUCA,76109,BUENAVENTURA,76109069,PAPAYAL 1(BUENAVENTURA - VALLE DEL CAUCA),2025,4,2.868,512.0,60.0,martes,2025 Apr 01 10:00:00 AM,24.0
76,VALLE DEL CAUCA,76109,BUENAVENTURA,76109081,PUNTA BONITA(BUENAVENTURA - VALLE DEL CAUCA),2025,4,4.12,3.474,60.0,lunes,2025 Apr 21 01:45:00 PM,24.0
76,VALLE DEL CAUCA,76109,BUENAVENTURA,76109105,PITAL(BUENAVENTURA - VALLE DEL CAUCA),2025,4,1.271,301.0,60.0,sábado,2025 Apr 05 08:00:00 PM,24.0
76,VALLE DEL CAUCA,76109,BUENAVENTURA,76109817,SANTA MARIA 1 NAYA(BUENAVENTURA - VALLE DEL CAUCA),2025,4,1.635,522.0,60.0,martes,2025 Apr 15 08:15:00 PM,24.0
76,VALLE DEL CAUCA,76109,BUENAVENTURA,76109863,SAN ANTONIO (BUENAVENTURA - VALLE DEL CAUCA),2025,4,1.9,497.0,60.0,viernes,2025 Apr 11 04:30:00 PM,24.0
76,VALLE DEL CAUCA,76109,BUENAVENTURA,76109904,SAN ANTONIO (RIO CAJAMBRE)(BUENAVENTURA - VALLE DEL CAUCA),2025,4,4.946,1.475,60.0,lunes,2025 Apr 07 11:30:00 AM,24.0
76,VALLE DEL CAUCA,76109,BUENAVENTURA,76109907,SAN PABLO( CAJAMBRE)(BUENAVENTURA - VALLE DEL CAUCA),2025,4,2.098,0.0,60.0,sábado,2025 Apr 26 02:15:00 PM,24.0
76,VALLE DEL CAUCA,76109,BUENAVENTURA,76109913,MAYORQUIN(BUENAVENTURA - VALLE DEL CAUCA),2025,4,2.319,856.0,60.0,domingo,2025 Apr 20 06:45:00 PM,24.0
76,VALLE DEL CAUCA,76109,BUENAVENTURA,76109930,GALVEZ(BUENAVENTURA - VALLE DEL CAUCA),2025,4,5.394,1.029,60.0,viernes,2025 Apr 11 07:45:00 PM,24.0
76,VALLE DEL CAUCA,76109,BUENAVENTURA,76109957,HUMANES MAR(BUENAVENTURA - VALLE DEL CAUCA),2025,4,9.238,1.342,60.0,viernes,2025 Apr 04 06:45:00 PM,24.0
86,PUTUMAYO,86573,PUERTO LEGUIZAMO,86573000,PUERTO LEGUIZAMO(PUERTO LEGUIZAMO - PUTUMAYO),2025,4,952.64,257.798,60.0,miércoles,2025 Apr 30 02:45:00 PM,24.0
86,PUTUMAYO,86573,PUERTO LEGUIZAMO,86573009,PIÑUÑA NEGRO(PUERTO LEGUIZAMO - PUTUMAYO),2025,4,4.289,2.443,60.0,sábado,2025 Apr 26 07:00:00 PM,24.0
88,ARCHIPIÉLAGO DE SAN ANDRÉS y PROVIDENCIA,88001,SAN ANDRÉS,88001000,SAN ANDRÉS(SAN ANDRÉS - ARCHIPIÉLAGO DE SAN ANDRÉS y PROVIDENCIA ),2025,4,10.326,8.475,60.0,miércoles,2025 Apr 30 03:30:00 PM,24.0
88,ARCHIPIÉLAGO DE SAN ANDRÉS y PROVIDENCIA,88564,PROVIDENCIA,88564000,PROVIDENCIA(PROVIDENCIA - ARCHIPIÉLAGO DE SAN ANDRÉS y PROVIDENCIA ),2025,4,10.326,246.098,60.0,martes,2025 Apr 08 03:00:00 PM,24.0
91,AMAZONAS,91001,LETICIA,91001000,LETICIA(LETICIA - AMAZONAS),2025,4,10.326,946.308,60.0,miércoles,2025 Apr 23 02:30:00 PM,24.0
91,AMAZONAS,91540,PUERTO NARIÑO,91540000,PUERTO NARIÑO(PUERTO NARIÑO - AMAZONAS),2025,4,129.667,41.797,60.0,miércoles,2025 Apr 23 06:15:00 PM,24.0
91,AMAZONAS,91798,TARAPACA (ANM),91798000,TARAPACA(TARAPACA (ANM) - AMAZONAS),2025,4,25.928,11.514,60.0,miércoles,2025 Apr 23 03:00:00 PM,24.0
94,GUAINÍA,94001,INÍRIDA,94001000,INÍRIDA(INÍRIDA - GUAINÍA),2025,4,10.326,607.518,60.0,martes,2025 Apr 01 02:30:00 PM,24.0
94,GUAINÍA,94001,INÍRIDA,94001905,CHORRO BOCON(INÍRIDA - GUAINÍA),2025,4,5.86,760.0,60.0,viernes,2025 Apr 18 07:00:00 PM,24.0
94,GUAINÍA,94001,INÍRIDA,94001916,VENADO(INÍRIDA - GUAINÍA),2025,4,3.143,519.0,60.0,miércoles,2025 Apr 16 07:15:00 PM,24.0
94,GUAINÍA,94001,INÍRIDA,94001966,LAGUNA COLORADA ALTA(INÍRIDA - GUAINÍA),2025,4,9.373,294.0,60.0,jueves,2025 Apr 03 12:30:00 PM,24.0
94,GUAINÍA,94343,BARRANCO MINAS,94343900,CARPINTERO(BARRANCO MINAS - GUAINÍA),2025,4,2.149,993.0,60.0,domingo,2025 Apr 27 06:15:00 PM,24.0
94,GUAINÍA,94343,BARRANCO MINAS,94343901,CHATARE(BARRANCO MINAS - GUAINÍA),2025,4,180.0,0.0,60.0,domingo,2025 Apr 27 07:00:00 PM,24.0
95,GUAVIARE,95001,SAN JOSÉ DEL GUAVIARE,95001012,CACHICAMO(SAN JOSÉ DEL GUAVIARE - GUAVIARE),2025,4,11.135,4.947,60.0,sábado,2025 Apr 05 07:15:00 PM,24.0
95,GUAVIARE,95200,MIRAFLORES,95200000,MIRAFLORES(MIRAFLORES - GUAVIARE),2025,4,123.215,14.627,60.0,miércoles,2025 Apr 23 06:15:00 PM,24.0
97,VAUPÉS,97001,MITÚ,97001000,MITÚ(MITÚ - VAUPÉS),2025,4,10.326,359.944,60.0,lunes,2025 Apr 14 11:30:00 AM,24.0
97,VAUPÉS,97161,CARURÚ,97161000,CARURÚ(CARURÚ - VAUPÉS),2025,4,36.017,6.279,60.0,lunes,2025 Apr 14 02:45:00 PM,24.0
97,VAUPÉS,97666,TARAIRA,97666000,TARAIRA(TARAIRA - VAUPÉS),2025,4,44.65,12.274,60.0,miércoles,2025 Apr 23 07:00:00 PM,24.0
99,VICHADA,99001,PUERTO CARREÑO,99001000,PUERTO CARREÑO(PUERTO CARREÑO - VICHADA),2025,4,10.326,711.457,60.0,lunes,2025 Apr 14 02:15:00 PM,24.0
99,VICHADA,99773,CUMARIBO,99773000,CUMARIBO(CUMARIBO - VICHADA),2025,4,381.844,137.282,60.0,sábado,2025 Apr 12 07:00:00 PM,24.0
5,ANTIOQUIA,5873,VIGÍA DEL FUERTE,5873001,SAN ANTONIO DE PADUA(VIGÍA DEL FUERTE - ANTIOQUIA),2025,5,2.478,0.0,60.0,jueves,2025 May 01 07:00:00 PM,24.0
5,ANTIOQUIA,5873,VIGÍA DEL FUERTE,5873005,SAN MIGUEL(VIGÍA DEL FUERTE - ANTIOQUIA),2025,5,1.393,602.0,60.0,viernes,2025 May 23 07:15:00 PM,24.0
5,ANTIOQUIA,5873,VIGÍA DEL FUERTE,5873010,LA PLAYA MURRI (VIGÍA DEL FUERTE - ANTIOQUIA),2025,5,1.176,471.0,60.0,viernes,2025 May 30 07:00:00 PM,24.0
5,ANTIOQUIA,5873,VIGÍA DEL FUERTE,5873013,LOMA MURRI(VIGÍA DEL FUERTE - ANTIOQUIA),2025,5,4.016,1.596,60.0,martes,2025 May 20 07:30:00 PM,24.0
5,ANTIOQUIA,5873,VIGÍA DEL FUERTE,5873910,PUERTO MEDELLÍN(VIGÍA DEL FUERTE - ANTIOQUIA),2025,5,945.0,418.0,60.0,sábado,2025 May 31 06:30:00 PM,24.0
13,BOLÍVAR,13001,CARTAGENA DE INDIAS,13001017,SANTA CRUZ DEL ISLOTE(CARTAGENA DE INDIAS - BOLÍVAR),2025,5,14.301,3.702,60.0,jueves,2025 May 29 10:30:00 PM,24.0
13,BOLÍVAR,13001,CARTAGENA DE INDIAS,13001037,ISLA MUCURA(CARTAGENA DE INDIAS - BOLÍVAR),2025,5,4.684,1.221,60.0,viernes,2025 May 30 10:45:00 PM,24.0
18,CAQUETÁ,18150,CARTAGENA DEL CHAIRA,18150001,REMOLINO DEL CAGUAN(CARTAGENA DEL CHAIRA - CAQUETÁ),2025,5,14.562,5.731,60.0,viernes,2025 May 02 06:45:00 PM,24.0
18,CAQUETÁ,18150,CARTAGENA DEL CHAIRA,18150002,SANTA FE DEL CAGUAN(CARTAGENA DEL CHAIRA - CAQUETÁ),2025,5,3.257,1.273,60.0,miércoles,2025 May 28 06:45:00 PM,24.0
18,CAQUETÁ,18753,SAN VICENTE DEL CAGUÁN,18753002,GUACAMAYAS(SAN VICENTE DEL CAGUÁN - CAQUETÁ),2025,5,13.19,4.237,60.0,domingo,2025 May 11 07:00:00 PM,24.0
18,CAQUETÁ,18753,SAN VICENTE DEL CAGUÁN,18753009,PUERTO BETANIA(SAN VICENTE DEL CAGUÁN - CAQUETÁ),2025,5,6.294,1.96,60.0,sábado,2025 May 03 07:30:00 PM,24.0
18,CAQUETÁ,18753,SAN VICENTE DEL CAGUÁN,18753012,SANTA ROSA(SAN VICENTE DEL CAGUÁN - CAQUETÁ),2025,5,2.507,1.044,60.0,miércoles,2025 May 07 05:15:00 PM,24.0
18,CAQUETÁ,18753,SAN VICENTE DEL CAGUÁN,18753033,VILLA LOBOS(SAN VICENTE DEL CAGUÁN - CAQUETÁ),2025,5,3.064,977.0,60.0,domingo,2025 May 11 08:00:00 PM,24.0
19,CAUCA,19318,GUAPI,19318008,LIMONES(GUAPI - CAUCA),2025,5,9.732,4.872,60.0,jueves,2025 May 29 06:00:00 PM,24.0
19,CAUCA,19318,GUAPI,19318013,SAN ANTONIO DE GUAJUI(GUAPI - CAUCA),2025,5,12.165,6.504,60.0,lunes,2025 May 12 06:45:00 PM,24.0
19,CAUCA,19418,LÓPEZ DE MICAY,19418009,NOANAMITO(LÓPEZ DE MICAY - CAUCA),2025,5,19.0,13.0,36.0,martes,2025 May 06 12:30:00 PM,24.0
19,CAUCA,19418,LÓPEZ DE MICAY,19418033,BOCA GRANDE(LÓPEZ DE MICAY - CAUCA),2025,5,4.582,1.422,60.0,jueves,2025 May 29 07:45:00 PM,24.0
19,CAUCA,19809,TIMBIQUÍ,19809003,COTEJE(TIMBIQUÍ - CAUCA),2025,5,6.106,4.689,60.0,martes,2025 May 13 06:45:00 PM,24.0
19,CAUCA,19809,TIMBIQUÍ,19809007,SAN JOSE(TIMBIQUÍ - CAUCA),2025,5,6.512,4.031,60.0,sábado,2025 May 10 08:30:00 PM,24.0
19,CAUCA,19809,TIMBIQUÍ,19809009,SANTA ROSA DE SAIJA(TIMBIQUÍ - CAUCA),2025,5,4.237,1.14,60.0,domingo,2025 May 18 07:15:00 PM,24.0
19,CAUCA,19809,TIMBIQUÍ,19809010,COMUNIDAD DE CHETE(TIMBIQUÍ - CAUCA),2025,5,5.215,1.963,60.0,lunes,2025 May 12 07:00:00 PM,24.0
19,CAUCA,19809,TIMBIQUÍ,19809014,CHACON(TIMBIQUÍ - CAUCA),2025,5,3.878,1.079,60.0,sábado,2025 May 17 07:45:00 PM,24.0
27,CHOCÓ,27001,QUIBDÓ,27001029,TAGACHI(QUIBDÓ - CHOCÓ),2025,5,255.0,76.0,60.0,sábado,2025 May 03 08:15:00 PM,24.0
27,CHOCÓ,27006,ACANDÍ,27006000,ACANDÍ(ACANDÍ - CHOCÓ),2025,5,470.832,128.557,60.0,miércoles,2025 May 14 10:15:00 PM,24.0
27,CHOCÓ,27006,ACANDÍ,27006007,SAN FRANCISCO(ACANDÍ - CHOCÓ),2025,5,20.957,8.012,60.0,jueves,2025 May 29 08:00:00 PM,24.0
27,CHOCÓ,27025,ALTO BAUDO,27025000,CIUDAD BAUDO - PIE DE PATO(ALTO BAUDO - CHOCÓ),2025,5,55.179,18.675,60.0,lunes,2025 May 12 11:45:00 AM,24.0
27,CHOCÓ,27025,ALTO BAUDO,27025033,MIACORA(ALTO BAUDO - CHOCÓ),2025,5,273.0,10.0,60.0,viernes,2025 May 30 06:45:00 PM,24.0
27,CHOCÓ,27025,ALTO BAUDO,27025035,PUERTO ALEGRE(ALTO BAUDO - CHOCÓ),2025,5,1.232,403.0,60.0,lunes,2025 May 26 10:30:00 AM,24.0
27,CHOCÓ,27025,ALTO BAUDO,27025920,EL MORRO(ALTO BAUDO - CHOCÓ),2025,5,396.0,122.0,60.0,lunes,2025 May 05 07:45:00 PM,24.0
27,CHOCÓ,27025,ALTO BAUDO,27025937,VILLA CECILIA(ALTO BAUDO - CHOCÓ),2025,5,399.0,150.0,60.0,jueves,2025 May 01 10:30:00 AM,24.0
27,CHOCÓ,27075,BAHÍA SOLANO,27075000,CIUDAD MUTIS(BAHÍA SOLANO - CHOCÓ),2025,5,921.307,252.833,60.0,miércoles,2025 May 21 07:30:00 PM,24.0
27,CHOCÓ,27075,BAHÍA SOLANO,27075001,CUPICA(BAHÍA SOLANO - CHOCÓ),2025,5,73.14,21.741,60.0,sábado,2025 May 17 07:30:00 PM,24.0
27,CHOCÓ,27075,BAHÍA SOLANO,27075002,EL VALLE(BAHÍA SOLANO - CHOCÓ),2025,5,192.894,60.702,60.0,domingo,2025 May 04 08:00:00 PM,24.0
27,CHOCÓ,27077,BAJO BAUDÓ,27077000,PIZARRO(BAJO BAUDÓ - CHOCÓ),2025,5,210.122,72.479,60.0,jueves,2025 May 29 11:45:00 AM,24.0
27,CHOCÓ,27077,BAJO BAUDÓ,27077002,BELEN DE DOCAMPADO(BAJO BAUDÓ - CHOCÓ),2025,5,8.975,2.1,60.0,sábado,2025 May 24 11:45:00 AM,24.0
27,CHOCÓ,27077,BAJO BAUDÓ,27077008,ORPUA(BAJO BAUDÓ - CHOCÓ),2025,5,380.0,473.0,60.0,jueves,2025 May 22 06:15:00 PM,24.0
27,CHOCÓ,27077,BAJO BAUDÓ,27077011,PILIZA - BELLAVISTA - VILLA LUZ(BAJO BAUDÓ - CHOCÓ),2025,5,2.829,560.0,60.0,jueves,2025 May 01 07:15:00 PM,24.0
27,CHOCÓ,27077,BAJO BAUDÓ,27077019,VIRUDO(BAJO BAUDÓ - CHOCÓ),2025,5,5.268,2.486,60.0,viernes,2025 May 23 07:00:00 PM,24.0
27,CHOCÓ,27077,BAJO BAUDÓ,27077026,GUINEAL(BAJO BAUDÓ - CHOCÓ),2025,5,2.472,2.542,60.0,sábado,2025 May 31 07:00:00 PM,24.0
27,CHOCÓ,27077,BAJO BAUDÓ,27077029,FIRME DE USARGA(BAJO BAUDÓ - CHOCÓ),2025,5,158.0,152.0,60.0,viernes,2025 May 09 06:45:00 PM,24.0
27,CHOCÓ,27077,BAJO BAUDÓ,27077905,BUENAVISTA(BAJO BAUDÓ - CHOCÓ),2025,5,4.042,1.594,60.0,lunes,2025 May 26 07:45:00 PM,24.0
27,CHOCÓ,27077,BAJO BAUDÓ,27077911,PLAYA NUEVA(BAJO BAUDÓ - CHOCÓ),2025,5,3.024,1.289,60.0,martes,2025 May 06 12:30:00 PM,24.0
27,CHOCÓ,27077,BAJO BAUDÓ,27077916,TERRON(BAJO BAUDÓ - CHOCÓ),2025,5,0.0,0.0,60.0,Sin Registro,Sin Registro,0.0
27,CHOCÓ,27099,BOJAYÁ,27099000,BELLAVISTA(BOJAYÁ - CHOCÓ),2025,5,116.499,43.015,60.0,jueves,2025 May 15 02:15:00 AM,24.0
27,CHOCÓ,27099,BOJAYÁ,27099002,LA LOMA DE BOJAYA(BOJAYÁ - CHOCÓ),2025,5,13.223,5.825,60.0,domingo,2025 May 11 07:00:00 PM,24.0
27,CHOCÓ,27099,BOJAYÁ,27099005,NAPIPI(BOJAYÁ - CHOCÓ),2025,5,9.294,3.161,60.0,viernes,2025 May 23 05:30:00 PM,24.0
27,CHOCÓ,27099,BOJAYÁ,27099012,POGUE(BOJAYÁ - CHOCÓ),2025,5,5.257,2.597,60.0,lunes,2025 May 12 01:15:00 PM,24.0
27,CHOCÓ,27099,BOJAYÁ,27099030,PIEDRA CANDELA(BOJAYÁ - CHOCÓ),2025,5,7.813,3.582,60.0,miércoles,2025 May 07 02:45:00 PM,24.0
27,CHOCÓ,27099,BOJAYÁ,27099905,CHANO(BOJAYÁ - CHOCÓ),2025,5,313.0,17.0,60.0,sábado,2025 May 24 07:45:00 PM,24.0
27,CHOCÓ,27250,EL LITORAL DEL SAN JUAN,27250000,SANTA GENOVEVA DE DOCORDO(EL LITORAL DEL SAN JUAN - CHOCÓ),2025,5,29.761,14.301,60.0,sábado,2025 May 10 11:30:00 AM,24.0
27,CHOCÓ,27250,EL LITORAL DEL SAN JUAN,27250023,PAPAYO(EL LITORAL DEL SAN JUAN - CHOCÓ),2025,5,0.0,0.0,60.0,Sin Registro,Sin Registro,0.0
27,CHOCÓ,27361,ISTMINA,27361023,POTEDÓ(ISTMINA - CHOCÓ),2025,5,2.685,1.395,60.0,martes,2025 May 06 06:45:00 PM,24.0
27,CHOCÓ,27361,ISTMINA,27361048,UNION CHOCO(ISTMINA - CHOCÓ),2025,5,958.0,177.0,60.0,jueves,2025 May 29 06:30:00 PM,24.0
27,CHOCÓ,27372,JURADO,27372000,JURADO(JURADO - CHOCÓ),2025,5,204.346,66.289,60.0,lunes,2025 May 12 06:45:00 PM,24.0
27,CHOCÓ,27372,JURADO,27372901,SANTA TERESITA(JURADO - CHOCÓ),2025,5,2.326,88.0,60.0,jueves,2025 May 01 11:15:00 AM,24.0
27,CHOCÓ,27372,JURADO,27372902,BUENAVISTA(JURADO - CHOCÓ),2025,5,2.378,419.0,60.0,viernes,2025 May 30 07:15:00 PM,24.0
27,CHOCÓ,27372,JURADO,27372905,DICHARDI(JURADO - CHOCÓ),2025,5,2.552,2.252,60.0,viernes,2025 May 09 06:45:00 PM,24.0
27,CHOCÓ,27372,JURADO,27372907,EYASAKE(JURADO - CHOCÓ),2025,5,5.382,2.447,60.0,sábado,2025 May 10 07:00:00 PM,24.0
27,CHOCÓ,27372,JURADO,27372930,DOS BOCAS(JURADO - CHOCÓ),2025,5,4.273,1.528,60.0,martes,2025 May 06 07:00:00 PM,24.0
27,CHOCÓ,27425,MEDIO ATRATO,27425000,BETE(MEDIO ATRATO - CHOCÓ),2025,5,12.347,5.103,96.0,jueves,2025 May 29 07:30:00 PM,24.0
27,CHOCÓ,27425,MEDIO ATRATO,27425008,SAN ROQUE(MEDIO ATRATO - CHOCÓ),2025,5,1.419,727.0,60.0,jueves,2025 May 22 07:45:00 PM,24.0
27,CHOCÓ,27491,NOVITA,27491004,JUNTAS DE TAMANA(NOVITA - CHOCÓ),2025,5,3.407,1.048,60.0,lunes,2025 May 12 07:00:00 PM,24.0
27,CHOCÓ,27495,NUQUÍ,27495000,NUQUÍ(NUQUÍ - CHOCÓ),2025,5,317.868,100.982,60.0,lunes,2025 May 12 08:15:00 PM,24.0
27,CHOCÓ,27495,NUQUÍ,27495001,ARUSI(NUQUÍ - CHOCÓ),2025,5,21.057,9.981,60.0,martes,2025 May 27 07:00:00 PM,24.0
27,CHOCÓ,27495,NUQUÍ,27495002,COQUI(NUQUÍ - CHOCÓ),2025,5,3.633,759.0,60.0,lunes,2025 May 19 07:30:00 PM,24.0
27,CHOCÓ,27495,NUQUÍ,27495003,JURUBIRA(NUQUÍ - CHOCÓ),2025,5,22.476,7.968,60.0,martes,2025 May 27 07:15:00 PM,24.0
27,CHOCÓ,27495,NUQUÍ,27495008,JOVI(NUQUÍ - CHOCÓ),2025,5,8.598,3.416,60.0,jueves,2025 May 08 07:00:00 PM,24.0
27,CHOCÓ,27495,NUQUÍ,27495010,TERMALES(NUQUÍ - CHOCÓ),2025,5,10.229,5.361,60.0,sábado,2025 May 24 06:45:00 PM,24.0
27,CHOCÓ,27495,NUQUÍ,27495011,COMUNIDAD DE PUERTO JAGUA(NUQUÍ - CHOCÓ),2025,5,1.037,335.0,60.0,jueves,2025 May 01 07:30:00 PM,24.0
27,CHOCÓ,27495,NUQUÍ,27495012,COMUNIDAD INDIG. PUERTO INDIO(NUQUÍ - CHOCÓ),2025,5,1.806,343.0,60.0,jueves,2025 May 15 09:30:00 AM,24.0
27,CHOCÓ,27495,NUQUÍ,27495910,COMUNIDAD INDIG. DE RIO NUQUÍ(NUQUÍ - CHOCÓ),2025,5,808.0,209.0,60.0,viernes,2025 May 02 07:15:00 PM,24.0
27,CHOCÓ,27495,NUQUÍ,27495912,COMUNIDAD INDÍGENA DE PANGUI - EL YUCAL(NUQUÍ - CHOCÓ),2025,5,7.399,1.869,60.0,domingo,2025 May 18 10:00:00 AM,24.0
27,CHOCÓ,27615,RIOSUCIO,27615011,SAN JOSE TAMBORAL(RIOSUCIO - CHOCÓ),2025,5,0.0,0.0,60.0,Sin Registro,Sin Registro,0.0
27,CHOCÓ,27800,UNGUÍA,27800000,UNGUÍA(UNGUÍA - CHOCÓ),2025,5,492.657,151.195,60.0,lunes,2025 May 12 09:00:00 PM,24.0
27,CHOCÓ,27800,UNGUÍA,27800001,BALBOA(UNGUÍA - CHOCÓ),2025,5,28.092,9.724,60.0,lunes,2025 May 12 08:45:00 PM,24.0
27,CHOCÓ,27800,UNGUÍA,27800005,TITUMATE(UNGUÍA - CHOCÓ),2025,5,15.631,3.565,60.0,miércoles,2025 May 14 08:15:00 PM,24.0
44,LA GUAJIRA,44847,URIBIA,44847003,CABO DE LA VELA(URIBIA - LA GUAJIRA),2025,5,6.048,520.0,60.0,martes,2025 May 20 07:00:00 PM,24.0
44,LA GUAJIRA,44847,URIBIA,44847012,NAZARETH(URIBIA - LA GUAJIRA),2025,5,38.849,9.068,60.0,jueves,2025 May 22 07:00:00 PM,24.0
47,MAGDALENA,47189,CIÉNAGA,47189018,PALMOR(CIÉNAGA - MAGDALENA),2025,5,84.747,27.479,60.0,sábado,2025 May 10 07:15:00 PM,24.0
50,META,50325,MAPIRIPAN,50325000,MAPIRIPAN(MAPIRIPAN - META),2025,5,193.226,59.968,60.0,martes,2025 May 06 06:15:00 PM,24.0
52,NARIÑO,52250,EL CHARCO,52250005,LAS MERCEDES(EL CHARCO - NARIÑO),2025,5,0.0,0.0,60.0,Sin Registro,Sin Registro,0.0
52,NARIÑO,52250,EL CHARCO,52250007,SAN JOSE DEL TAPAJE(EL CHARCO - NARIÑO),2025,5,9.628,2.062,56.0,jueves,2025 May 01 06:30:00 PM,24.0
52,NARIÑO,52250,EL CHARCO,52250016,ALTERON - URIBE URIBE(EL CHARCO - NARIÑO),2025,5,342.0,189.0,60.0,sábado,2025 May 03 07:45:00 PM,24.0
52,NARIÑO,52250,EL CHARCO,52250022,EL CUIL PUEBLO NUEVO(EL CHARCO - NARIÑO),2025,5,3.081,1.576,60.0,sábado,2025 May 31 06:45:00 PM,24.0
52,NARIÑO,52390,LA TOLA,52390003,LA VIGIA DE LA MAR(LA TOLA - NARIÑO),2025,5,5.881,2.644,60.0,jueves,2025 May 29 06:45:00 PM,24.0
52,NARIÑO,52390,LA TOLA,52390005,AGUACATAL(LA TOLA - NARIÑO),2025,5,711.0,236.0,60.0,domingo,2025 May 25 03:30:00 PM,24.0
52,NARIÑO,52390,LA TOLA,52390009,MULATOS(LA TOLA - NARIÑO),2025,5,4.325,2.148,60.0,viernes,2025 May 23 04:30:00 PM,8.0
52,NARIÑO,52390,LA TOLA,52390013,AMARALES(LA TOLA - NARIÑO),2025,5,5.692,1.629,60.0,viernes,2025 May 02 08:15:00 PM,24.0
52,NARIÑO,52390,LA TOLA,52390016,SAN PABLO DEL MAR(LA TOLA - NARIÑO),2025,5,2.756,805.0,60.0,sábado,2025 May 03 07:00:00 PM,24.0
52,NARIÑO,52473,MOSQUERA,52473010,EL BAJITO DE ECHANDIA(MOSQUERA - NARIÑO),2025,5,3.51,1.343,60.0,domingo,2025 May 25 10:45:00 AM,24.0
52,NARIÑO,52490,OLAYA HERRERA,52490913,BOCA DE PRIETA(OLAYA HERRERA - NARIÑO),2025,5,176.0,41.0,60.0,domingo,2025 May 04 07:00:00 PM,24.0
52,NARIÑO,52621,ROBERTO PAYAN,52621912,TAMAJE(ROBERTO PAYAN - NARIÑO),2025,5,5.736,2.744,60.0,domingo,2025 May 04 04:45:00 PM,24.0
52,NARIÑO,52696,SANTA BÁRBARA,52696014,LA ENSENADA(SANTA BÁRBARA - NARIÑO),2025,5,3.158,1.537,60.0,jueves,2025 May 15 07:45:00 PM,24.0
52,NARIÑO,52696,SANTA BÁRBARA,52696017,SANTA RITA(SANTA BÁRBARA - NARIÑO),2025,5,4.761,2.654,60.0,lunes,2025 May 19 08:15:00 PM,24.0
52,NARIÑO,52835,SAN ANDRÉS DE TUMACO,52835055,BOCAS DE CURAY(SAN ANDRÉS DE TUMACO - NARIÑO),2025,5,7.667,2.726,60.0,viernes,2025 May 09 06:45:00 PM,24.0
76,VALLE DEL CAUCA,76109,BUENAVENTURA,76109011,PASTICO(BUENAVENTURA - VALLE DEL CAUCA),2025,5,5.262,1.757,60.0,jueves,2025 May 22 07:00:00 PM,24.0
76,VALLE DEL CAUCA,76109,BUENAVENTURA,76109018,CONCEPCION(BUENAVENTURA - VALLE DEL CAUCA),2025,5,0.0,0.0,60.0,Sin Registro,Sin Registro,0.0
76,VALLE DEL CAUCA,76109,BUENAVENTURA,76109028,PUERTO MERIZALDE(BUENAVENTURA - VALLE DEL CAUCA),2025,5,111.442,40.19,60.0,miércoles,2025 May 14 08:00:00 PM,24.0
76,VALLE DEL CAUCA,76109,BUENAVENTURA,76109030,PUNTA SOLDADO(BUENAVENTURA - VALLE DEL CAUCA),2025,5,5.111,2.009,60.0,lunes,2025 May 05 09:00:00 PM,24.0
76,VALLE DEL CAUCA,76109,BUENAVENTURA,76109032,SAN FRANCISCO NAYA(BUENAVENTURA - VALLE DEL CAUCA),2025,5,8.375,3.654,60.0,viernes,2025 May 09 11:30:00 AM,24.0
76,VALLE DEL CAUCA,76109,BUENAVENTURA,76109034,SAN ISIDRO - CALIMA(BUENAVENTURA - VALLE DEL CAUCA),2025,5,3.59,796.0,60.0,domingo,2025 May 18 08:30:00 AM,24.0
76,VALLE DEL CAUCA,76109,BUENAVENTURA,76109040,VENERAL(BUENAVENTURA - VALLE DEL CAUCA),2025,5,5.7,574.0,60.0,jueves,2025 May 22 07:30:00 PM,24.0
76,VALLE DEL CAUCA,76109,BUENAVENTURA,76109069,PAPAYAL 1(BUENAVENTURA - VALLE DEL CAUCA),2025,5,4.028,784.0,60.0,viernes,2025 May 30 06:45:00 PM,24.0
76,VALLE DEL CAUCA,76109,BUENAVENTURA,76109081,PUNTA BONITA(BUENAVENTURA - VALLE DEL CAUCA),2025,5,6.041,6.211,60.0,viernes,2025 May 23 02:15:00 PM,24.0
76,VALLE DEL CAUCA,76109,BUENAVENTURA,76109105,PITAL(BUENAVENTURA - VALLE DEL CAUCA),2025,5,3.677,871.0,60.0,viernes,2025 May 09 07:15:00 PM,24.0
76,VALLE DEL CAUCA,76109,BUENAVENTURA,76109817,SANTA MARIA 1 NAYA(BUENAVENTURA - VALLE DEL CAUCA),2025,5,1.717,536.0,60.0,martes,2025 May 27 07:45:00 PM,24.0
76,VALLE DEL CAUCA,76109,BUENAVENTURA,76109863,SAN ANTONIO (BUENAVENTURA - VALLE DEL CAUCA),2025,5,1.71,471.0,60.0,viernes,2025 May 09 01:15:00 PM,24.0
76,VALLE DEL CAUCA,76109,BUENAVENTURA,76109904,SAN ANTONIO (RIO CAJAMBRE)(BUENAVENTURA - VALLE DEL CAUCA),2025,5,4.58,1.366,60.0,martes,2025 May 20 11:30:00 AM,24.0
76,VALLE DEL CAUCA,76109,BUENAVENTURA,76109907,SAN PABLO( CAJAMBRE)(BUENAVENTURA - VALLE DEL CAUCA),2025,5,2.43,0.0,60.0,viernes,2025 May 16 06:30:00 PM,24.0
76,VALLE DEL CAUCA,76109,BUENAVENTURA,76109913,MAYORQUIN(BUENAVENTURA - VALLE DEL CAUCA),2025,5,3.238,974.0,60.0,domingo,2025 May 18 10:45:00 AM,24.0
76,VALLE DEL CAUCA,76109,BUENAVENTURA,76109930,GALVEZ(BUENAVENTURA - VALLE DEL CAUCA),2025,5,3.988,632.0,60.0,sábado,2025 May 17 08:15:00 AM,24.0
76,VALLE DEL CAUCA,76109,BUENAVENTURA,76109957,HUMANES MAR(BUENAVENTURA - VALLE DEL CAUCA),2025,5,8.259,1.421,60.0,lunes,2025 May 19 07:15:00 PM,24.0
86,PUTUMAYO,86573,PUERTO LEGUIZAMO,86573000,PUERTO LEGUIZAMO(PUERTO LEGUIZAMO - PUTUMAYO),2025,5,923.489,258.226,60.0,martes,2025 May 06 02:45:00 PM,24.0
86,PUTUMAYO,86573,PUERTO LEGUIZAMO,86573009,PIÑUÑA NEGRO(PUERTO LEGUIZAMO - PUTUMAYO),2025,5,4.402,2.947,60.0,sábado,2025 May 03 06:45:00 PM,24.0
88,ARCHIPIÉLAGO DE SAN ANDRÉS y PROVIDENCIA,88001,SAN ANDRÉS,88001000,SAN ANDRÉS(SAN ANDRÉS - ARCHIPIÉLAGO DE SAN ANDRÉS y PROVIDENCIA ),2025,5,10.326,8.475,60.0,viernes,2025 May 23 03:30:00 PM,24.0
88,ARCHIPIÉLAGO DE SAN ANDRÉS y PROVIDENCIA,88564,PROVIDENCIA,88564000,PROVIDENCIA(PROVIDENCIA - ARCHIPIÉLAGO DE SAN ANDRÉS y PROVIDENCIA ),2025,5,10.326,265.355,60.0,miércoles,2025 May 28 10:30:00 PM,24.0
91,AMAZONAS,91001,LETICIA,91001000,LETICIA(LETICIA - AMAZONAS),2025,5,10.326,981.493,60.0,lunes,2025 May 05 03:00:00 PM,24.0
91,AMAZONAS,91540,PUERTO NARIÑO,91540000,PUERTO NARIÑO(PUERTO NARIÑO - AMAZONAS),2025,5,132.386,42.473,60.0,miércoles,2025 May 07 06:15:00 PM,24.0
91,AMAZONAS,91798,TARAPACA (ANM),91798000,TARAPACA(TARAPACA (ANM) - AMAZONAS),2025,5,26.771,11.682,60.0,martes,2025 May 20 03:45:00 PM,24.0
94,GUAINÍA,94001,INÍRIDA,94001000,INÍRIDA(INÍRIDA - GUAINÍA),2025,5,10.326,611.747,60.0,lunes,2025 May 05 02:30:00 PM,24.0
94,GUAINÍA,94001,INÍRIDA,94001905,CHORRO BOCON(INÍRIDA - GUAINÍA),2025,5,6.292,861.0,60.0,sábado,2025 May 10 07:30:00 PM,16.0
94,GUAINÍA,94001,INÍRIDA,94001916,VENADO(INÍRIDA - GUAINÍA),2025,5,2.923,376.0,60.0,lunes,2025 May 26 07:15:00 PM,24.0
94,GUAINÍA,94001,INÍRIDA,94001966,LAGUNA COLORADA ALTA(INÍRIDA - GUAINÍA),2025,5,8.604,144.0,60.0,miércoles,2025 May 07 06:15:00 PM,24.0
94,GUAINÍA,94343,BARRANCO MINAS,94343900,CARPINTERO(BARRANCO MINAS - GUAINÍA),2025,5,2.299,1.029,60.0,jueves,2025 May 29 06:00:00 PM,24.0
94,GUAINÍA,94343,BARRANCO MINAS,94343901,CHATARE(BARRANCO MINAS - GUAINÍA),2025,5,382.0,18.0,60.0,miércoles,2025 May 14 07:15:00 PM,24.0
95,GUAVIARE,95001,SAN JOSÉ DEL GUAVIARE,95001012,CACHICAMO(SAN JOSÉ DEL GUAVIARE - GUAVIARE),2025,5,11.179,4.942,60.0,viernes,2025 May 30 06:45:00 PM,24.0
95,GUAVIARE,95200,MIRAFLORES,95200000,MIRAFLORES(MIRAFLORES - GUAVIARE),2025,5,128.806,15.135,60.0,lunes,2025 May 26 06:15:00 PM,24.0
97,VAUPÉS,97001,MITÚ,97001000,MITÚ(MITÚ - VAUPÉS),2025,5,10.326,356.973,60.0,viernes,2025 May 09 11:45:00 AM,24.0
97,VAUPÉS,97161,CARURÚ,97161000,CARURÚ(CARURÚ - VAUPÉS),2025,5,38.239,6.377,60.0,jueves,2025 May 29 02:45:00 PM,24.0
97,VAUPÉS,97666,TARAIRA,97666000,TARAIRA(TARAIRA - VAUPÉS),2025,5,46.54,13.139,60.0,viernes,2025 May 09 12:45:00 PM,24.0
99,VICHADA,99001,PUERTO CARREÑO,99001000,PUERTO CARREÑO(PUERTO CARREÑO - VICHADA),2025,5,10.326,666.426,60.0,viernes,2025 May 02 02:15:00 PM,24.0
99,VICHADA,99773,CUMARIBO,99773000,CUMARIBO(CUMARIBO - VICHADA),2025,5,386.57,137.365,60.0,viernes,2025 May 09 01:15:00 PM,24.0
5,ANTIOQUIA,5873,VIGÍA DEL FUERTE,5873001,SAN ANTONIO DE PADUA(VIGÍA DEL FUERTE - ANTIOQUIA),2025,6,1.925,0.0,60.0,lunes,2025 Jun 30 07:00:00 PM,24.0
5,ANTIOQUIA,5873,VIGÍA DEL FUERTE,5873005,SAN MIGUEL(VIGÍA DEL FUERTE - ANTIOQUIA),2025,6,367.0,157.0,60.0,sábado,2025 Jun 28 06:30:00 PM,24.0
5,ANTIOQUIA,5873,VIGÍA DEL FUERTE,5873910,PUERTO MEDELLÍN(VIGÍA DEL FUERTE - ANTIOQUIA),2025,6,466.0,194.0,60.0,martes,2025 Jun 24 06:45:00 PM,24.0
13,BOLÍVAR,13001,CARTAGENA DE INDIAS,13001017,SANTA CRUZ DEL ISLOTE(CARTAGENA DE INDIAS - BOLÍVAR),2025,6,12.89,3.544,60.0,jueves,2025 Jun 26 08:30:00 PM,24.0
13,BOLÍVAR,13001,CARTAGENA DE INDIAS,13001037,ISLA MUCURA(CARTAGENA DE INDIAS - BOLÍVAR),2025,6,4.867,1.044,60.0,miércoles,2025 Jun 11 11:00:00 PM,24.0
18,CAQUETÁ,18150,CARTAGENA DEL CHAIRA,18150002,SANTA FE DEL CAGUAN(CARTAGENA DEL CHAIRA - CAQUETÁ),2025,6,3.295,1.346,60.0,viernes,2025 Jun 06 06:30:00 PM,24.0
18,CAQUETÁ,18753,SAN VICENTE DEL CAGUÁN,18753002,GUACAMAYAS(SAN VICENTE DEL CAGUÁN - CAQUETÁ),2025,6,0.0,0.0,60.0,Sin Registro,Sin Registro,0.0
18,CAQUETÁ,18753,SAN VICENTE DEL CAGUÁN,18753009,PUERTO BETANIA(SAN VICENTE DEL CAGUÁN - CAQUETÁ),2025,6,6.32,1.999,60.0,sábado,2025 Jun 21 06:30:00 PM,24.0
18,CAQUETÁ,18753,SAN VICENTE DEL CAGUÁN,18753012,SANTA ROSA(SAN VICENTE DEL CAGUÁN - CAQUETÁ),2025,6,2.659,1.135,60.0,domingo,2025 Jun 29 06:00:00 PM,24.0
18,CAQUETÁ,18753,SAN VICENTE DEL CAGUÁN,18753033,VILLA LOBOS(SAN VICENTE DEL CAGUÁN - CAQUETÁ),2025,6,3.27,1.118,60.0,sábado,2025 Jun 28 07:30:00 PM,24.0
19,CAUCA,19318,GUAPI,19318008,LIMONES(GUAPI - CAUCA),2025,6,5.576,2.91,60.0,domingo,2025 Jun 15 12:30:00 PM,24.0
19,CAUCA,19318,GUAPI,19318013,SAN ANTONIO DE GUAJUI(GUAPI - CAUCA),2025,6,13.011,7.056,60.0,sábado,2025 Jun 21 06:45:00 PM,24.0
19,CAUCA,19418,LÓPEZ DE MICAY,19418009,NOANAMITO(LÓPEZ DE MICAY - CAUCA),2025,6,2.058,1.127,36.0,lunes,2025 Jun 23 07:45:00 PM,24.0
19,CAUCA,19418,LÓPEZ DE MICAY,19418033,BOCA GRANDE(LÓPEZ DE MICAY - CAUCA),2025,6,4.984,1.503,60.0,lunes,2025 Jun 02 07:45:00 PM,24.0
19,CAUCA,19809,TIMBIQUÍ,19809003,COTEJE(TIMBIQUÍ - CAUCA),2025,6,5.888,4.526,60.0,miércoles,2025 Jun 11 07:15:00 PM,24.0
19,CAUCA,19809,TIMBIQUÍ,19809007,SAN JOSE(TIMBIQUÍ - CAUCA),2025,6,1.391,866.0,60.0,viernes,2025 Jun 06 07:00:00 PM,24.0
19,CAUCA,19809,TIMBIQUÍ,19809009,SANTA ROSA DE SAIJA(TIMBIQUÍ - CAUCA),2025,6,3.265,853.0,60.0,sábado,2025 Jun 07 07:00:00 PM,24.0
19,CAUCA,19809,TIMBIQUÍ,19809010,COMUNIDAD DE CHETE(TIMBIQUÍ - CAUCA),2025,6,4.947,1.87,60.0,lunes,2025 Jun 30 06:00:00 PM,24.0
19,CAUCA,19809,TIMBIQUÍ,19809014,CHACON(TIMBIQUÍ - CAUCA),2025,6,2.944,513.0,60.0,lunes,2025 Jun 02 07:45:00 PM,24.0
27,CHOCÓ,27001,QUIBDÓ,27001029,TAGACHI(QUIBDÓ - CHOCÓ),2025,6,0.0,0.0,60.0,Sin Registro,Sin Registro,0.0
27,CHOCÓ,27006,ACANDÍ,27006000,ACANDÍ(ACANDÍ - CHOCÓ),2025,6,592.207,160.849,60.0,viernes,2025 Jun 06 08:15:00 PM,24.0
27,CHOCÓ,27006,ACANDÍ,27006007,SAN FRANCISCO(ACANDÍ - CHOCÓ),2025,6,26.61,9.255,60.0,sábado,2025 Jun 28 09:30:00 PM,24.0
27,CHOCÓ,27025,ALTO BAUDO,27025000,CIUDAD BAUDO - PIE DE PATO(ALTO BAUDO - CHOCÓ),2025,6,53.001,17.812,60.0,viernes,2025 Jun 06 11:45:00 AM,24.0
27,CHOCÓ,27025,ALTO BAUDO,27025033,MIACORA(ALTO BAUDO - CHOCÓ),2025,6,174.0,0.0,60.0,miércoles,2025 Jun 18 06:45:00 PM,24.0
27,CHOCÓ,27025,ALTO BAUDO,27025035,PUERTO ALEGRE(ALTO BAUDO - CHOCÓ),2025,6,1.083,331.0,60.0,domingo,2025 Jun 01 01:15:00 PM,24.0
27,CHOCÓ,27025,ALTO BAUDO,27025920,EL MORRO(ALTO BAUDO - CHOCÓ),2025,6,462.0,158.0,60.0,viernes,2025 Jun 27 07:00:00 PM,24.0
27,CHOCÓ,27025,ALTO BAUDO,27025937,VILLA CECILIA(ALTO BAUDO - CHOCÓ),2025,6,470.0,164.0,60.0,miércoles,2025 Jun 04 05:15:00 PM,24.0
27,CHOCÓ,27075,BAHÍA SOLANO,27075000,CIUDAD MUTIS(BAHÍA SOLANO - CHOCÓ),2025,6,873.365,242.722,60.0,jueves,2025 Jun 19 07:45:00 PM,24.0
27,CHOCÓ,27075,BAHÍA SOLANO,27075001,CUPICA(BAHÍA SOLANO - CHOCÓ),2025,6,66.296,19.966,60.0,miércoles,2025 Jun 04 07:30:00 PM,24.0
27,CHOCÓ,27075,BAHÍA SOLANO,27075002,EL VALLE(BAHÍA SOLANO - CHOCÓ),2025,6,185.051,57.988,60.0,viernes,2025 Jun 20 07:30:00 PM,24.0
27,CHOCÓ,27077,BAJO BAUDÓ,27077000,PIZARRO(BAJO BAUDÓ - CHOCÓ),2025,6,171.529,59.334,60.0,miércoles,2025 Jun 18 08:15:00 PM,24.0
27,CHOCÓ,27077,BAJO BAUDÓ,27077002,BELEN DE DOCAMPADO(BAJO BAUDÓ - CHOCÓ),2025,6,7.217,1.703,60.0,lunes,2025 Jun 16 10:30:00 AM,24.0
27,CHOCÓ,27077,BAJO BAUDÓ,27077011,PILIZA - BELLAVISTA - VILLA LUZ(BAJO BAUDÓ - CHOCÓ),2025,6,2.845,515.0,60.0,lunes,2025 Jun 02 07:00:00 PM,24.0
27,CHOCÓ,27077,BAJO BAUDÓ,27077019,VIRUDO(BAJO BAUDÓ - CHOCÓ),2025,6,3.693,1.668,60.0,miércoles,2025 Jun 04 06:45:00 PM,24.0
27,CHOCÓ,27077,BAJO BAUDÓ,27077026,GUINEAL(BAJO BAUDÓ - CHOCÓ),2025,6,1.965,2.088,60.0,domingo,2025 Jun 01 06:45:00 PM,24.0
27,CHOCÓ,27077,BAJO BAUDÓ,27077029,FIRME DE USARGA(BAJO BAUDÓ - CHOCÓ),2025,6,0.0,0.0,60.0,Sin Registro,Sin Registro,0.0
27,CHOCÓ,27077,BAJO BAUDÓ,27077905,BUENAVISTA(BAJO BAUDÓ - CHOCÓ),2025,6,3.743,1.463,60.0,martes,2025 Jun 03 08:15:00 PM,24.0
27,CHOCÓ,27077,BAJO BAUDÓ,27077916,TERRON(BAJO BAUDÓ - CHOCÓ),2025,6,45.0,0.0,60.0,miércoles,2025 Jun 25 08:45:00 PM,24.0
27,CHOCÓ,27099,BOJAYÁ,27099000,BELLAVISTA(BOJAYÁ - CHOCÓ),2025,6,105.133,39.066,60.0,lunes,2025 Jun 30 07:15:00 PM,24.0
27,CHOCÓ,27099,BOJAYÁ,27099002,LA LOMA DE BOJAYA(BOJAYÁ - CHOCÓ),2025,6,11.533,5.402,60.0,lunes,2025 Jun 02 07:15:00 PM,24.0
27,CHOCÓ,27099,BOJAYÁ,27099005,NAPIPI(BOJAYÁ - CHOCÓ),2025,6,12.346,4.19,60.0,domingo,2025 Jun 01 06:15:00 PM,24.0
27,CHOCÓ,27099,BOJAYÁ,27099012,POGUE(BOJAYÁ - CHOCÓ),2025,6,5.248,2.559,60.0,miércoles,2025 Jun 18 02:30:00 PM,24.0
27,CHOCÓ,27099,BOJAYÁ,27099030,PIEDRA CANDELA(BOJAYÁ - CHOCÓ),2025,6,7.538,3.601,60.0,viernes,2025 Jun 20 03:15:00 PM,24.0
27,CHOCÓ,27099,BOJAYÁ,27099905,CHANO(BOJAYÁ - CHOCÓ),2025,6,787.0,42.0,60.0,jueves,2025 Jun 05 06:30:00 PM,24.0
27,CHOCÓ,27250,EL LITORAL DEL SAN JUAN,27250000,SANTA GENOVEVA DE DOCORDO(EL LITORAL DEL SAN JUAN - CHOCÓ),2025,6,72.794,35.069,60.0,viernes,2025 Jun 06 06:30:00 PM,24.0
27,CHOCÓ,27250,EL LITORAL DEL SAN JUAN,27250023,PAPAYO(EL LITORAL DEL SAN JUAN - CHOCÓ),2025,6,0.0,0.0,0.0,viernes,2025 Jun 06 11:45:00 AM,0.0
27,CHOCÓ,27361,ISTMINA,27361023,POTEDÓ(ISTMINA - CHOCÓ),2025,6,2.002,900.0,60.0,lunes,2025 Jun 02 06:15:00 PM,24.0
27,CHOCÓ,27361,ISTMINA,27361048,UNION CHOCO(ISTMINA - CHOCÓ),2025,6,1.206,601.0,60.0,lunes,2025 Jun 09 10:45:00 AM,24.0
27,CHOCÓ,27372,JURADO,27372000,JURADO(JURADO - CHOCÓ),2025,6,179.553,58.988,60.0,sábado,2025 Jun 14 07:00:00 PM,24.0
27,CHOCÓ,27372,JURADO,27372901,SANTA TERESITA(JURADO - CHOCÓ),2025,6,911.0,20.0,60.0,sábado,2025 Jun 07 11:45:00 AM,24.0
27,CHOCÓ,27372,JURADO,27372902,BUENAVISTA(JURADO - CHOCÓ),2025,6,1.943,427.0,60.0,jueves,2025 Jun 19 11:45:00 AM,24.0
27,CHOCÓ,27372,JURADO,27372905,DICHARDI(JURADO - CHOCÓ),2025,6,2.106,1.601,60.0,lunes,2025 Jun 02 06:30:00 AM,24.0
27,CHOCÓ,27372,JURADO,27372907,EYASAKE(JURADO - CHOCÓ),2025,6,2.803,865.0,60.0,sábado,2025 Jun 07 06:30:00 PM,24.0
27,CHOCÓ,27372,JURADO,27372930,DOS BOCAS(JURADO - CHOCÓ),2025,6,1.795,601.0,60.0,sábado,2025 Jun 07 06:45:00 PM,24.0
27,CHOCÓ,27425,MEDIO ATRATO,27425000,BETE(MEDIO ATRATO - CHOCÓ),2025,6,8.247,3.274,104.0,miércoles,2025 Jun 04 07:15:00 PM,24.0
27,CHOCÓ,27425,MEDIO ATRATO,27425008,SAN ROQUE(MEDIO ATRATO - CHOCÓ),2025,6,821.0,407.0,60.0,sábado,2025 Jun 14 08:15:00 PM,24.0
27,CHOCÓ,27491,NOVITA,27491004,JUNTAS DE TAMANA(NOVITA - CHOCÓ),2025,6,2.062,615.0,60.0,jueves,2025 Jun 12 07:45:00 PM,24.0
27,CHOCÓ,27495,NUQUÍ,27495000,NUQUÍ(NUQUÍ - CHOCÓ),2025,6,298.366,96.196,60.0,jueves,2025 Jun 19 07:45:00 PM,24.0
27,CHOCÓ,27495,NUQUÍ,27495001,ARUSI(NUQUÍ - CHOCÓ),2025,6,18.565,7.229,60.0,lunes,2025 Jun 09 06:45:00 PM,24.0
27,CHOCÓ,27495,NUQUÍ,27495003,JURUBIRA(NUQUÍ - CHOCÓ),2025,6,22.152,7.842,60.0,jueves,2025 Jun 19 08:15:00 PM,24.0
27,CHOCÓ,27495,NUQUÍ,27495008,JOVI(NUQUÍ - CHOCÓ),2025,6,7.784,2.896,60.0,miércoles,2025 Jun 18 07:45:00 PM,24.0
27,CHOCÓ,27495,NUQUÍ,27495011,COMUNIDAD DE PUERTO JAGUA(NUQUÍ - CHOCÓ),2025,6,1.114,371.0,60.0,martes,2025 Jun 10 08:00:00 PM,24.0
27,CHOCÓ,27495,NUQUÍ,27495012,COMUNIDAD INDIG. PUERTO INDIO(NUQUÍ - CHOCÓ),2025,6,1.495,359.0,60.0,domingo,2025 Jun 29 07:45:00 PM,24.0
27,CHOCÓ,27495,NUQUÍ,27495910,COMUNIDAD INDIG. DE RIO NUQUÍ(NUQUÍ - CHOCÓ),2025,6,815.0,197.0,60.0,sábado,2025 Jun 28 07:30:00 PM,24.0
27,CHOCÓ,27495,NUQUÍ,27495912,COMUNIDAD INDÍGENA DE PANGUI - EL YUCAL(NUQUÍ - CHOCÓ),2025,6,8.04,1.853,60.0,lunes,2025 Jun 09 09:45:00 AM,24.0
27,CHOCÓ,27615,RIOSUCIO,27615011,SAN JOSE TAMBORAL(RIOSUCIO - CHOCÓ),2025,6,5.0,2.0,60.0,domingo,2025 Jun 29 08:15:00 PM,24.0
27,CHOCÓ,27800,UNGUÍA,27800000,UNGUÍA(UNGUÍA - CHOCÓ),2025,6,471.881,143.072,60.0,domingo,2025 Jun 08 08:30:00 PM,24.0
27,CHOCÓ,27800,UNGUÍA,27800001,BALBOA(UNGUÍA - CHOCÓ),2025,6,26.92,9.508,60.0,sábado,2025 Jun 14 08:30:00 PM,24.0
27,CHOCÓ,27800,UNGUÍA,27800005,TITUMATE(UNGUÍA - CHOCÓ),2025,6,15.118,3.425,60.0,viernes,2025 Jun 06 08:45:00 PM,24.0
44,LA GUAJIRA,44847,URIBIA,44847012,NAZARETH(URIBIA - LA GUAJIRA),2025,6,35.892,8.582,60.0,miércoles,2025 Jun 18 07:00:00 PM,24.0
47,MAGDALENA,47189,CIÉNAGA,47189018,PALMOR(CIÉNAGA - MAGDALENA),2025,6,93.638,30.596,60.0,sábado,2025 Jun 21 12:45:00 PM,24.0
50,META,50325,MAPIRIPAN,50325000,MAPIRIPAN(MAPIRIPAN - META),2025,6,180.728,56.301,60.0,miércoles,2025 Jun 25 07:00:00 PM,24.0
52,NARIÑO,52250,EL CHARCO,52250005,LAS MERCEDES(EL CHARCO - NARIÑO),2025,6,900.0,4.851,60.0,martes,2025 Jun 17 05:45:00 PM,24.0
52,NARIÑO,52250,EL CHARCO,52250007,SAN JOSE DEL TAPAJE(EL CHARCO - NARIÑO),2025,6,10.802,2.416,56.0,miércoles,2025 Jun 04 06:45:00 PM,24.0
52,NARIÑO,52250,EL CHARCO,52250016,ALTERON - URIBE URIBE(EL CHARCO - NARIÑO),2025,6,754.0,404.0,60.0,sábado,2025 Jun 28 08:15:00 PM,24.0
52,NARIÑO,52250,EL CHARCO,52250022,EL CUIL PUEBLO NUEVO(EL CHARCO - NARIÑO),2025,6,4.728,2.463,60.0,lunes,2025 Jun 30 06:30:00 PM,24.0
52,NARIÑO,52390,LA TOLA,52390003,LA VIGIA DE LA MAR(LA TOLA - NARIÑO),2025,6,4.794,2.433,60.0,miércoles,2025 Jun 25 06:45:00 PM,24.0
52,NARIÑO,52390,LA TOLA,52390005,AGUACATAL(LA TOLA - NARIÑO),2025,6,3.334,1.169,60.0,sábado,2025 Jun 07 02:15:00 PM,24.0
52,NARIÑO,52390,LA TOLA,52390009,MULATOS(LA TOLA - NARIÑO),2025,6,4.507,2.1,60.0,domingo,2025 Jun 22 05:45:00 PM,24.0
52,NARIÑO,52390,LA TOLA,52390013,AMARALES(LA TOLA - NARIÑO),2025,6,3.247,953.0,60.0,viernes,2025 Jun 13 07:45:00 PM,24.0
52,NARIÑO,52390,LA TOLA,52390016,SAN PABLO DEL MAR(LA TOLA - NARIÑO),2025,6,3.034,1.214,60.0,jueves,2025 Jun 19 02:30:00 PM,24.0
52,NARIÑO,52473,MOSQUERA,52473010,EL BAJITO DE ECHANDIA(MOSQUERA - NARIÑO),2025,6,3.268,1.257,60.0,viernes,2025 Jun 20 01:45:00 PM,24.0
52,NARIÑO,52490,OLAYA HERRERA,52490913,BOCA DE PRIETA(OLAYA HERRERA - NARIÑO),2025,6,296.0,82.0,60.0,viernes,2025 Jun 27 09:00:00 PM,24.0
52,NARIÑO,52621,ROBERTO PAYAN,52621912,TAMAJE(ROBERTO PAYAN - NARIÑO),2025,6,5.247,2.538,60.0,domingo,2025 Jun 29 09:15:00 PM,24.0
52,NARIÑO,52696,SANTA BÁRBARA,52696014,LA ENSENADA(SANTA BÁRBARA - NARIÑO),2025,6,2.296,989.0,60.0,lunes,2025 Jun 23 07:30:00 PM,24.0
52,NARIÑO,52696,SANTA BÁRBARA,52696017,SANTA RITA(SANTA BÁRBARA - NARIÑO),2025,6,4.975,2.772,60.0,jueves,2025 Jun 19 08:00:00 PM,24.0
52,NARIÑO,52835,SAN ANDRÉS DE TUMACO,52835016,PITAL DE LA COSTA(SAN ANDRÉS DE TUMACO - NARIÑO),2025,6,27.562,13.55,60.0,miércoles,2025 Jun 18 07:00:00 PM,24.0
52,NARIÑO,52835,SAN ANDRÉS DE TUMACO,52835055,BOCAS DE CURAY(SAN ANDRÉS DE TUMACO - NARIÑO),2025,6,8.106,2.889,48.0,lunes,2025 Jun 30 06:45:00 PM,24.0
76,VALLE DEL CAUCA,76109,BUENAVENTURA,76109011,PASTICO(BUENAVENTURA - VALLE DEL CAUCA),2025,6,4.781,1.54,60.0,lunes,2025 Jun 16 02:15:00 PM,24.0
76,VALLE DEL CAUCA,76109,BUENAVENTURA,76109018,CONCEPCION(BUENAVENTURA - VALLE DEL CAUCA),2025,6,747.0,278.0,60.0,lunes,2025 Jun 30 07:30:00 PM,24.0
76,VALLE DEL CAUCA,76109,BUENAVENTURA,76109028,PUERTO MERIZALDE(BUENAVENTURA - VALLE DEL CAUCA),2025,6,97.264,37.011,60.0,sábado,2025 Jun 28 08:30:00 PM,24.0
76,VALLE DEL CAUCA,76109,BUENAVENTURA,76109030,PUNTA SOLDADO(BUENAVENTURA - VALLE DEL CAUCA),2025,6,4.6,1.511,60.0,miércoles,2025 Jun 18 08:45:00 PM,24.0
76,VALLE DEL CAUCA,76109,BUENAVENTURA,76109032,SAN FRANCISCO NAYA(BUENAVENTURA - VALLE DEL CAUCA),2025,6,8.535,3.447,60.0,sábado,2025 Jun 28 11:45:00 AM,24.0
76,VALLE DEL CAUCA,76109,BUENAVENTURA,76109034,SAN ISIDRO - CALIMA(BUENAVENTURA - VALLE DEL CAUCA),2025,6,7.107,1.548,60.0,sábado,2025 Jun 28 07:00:00 PM,24.0
76,VALLE DEL CAUCA,76109,BUENAVENTURA,76109040,VENERAL(BUENAVENTURA - VALLE DEL CAUCA),2025,6,4.96,537.0,60.0,domingo,2025 Jun 29 07:15:00 PM,24.0
76,VALLE DEL CAUCA,76109,BUENAVENTURA,76109069,PAPAYAL 1(BUENAVENTURA - VALLE DEL CAUCA),2025,6,5.055,720.0,60.0,viernes,2025 Jun 20 10:15:00 AM,24.0
76,VALLE DEL CAUCA,76109,BUENAVENTURA,76109081,PUNTA BONITA(BUENAVENTURA - VALLE DEL CAUCA),2025,6,7.097,5.321,60.0,martes,2025 Jun 24 12:45:00 PM,24.0
76,VALLE DEL CAUCA,76109,BUENAVENTURA,76109105,PITAL(BUENAVENTURA - VALLE DEL CAUCA),2025,6,2.601,570.0,60.0,jueves,2025 Jun 26 05:30:00 PM,24.0
76,VALLE DEL CAUCA,76109,BUENAVENTURA,76109817,SANTA MARIA 1 NAYA(BUENAVENTURA - VALLE DEL CAUCA),2025,6,998.0,312.0,60.0,martes,2025 Jun 10 07:15:00 PM,24.0
76,VALLE DEL CAUCA,76109,BUENAVENTURA,76109863,SAN ANTONIO (BUENAVENTURA - VALLE DEL CAUCA),2025,6,7.2,807.0,60.0,lunes,2025 Jun 16 05:45:00 AM,24.0
76,VALLE DEL CAUCA,76109,BUENAVENTURA,76109904,SAN ANTONIO (RIO CAJAMBRE)(BUENAVENTURA - VALLE DEL CAUCA),2025,6,4.922,1.47,60.0,viernes,2025 Jun 20 11:45:00 AM,24.0
76,VALLE DEL CAUCA,76109,BUENAVENTURA,76109907,SAN PABLO( CAJAMBRE)(BUENAVENTURA - VALLE DEL CAUCA),2025,6,3.13,0.0,60.0,domingo,2025 Jun 08 07:45:00 PM,24.0
76,VALLE DEL CAUCA,76109,BUENAVENTURA,76109913,MAYORQUIN(BUENAVENTURA - VALLE DEL CAUCA),2025,6,4.908,945.0,60.0,viernes,2025 Jun 06 10:45:00 AM,24.0
76,VALLE DEL CAUCA,76109,BUENAVENTURA,76109930,GALVEZ(BUENAVENTURA - VALLE DEL CAUCA),2025,6,1.717,246.0,60.0,lunes,2025 Jun 23 07:15:00 PM,24.0
76,VALLE DEL CAUCA,76109,BUENAVENTURA,76109957,HUMANES MAR(BUENAVENTURA - VALLE DEL CAUCA),2025,6,8.849,1.658,60.0,jueves,2025 Jun 05 10:30:00 AM,24.0
86,PUTUMAYO,86573,PUERTO LEGUIZAMO,86573000,PUERTO LEGUIZAMO(PUERTO LEGUIZAMO - PUTUMAYO),2025,6,896.654,237.663,60.0,miércoles,2025 Jun 18 03:00:00 PM,24.0
86,PUTUMAYO,86573,PUERTO LEGUIZAMO,86573009,PIÑUÑA NEGRO(PUERTO LEGUIZAMO - PUTUMAYO),2025,6,4.371,2.279,32.0,sábado,2025 Jun 07 06:45:00 PM,24.0
88,ARCHIPIÉLAGO DE SAN ANDRÉS y PROVIDENCIA,88001,SAN ANDRÉS,88001000,SAN ANDRÉS(SAN ANDRÉS - ARCHIPIÉLAGO DE SAN ANDRÉS y PROVIDENCIA ),2025,6,10.326,8.475,60.0,martes,2025 Jun 03 04:00:00 PM,24.0
88,ARCHIPIÉLAGO DE SAN ANDRÉS y PROVIDENCIA,88564,PROVIDENCIA,88564000,PROVIDENCIA(PROVIDENCIA - ARCHIPIÉLAGO DE SAN ANDRÉS y PROVIDENCIA ),2025,6,10.326,241.513,60.0,sábado,2025 Jun 28 07:45:00 PM,24.0
91,AMAZONAS,91001,LETICIA,91001000,LETICIA(LETICIA - AMAZONAS),2025,6,10.326,911.002,60.0,martes,2025 Jun 10 02:30:00 PM,24.0
91,AMAZONAS,91540,PUERTO NARIÑO,91540000,PUERTO NARIÑO(PUERTO NARIÑO - AMAZONAS),2025,6,126.077,41.005,60.0,jueves,2025 Jun 05 06:15:00 PM,24.0
91,AMAZONAS,91798,TARAPACA (ANM),91798000,TARAPACA(TARAPACA (ANM) - AMAZONAS),2025,6,24.806,10.749,60.0,lunes,2025 Jun 30 01:45:00 PM,24.0
94,GUAINÍA,94001,INÍRIDA,94001000,INÍRIDA(INÍRIDA - GUAINÍA),2025,6,10.326,574.014,60.0,lunes,2025 Jun 16 02:30:00 PM,24.0
94,GUAINÍA,94001,INÍRIDA,94001905,CHORRO BOCON(INÍRIDA - GUAINÍA),2025,6,6.033,700.0,60.0,domingo,2025 Jun 08 08:00:00 PM,24.0
94,GUAINÍA,94001,INÍRIDA,94001916,VENADO(INÍRIDA - GUAINÍA),2025,6,2.869,352.0,60.0,martes,2025 Jun 24 09:15:00 PM,24.0
94,GUAINÍA,94001,INÍRIDA,94001966,LAGUNA COLORADA ALTA(INÍRIDA - GUAINÍA),2025,6,8.613,276.0,60.0,martes,2025 Jun 10 06:15:00 PM,24.0
94,GUAINÍA,94343,BARRANCO MINAS,94343900,CARPINTERO(BARRANCO MINAS - GUAINÍA),2025,6,2.317,1.168,60.0,miércoles,2025 Jun 18 07:00:00 PM,24.0
94,GUAINÍA,94343,BARRANCO MINAS,94343901,CHATARE(BARRANCO MINAS - GUAINÍA),2025,6,952.0,40.0,60.0,domingo,2025 Jun 29 07:00:00 PM,24.0
95,GUAVIARE,95001,SAN JOSÉ DEL GUAVIARE,95001012,CACHICAMO(SAN JOSÉ DEL GUAVIARE - GUAVIARE),2025,6,10.01,4.327,60.0,viernes,2025 Jun 13 07:15:00 PM,24.0
95,GUAVIARE,95200,MIRAFLORES,95200000,MIRAFLORES(MIRAFLORES - GUAVIARE),2025,6,116.126,12.32,60.0,martes,2025 Jun 10 06:30:00 PM,24.0
97,VAUPÉS,97001,MITÚ,97001000,MITÚ(MITÚ - VAUPÉS),2025,6,10.326,321.703,3.161,martes,2025 Jun 24 11:30:00 AM,24.0
97,VAUPÉS,97161,CARURÚ,97161000,CARURÚ(CARURÚ - VAUPÉS),2025,6,34.965,5.984,60.0,viernes,2025 Jun 06 04:15:00 PM,24.0
97,VAUPÉS,97666,TARAIRA,97666000,TARAIRA(TARAIRA - VAUPÉS),2025,6,44.456,12.414,60.0,jueves,2025 Jun 26 12:00:00 PM,24.0
99,VICHADA,99001,PUERTO CARREÑO,99001000,PUERTO CARREÑO(PUERTO CARREÑO - VICHADA),2025,6,10.326,626.345,60.0,jueves,2025 Jun 05 02:15:00 PM,24.0
99,VICHADA,99773,CUMARIBO,99773000,CUMARIBO(CUMARIBO - VICHADA),2025,6,362.23,130.624,60.0,viernes,2025 Jun 13 03:15:00 PM,24.0
5,ANTIOQUIA,5873,VIGÍA DEL FUERTE,5873001,SAN ANTONIO DE PADUA(VIGÍA DEL FUERTE - ANTIOQUIA),2025,7,3.556,0.0,60.0,domingo,2025 Jul 06 07:15:00 PM,24.0
5,ANTIOQUIA,5873,VIGÍA DEL FUERTE,5873005,SAN MIGUEL(VIGÍA DEL FUERTE - ANTIOQUIA),2025,7,1.914,839.0,60.0,viernes,2025 Jul 18 07:00:00 PM,24.0
5,ANTIOQUIA,5873,VIGÍA DEL FUERTE,5873013,LOMA MURRI(VIGÍA DEL FUERTE - ANTIOQUIA),2025,7,3.874,1.491,60.0,lunes,2025 Jul 14 07:45:00 PM,24.0
5,ANTIOQUIA,5873,VIGÍA DEL FUERTE,5873910,PUERTO MEDELLÍN(VIGÍA DEL FUERTE - ANTIOQUIA),2025,7,712.0,289.0,60.0,viernes,2025 Jul 25 07:00:00 PM,24.0
13,BOLÍVAR,13001,CARTAGENA DE INDIAS,13001017,SANTA CRUZ DEL ISLOTE(CARTAGENA DE INDIAS - BOLÍVAR),2025,7,13.647,3.612,60.0,martes,2025 Jul 22 08:30:00 PM,24.0
13,BOLÍVAR,13001,CARTAGENA DE INDIAS,13001037,ISLA MUCURA(CARTAGENA DE INDIAS - BOLÍVAR),2025,7,5.58,1.573,60.0,martes,2025 Jul 01 11:00:00 PM,24.0
18,CAQUETÁ,18150,CARTAGENA DEL CHAIRA,18150001,REMOLINO DEL CAGUAN(CARTAGENA DEL CHAIRA - CAQUETÁ),2025,7,15.875,6.152,60.0,viernes,2025 Jul 11 07:15:00 PM,24.0
18,CAQUETÁ,18150,CARTAGENA DEL CHAIRA,18150002,SANTA FE DEL CAGUAN(CARTAGENA DEL CHAIRA - CAQUETÁ),2025,7,2.582,1.035,60.0,martes,2025 Jul 15 07:00:00 PM,24.0
18,CAQUETÁ,18753,SAN VICENTE DEL CAGUÁN,18753002,GUACAMAYAS(SAN VICENTE DEL CAGUÁN - CAQUETÁ),2025,7,0.0,0.0,60.0,Sin Registro,Sin Registro,0.0
18,CAQUETÁ,18753,SAN VICENTE DEL CAGUÁN,18753012,SANTA ROSA(SAN VICENTE DEL CAGUÁN - CAQUETÁ),2025,7,2.193,983.0,60.0,martes,2025 Jul 29 06:15:00 PM,24.0
18,CAQUETÁ,18753,SAN VICENTE DEL CAGUÁN,18753033,VILLA LOBOS(SAN VICENTE DEL CAGUÁN - CAQUETÁ),2025,7,5.926,1.892,60.0,miércoles,2025 Jul 30 07:00:00 PM,24.0
19,CAUCA,19318,GUAPI,19318008,LIMONES(GUAPI - CAUCA),2025,7,9.185,5.076,60.0,domingo,2025 Jul 06 08:15:00 PM,24.0
19,CAUCA,19318,GUAPI,19318013,SAN ANTONIO DE GUAJUI(GUAPI - CAUCA),2025,7,10.523,5.536,60.0,martes,2025 Jul 22 07:15:00 PM,24.0
19,CAUCA,19418,LÓPEZ DE MICAY,19418009,NOANAMITO(LÓPEZ DE MICAY - CAUCA),2025,7,7.982,4.528,40.0,jueves,2025 Jul 10 06:45:00 PM,24.0
19,CAUCA,19418,LÓPEZ DE MICAY,19418033,BOCA GRANDE(LÓPEZ DE MICAY - CAUCA),2025,7,4.217,1.195,60.0,jueves,2025 Jul 24 08:00:00 PM,24.0
19,CAUCA,19809,TIMBIQUÍ,19809003,COTEJE(TIMBIQUÍ - CAUCA),2025,7,6.565,4.787,60.0,sábado,2025 Jul 19 07:00:00 PM,24.0
19,CAUCA,19809,TIMBIQUÍ,19809007,SAN JOSE(TIMBIQUÍ - CAUCA),2025,7,3.512,2.158,60.0,jueves,2025 Jul 24 07:15:00 PM,24.0
19,CAUCA,19809,TIMBIQUÍ,19809009,SANTA ROSA DE SAIJA(TIMBIQUÍ - CAUCA),2025,7,2.913,753.0,60.0,miércoles,2025 Jul 30 07:45:00 PM,24.0
19,CAUCA,19809,TIMBIQUÍ,19809010,COMUNIDAD DE CHETE(TIMBIQUÍ - CAUCA),2025,7,6.058,2.232,60.0,martes,2025 Jul 29 07:30:00 PM,24.0
19,CAUCA,19809,TIMBIQUÍ,19809014,CHACON(TIMBIQUÍ - CAUCA),2025,7,3.751,573.0,60.0,sábado,2025 Jul 12 08:15:00 PM,24.0
27,CHOCÓ,27001,QUIBDÓ,27001029,TAGACHI(QUIBDÓ - CHOCÓ),2025,7,1.856,583.0,60.0,miércoles,2025 Jul 16 08:30:00 PM,24.0
27,CHOCÓ,27006,ACANDÍ,27006000,ACANDÍ(ACANDÍ - CHOCÓ),2025,7,669.559,181.146,60.0,miércoles,2025 Jul 16 09:15:00 PM,24.0
27,CHOCÓ,27006,ACANDÍ,27006007,SAN FRANCISCO(ACANDÍ - CHOCÓ),2025,7,25.406,9.474,60.0,domingo,2025 Jul 13 09:00:00 PM,24.0
27,CHOCÓ,27025,ALTO BAUDO,27025000,CIUDAD BAUDO - PIE DE PATO(ALTO BAUDO - CHOCÓ),2025,7,56.67,18.913,60.0,lunes,2025 Jul 21 12:00:00 PM,24.0
27,CHOCÓ,27025,ALTO BAUDO,27025033,MIACORA(ALTO BAUDO - CHOCÓ),2025,7,192.0,11.0,60.0,miércoles,2025 Jul 23 05:45:00 PM,24.0
27,CHOCÓ,27025,ALTO BAUDO,27025035,PUERTO ALEGRE(ALTO BAUDO - CHOCÓ),2025,7,1.346,458.0,60.0,martes,2025 Jul 29 03:45:00 PM,24.0
27,CHOCÓ,27025,ALTO BAUDO,27025920,EL MORRO(ALTO BAUDO - CHOCÓ),2025,7,489.0,149.0,60.0,viernes,2025 Jul 04 04:45:00 PM,24.0
27,CHOCÓ,27025,ALTO BAUDO,27025937,VILLA CECILIA(ALTO BAUDO - CHOCÓ),2025,7,362.0,131.0,60.0,lunes,2025 Jul 28 04:00:00 PM,24.0
27,CHOCÓ,27075,BAHÍA SOLANO,27075000,CIUDAD MUTIS(BAHÍA SOLANO - CHOCÓ),2025,7,932.769,252.157,60.0,martes,2025 Jul 29 07:30:00 PM,24.0
27,CHOCÓ,27075,BAHÍA SOLANO,27075001,CUPICA(BAHÍA SOLANO - CHOCÓ),2025,7,66.516,17.552,60.0,domingo,2025 Jul 27 07:30:00 PM,24.0
27,CHOCÓ,27075,BAHÍA SOLANO,27075002,EL VALLE(BAHÍA SOLANO - CHOCÓ),2025,7,199.609,61.662,60.0,jueves,2025 Jul 17 07:15:00 PM,24.0
27,CHOCÓ,27077,BAJO BAUDÓ,27077000,PIZARRO(BAJO BAUDÓ - CHOCÓ),2025,7,191.269,66.252,60.0,miércoles,2025 Jul 09 01:15:00 PM,24.0
27,CHOCÓ,27077,BAJO BAUDÓ,27077002,BELEN DE DOCAMPADO(BAJO BAUDÓ - CHOCÓ),2025,7,4.818,1.185,60.0,sábado,2025 Jul 12 07:00:00 PM,24.0
27,CHOCÓ,27077,BAJO BAUDÓ,27077011,PILIZA - BELLAVISTA - VILLA LUZ(BAJO BAUDÓ - CHOCÓ),2025,7,2.869,497.0,60.0,martes,2025 Jul 01 07:30:00 PM,24.0
27,CHOCÓ,27077,BAJO BAUDÓ,27077019,VIRUDO(BAJO BAUDÓ - CHOCÓ),2025,7,2.235,1.026,60.0,sábado,2025 Jul 19 07:15:00 PM,24.0
27,CHOCÓ,27077,BAJO BAUDÓ,27077026,GUINEAL(BAJO BAUDÓ - CHOCÓ),2025,7,1.956,2.316,60.0,sábado,2025 Jul 12 07:45:00 PM,24.0
27,CHOCÓ,27077,BAJO BAUDÓ,27077029,FIRME DE USARGA(BAJO BAUDÓ - CHOCÓ),2025,7,36.0,22.0,60.0,jueves,2025 Jul 31 07:45:00 PM,24.0
27,CHOCÓ,27077,BAJO BAUDÓ,27077905,BUENAVISTA(BAJO BAUDÓ - CHOCÓ),2025,7,4.103,1.525,60.0,jueves,2025 Jul 10 07:45:00 PM,24.0
27,CHOCÓ,27077,BAJO BAUDÓ,27077916,TERRON(BAJO BAUDÓ - CHOCÓ),2025,7,3.0,0.0,60.0,sábado,2025 Jul 19 12:45:00 PM,0.0
27,CHOCÓ,27099,BOJAYÁ,27099000,BELLAVISTA(BOJAYÁ - CHOCÓ),2025,7,84.72,31.076,60.0,miércoles,2025 Jul 02 05:15:00 AM,24.0
27,CHOCÓ,27099,BOJAYÁ,27099002,LA LOMA DE BOJAYA(BOJAYÁ - CHOCÓ),2025,7,11.971,5.425,60.0,sábado,2025 Jul 19 07:45:00 PM,24.0
27,CHOCÓ,27099,BOJAYÁ,27099005,NAPIPI(BOJAYÁ - CHOCÓ),2025,7,13.22,4.543,60.0,domingo,2025 Jul 06 04:30:00 PM,24.0
27,CHOCÓ,27099,BOJAYÁ,27099012,POGUE(BOJAYÁ - CHOCÓ),2025,7,5.304,2.461,60.0,lunes,2025 Jul 21 01:15:00 PM,24.0
27,CHOCÓ,27099,BOJAYÁ,27099030,PIEDRA CANDELA(BOJAYÁ - CHOCÓ),2025,7,7.024,3.37,60.0,jueves,2025 Jul 17 07:15:00 PM,24.0
27,CHOCÓ,27099,BOJAYÁ,27099905,CHANO(BOJAYÁ - CHOCÓ),2025,7,379.0,31.0,60.0,jueves,2025 Jul 24 07:45:00 PM,24.0
27,CHOCÓ,27250,EL LITORAL DEL SAN JUAN,27250000,SANTA GENOVEVA DE DOCORDO(EL LITORAL DEL SAN JUAN - CHOCÓ),2025,7,97.007,44.624,60.0,lunes,2025 Jul 14 09:00:00 PM,24.0
27,CHOCÓ,27250,EL LITORAL DEL SAN JUAN,27250023,PAPAYO(EL LITORAL DEL SAN JUAN - CHOCÓ),2025,7,0.0,0.0,60.0,Sin Registro,Sin Registro,0.0
27,CHOCÓ,27361,ISTMINA,27361023,POTEDÓ(ISTMINA - CHOCÓ),2025,7,3.558,1.266,60.0,domingo,2025 Jul 27 09:00:00 PM,24.0
27,CHOCÓ,27361,ISTMINA,27361048,UNION CHOCO(ISTMINA - CHOCÓ),2025,7,1.244,390.0,60.0,sábado,2025 Jul 19 06:30:00 PM,24.0
27,CHOCÓ,27372,JURADO,27372000,JURADO(JURADO - CHOCÓ),2025,7,181.37,57.09,60.0,sábado,2025 Jul 12 07:00:00 PM,24.0
27,CHOCÓ,27372,JURADO,27372901,SANTA TERESITA(JURADO - CHOCÓ),2025,7,293.0,14.0,60.0,miércoles,2025 Jul 30 07:15:00 PM,24.0
27,CHOCÓ,27372,JURADO,27372902,BUENAVISTA(JURADO - CHOCÓ),2025,7,1.77,398.0,60.0,domingo,2025 Jul 13 11:30:00 AM,24.0
27,CHOCÓ,27372,JURADO,27372905,DICHARDI(JURADO - CHOCÓ),2025,7,1.848,1.411,60.0,viernes,2025 Jul 04 11:00:00 AM,24.0
27,CHOCÓ,27372,JURADO,27372907,EYASAKE(JURADO - CHOCÓ),2025,7,5.091,2.313,60.0,martes,2025 Jul 22 07:30:00 PM,24.0
27,CHOCÓ,27372,JURADO,27372930,DOS BOCAS(JURADO - CHOCÓ),2025,7,1.907,770.0,60.0,lunes,2025 Jul 07 07:15:00 PM,24.0
27,CHOCÓ,27425,MEDIO ATRATO,27425000,BETE(MEDIO ATRATO - CHOCÓ),2025,7,7.221,3.008,92.0,lunes,2025 Jul 07 07:45:00 PM,24.0
27,CHOCÓ,27425,MEDIO ATRATO,27425008,SAN ROQUE(MEDIO ATRATO - CHOCÓ),2025,7,306.0,146.0,60.0,jueves,2025 Jul 31 08:15:00 PM,24.0
27,CHOCÓ,27491,NOVITA,27491004,JUNTAS DE TAMANA(NOVITA - CHOCÓ),2025,7,413.0,105.0,60.0,domingo,2025 Jul 27 06:30:00 PM,24.0
27,CHOCÓ,27495,NUQUÍ,27495000,NUQUÍ(NUQUÍ - CHOCÓ),2025,7,329.001,106.314,60.0,miércoles,2025 Jul 16 08:15:00 PM,24.0
27,CHOCÓ,27495,NUQUÍ,27495001,ARUSI(NUQUÍ - CHOCÓ),2025,7,18.818,6.377,60.0,miércoles,2025 Jul 02 08:45:00 PM,24.0
27,CHOCÓ,27495,NUQUÍ,27495002,COQUI(NUQUÍ - CHOCÓ),2025,7,10.834,2.556,60.0,jueves,2025 Jul 17 07:15:00 PM,24.0
27,CHOCÓ,27495,NUQUÍ,27495003,JURUBIRA(NUQUÍ - CHOCÓ),2025,7,22.775,7.862,60.0,lunes,2025 Jul 07 07:15:00 PM,24.0
27,CHOCÓ,27495,NUQUÍ,27495008,JOVI(NUQUÍ - CHOCÓ),2025,7,8.227,3.245,60.0,martes,2025 Jul 15 07:00:00 PM,24.0
27,CHOCÓ,27495,NUQUÍ,27495011,COMUNIDAD DE PUERTO JAGUA(NUQUÍ - CHOCÓ),2025,7,986.0,309.0,60.0,jueves,2025 Jul 17 07:00:00 PM,24.0
27,CHOCÓ,27495,NUQUÍ,27495012,COMUNIDAD INDIG. PUERTO INDIO(NUQUÍ - CHOCÓ),2025,7,3.02,1.621,60.0,viernes,2025 Jul 11 09:45:00 AM,24.0
27,CHOCÓ,27495,NUQUÍ,27495910,COMUNIDAD INDIG. DE RIO NUQUÍ(NUQUÍ - CHOCÓ),2025,7,653.0,146.0,5.0,sábado,2025 Jul 05 07:00:00 PM,24.0
27,CHOCÓ,27495,NUQUÍ,27495912,COMUNIDAD INDÍGENA DE PANGUI - EL YUCAL(NUQUÍ - CHOCÓ),2025,7,7.659,1.793,60.0,martes,2025 Jul 29 03:45:00 PM,24.0
27,CHOCÓ,27615,RIOSUCIO,27615011,SAN JOSE TAMBORAL(RIOSUCIO - CHOCÓ),2025,7,9.0,3.0,60.0,martes,2025 Jul 15 01:15:00 PM,24.0
27,CHOCÓ,27800,UNGUÍA,27800001,BALBOA(UNGUÍA - CHOCÓ),2025,7,28.494,9.921,60.0,sábado,2025 Jul 19 09:00:00 PM,24.0
27,CHOCÓ,27800,UNGUÍA,27800005,TITUMATE(UNGUÍA - CHOCÓ),2025,7,15.983,3.53,60.0,martes,2025 Jul 15 09:00:00 PM,24.0
44,LA GUAJIRA,44847,URIBIA,44847012,NAZARETH(URIBIA - LA GUAJIRA),2025,7,39.571,9.036,60.0,domingo,2025 Jul 27 07:00:00 PM,24.0
47,MAGDALENA,47189,CIÉNAGA,47189018,PALMOR(CIÉNAGA - MAGDALENA),2025,7,96.904,31.656,60.0,sábado,2025 Jul 19 12:00:00 PM,24.0
50,META,50325,MAPIRIPAN,50325000,MAPIRIPAN(MAPIRIPAN - META),2025,7,187.13,56.328,60.0,viernes,2025 Jul 25 06:30:00 PM,24.0
52,NARIÑO,52250,EL CHARCO,52250005,LAS MERCEDES(EL CHARCO - NARIÑO),2025,7,161.0,891.0,60.0,domingo,2025 Jul 13 07:30:00 PM,24.0
52,NARIÑO,52250,EL CHARCO,52250007,SAN JOSE DEL TAPAJE(EL CHARCO - NARIÑO),2025,7,7.206,1.93,56.0,martes,2025 Jul 01 08:30:00 PM,24.0
52,NARIÑO,52250,EL CHARCO,52250016,ALTERON - URIBE URIBE(EL CHARCO - NARIÑO),2025,7,932.0,453.0,60.0,jueves,2025 Jul 17 06:15:00 PM,24.0
52,NARIÑO,52390,LA TOLA,52390003,LA VIGIA DE LA MAR(LA TOLA - NARIÑO),2025,7,5.924,2.927,60.0,miércoles,2025 Jul 23 07:15:00 PM,24.0
52,NARIÑO,52390,LA TOLA,52390005,AGUACATAL(LA TOLA - NARIÑO),2025,7,2.07,740.0,60.0,viernes,2025 Jul 11 05:00:00 PM,24.0
52,NARIÑO,52390,LA TOLA,52390009,MULATOS(LA TOLA - NARIÑO),2025,7,4.73,2.093,60.0,domingo,2025 Jul 20 08:00:00 PM,24.0
52,NARIÑO,52390,LA TOLA,52390013,AMARALES(LA TOLA - NARIÑO),2025,7,6.633,2.714,60.0,jueves,2025 Jul 24 07:45:00 PM,24.0
52,NARIÑO,52390,LA TOLA,52390016,SAN PABLO DEL MAR(LA TOLA - NARIÑO),2025,7,5.569,2.191,60.0,miércoles,2025 Jul 30 08:30:00 PM,24.0
52,NARIÑO,52473,MOSQUERA,52473010,EL BAJITO DE ECHANDIA(MOSQUERA - NARIÑO),2025,7,3.362,1.277,60.0,viernes,2025 Jul 25 12:45:00 PM,24.0
52,NARIÑO,52621,ROBERTO PAYAN,52621912,TAMAJE(ROBERTO PAYAN - NARIÑO),2025,7,5.917,3.092,60.0,jueves,2025 Jul 17 07:45:00 PM,24.0
52,NARIÑO,52696,SANTA BÁRBARA,52696014,LA ENSENADA(SANTA BÁRBARA - NARIÑO),2025,7,2.524,516.0,60.0,lunes,2025 Jul 14 07:00:00 PM,24.0
52,NARIÑO,52696,SANTA BÁRBARA,52696017,SANTA RITA(SANTA BÁRBARA - NARIÑO),2025,7,4.666,3.178,60.0,martes,2025 Jul 01 07:45:00 PM,24.0
52,NARIÑO,52835,SAN ANDRÉS DE TUMACO,52835016,PITAL DE LA COSTA(SAN ANDRÉS DE TUMACO - NARIÑO),2025,7,36.819,19.37,60.0,lunes,2025 Jul 14 07:00:00 PM,24.0
52,NARIÑO,52835,SAN ANDRÉS DE TUMACO,52835055,BOCAS DE CURAY(SAN ANDRÉS DE TUMACO - NARIÑO),2025,7,5.78,1.891,60.0,viernes,2025 Jul 11 06:45:00 PM,24.0
52,NARIÑO,52835,SAN ANDRÉS DE TUMACO,52835217,SAN JUAN DE LA COSTA(SAN ANDRÉS DE TUMACO - NARIÑO),2025,7,0.0,0.0,60.0,Sin Registro,Sin Registro,0.0
76,VALLE DEL CAUCA,76109,BUENAVENTURA,76109011,PASTICO(BUENAVENTURA - VALLE DEL CAUCA),2025,7,2.299,773.0,60.0,martes,2025 Jul 01 04:15:00 PM,24.0
76,VALLE DEL CAUCA,76109,BUENAVENTURA,76109018,CONCEPCION(BUENAVENTURA - VALLE DEL CAUCA),2025,7,4.878,1.615,60.0,jueves,2025 Jul 31 07:00:00 PM,24.0
76,VALLE DEL CAUCA,76109,BUENAVENTURA,76109028,PUERTO MERIZALDE(BUENAVENTURA - VALLE DEL CAUCA),2025,7,95.404,33.465,60.0,miércoles,2025 Jul 02 08:30:00 PM,24.0
76,VALLE DEL CAUCA,76109,BUENAVENTURA,76109030,PUNTA SOLDADO(BUENAVENTURA - VALLE DEL CAUCA),2025,7,4.231,1.313,60.0,lunes,2025 Jul 28 10:00:00 PM,24.0
27,CHOCÓ,27425,MEDIO ATRATO,27425000,BETE,2026,1,22.435,9.698,96.0,domingo,2026 Jan 31 08:00:00 PM,1.156
76,VALLE DEL CAUCA,76109,BUENAVENTURA,76109032,SAN FRANCISCO NAYA(BUENAVENTURA - VALLE DEL CAUCA),2025,7,8.522,3.195,60.0,sábado,2025 Jul 26 12:15:00 PM,24.0
76,VALLE DEL CAUCA,76109,BUENAVENTURA,76109034,SAN ISIDRO - CALIMA(BUENAVENTURA - VALLE DEL CAUCA),2025,7,9.05,1.666,60.0,sábado,2025 Jul 26 01:00:00 PM,24.0
76,VALLE DEL CAUCA,76109,BUENAVENTURA,76109038,SILVA(BUENAVENTURA - VALLE DEL CAUCA),2025,7,4.646,1.668,60.0,viernes,2025 Jul 04 04:30:00 PM,24.0
76,VALLE DEL CAUCA,76109,BUENAVENTURA,76109040,VENERAL(BUENAVENTURA - VALLE DEL CAUCA),2025,7,5.223,411.0,60.0,lunes,2025 Jul 21 07:45:00 PM,24.0
76,VALLE DEL CAUCA,76109,BUENAVENTURA,76109069,PAPAYAL 1(BUENAVENTURA - VALLE DEL CAUCA),2025,7,4.548,887.0,60.0,sábado,2025 Jul 12 07:30:00 PM,24.0
76,VALLE DEL CAUCA,76109,BUENAVENTURA,76109081,PUNTA BONITA(BUENAVENTURA - VALLE DEL CAUCA),2025,7,7.253,4.21,60.0,domingo,2025 Jul 20 08:00:00 PM,24.0
76,VALLE DEL CAUCA,76109,BUENAVENTURA,76109817,SANTA MARIA 1 NAYA(BUENAVENTURA - VALLE DEL CAUCA),2025,7,0.0,0.0,60.0,Sin Registro,Sin Registro,0.0
76,VALLE DEL CAUCA,76109,BUENAVENTURA,76109863,SAN ANTONIO (BUENAVENTURA - VALLE DEL CAUCA),2025,7,3.886,938.0,60.0,miércoles,2025 Jul 23 09:00:00 PM,24.0
76,VALLE DEL CAUCA,76109,BUENAVENTURA,76109904,SAN ANTONIO (RIO CAJAMBRE)(BUENAVENTURA - VALLE DEL CAUCA),2025,7,3.814,1.153,60.0,lunes,2025 Jul 28 11:45:00 AM,24.0
76,VALLE DEL CAUCA,76109,BUENAVENTURA,76109907,SAN PABLO( CAJAMBRE)(BUENAVENTURA - VALLE DEL CAUCA),2025,7,889.0,0.0,60.0,martes,2025 Jul 01 05:00:00 PM,24.0
76,VALLE DEL CAUCA,76109,BUENAVENTURA,76109913,MAYORQUIN(BUENAVENTURA - VALLE DEL CAUCA),2025,7,3.359,787.0,60.0,jueves,2025 Jul 10 07:45:00 PM,24.0
76,VALLE DEL CAUCA,76109,BUENAVENTURA,76109930,GALVEZ(BUENAVENTURA - VALLE DEL CAUCA),2025,7,2.83,488.0,60.0,miércoles,2025 Jul 23 06:30:00 PM,24.0
76,VALLE DEL CAUCA,76109,BUENAVENTURA,76109957,HUMANES MAR(BUENAVENTURA - VALLE DEL CAUCA),2025,7,10.22,1.95,60.0,martes,2025 Jul 15 12:45:00 PM,24.0
86,PUTUMAYO,86573,PUERTO LEGUIZAMO,86573000,PUERTO LEGUIZAMO(PUERTO LEGUIZAMO - PUTUMAYO),2025,7,882.056,232.59,60.0,miércoles,2025 Jul 30 03:30:00 PM,24.0
86,PUTUMAYO,86573,PUERTO LEGUIZAMO,86573009,PIÑUÑA NEGRO(PUERTO LEGUIZAMO - PUTUMAYO),2025,7,4.696,2.574,60.0,sábado,2025 Jul 26 06:45:00 PM,24.0
88,ARCHIPIÉLAGO DE SAN ANDRÉS y PROVIDENCIA,88001,SAN ANDRÉS,88001000,SAN ANDRÉS(SAN ANDRÉS - ARCHIPIÉLAGO DE SAN ANDRÉS y PROVIDENCIA ),2025,7,10.326,8.475,60.0,jueves,2025 Jul 24 03:30:00 PM,24.0
88,ARCHIPIÉLAGO DE SAN ANDRÉS y PROVIDENCIA,88564,PROVIDENCIA,88564000,PROVIDENCIA(PROVIDENCIA - ARCHIPIÉLAGO DE SAN ANDRÉS y PROVIDENCIA ),2025,7,10.326,271.563,60.0,miércoles,2025 Jul 30 10:30:00 PM,24.0
91,AMAZONAS,91001,LETICIA,91001000,LETICIA(LETICIA - AMAZONAS),2025,7,10.326,950.415,60.0,viernes,2025 Jul 25 02:45:00 PM,24.0
91,AMAZONAS,91540,PUERTO NARIÑO,91540000,PUERTO NARIÑO(PUERTO NARIÑO - AMAZONAS),2025,7,130.501,43.206,60.0,martes,2025 Jul 29 06:30:00 PM,24.0
91,AMAZONAS,91798,TARAPACA (ANM),91798000,TARAPACA(TARAPACA (ANM) - AMAZONAS),2025,7,26.78,11.516,60.0,martes,2025 Jul 01 02:00:00 PM,24.0
94,GUAINÍA,94001,INÍRIDA,94001000,INÍRIDA(INÍRIDA - GUAINÍA),2025,7,10.326,573.271,60.0,miércoles,2025 Jul 30 02:45:00 PM,24.0
94,GUAINÍA,94001,INÍRIDA,94001905,CHORRO BOCON(INÍRIDA - GUAINÍA),2025,7,5.987,673.0,60.0,sábado,2025 Jul 19 07:30:00 PM,24.0
94,GUAINÍA,94001,INÍRIDA,94001916,VENADO(INÍRIDA - GUAINÍA),2025,7,2.811,578.0,60.0,lunes,2025 Jul 07 08:00:00 PM,24.0
94,GUAINÍA,94001,INÍRIDA,94001966,LAGUNA COLORADA ALTA(INÍRIDA - GUAINÍA),2025,7,8.841,221.0,60.0,jueves,2025 Jul 31 11:00:00 AM,24.0
94,GUAINÍA,94343,BARRANCO MINAS,94343900,CARPINTERO(BARRANCO MINAS - GUAINÍA),2025,7,2.038,975.0,60.0,miércoles,2025 Jul 02 06:00:00 PM,24.0
94,GUAINÍA,94343,BARRANCO MINAS,94343901,CHATARE(BARRANCO MINAS - GUAINÍA),2025,7,1.716,123.0,60.0,martes,2025 Jul 01 07:00:00 PM,24.0
95,GUAVIARE,95001,SAN JOSÉ DEL GUAVIARE,95001012,CACHICAMO(SAN JOSÉ DEL GUAVIARE - GUAVIARE),2025,7,10.141,4.554,60.0,viernes,2025 Jul 18 07:30:00 PM,24.0
95,GUAVIARE,95200,MIRAFLORES,95200000,MIRAFLORES(MIRAFLORES - GUAVIARE),2025,7,120.927,13.651,60.0,lunes,2025 Jul 28 06:15:00 PM,24.0
97,VAUPÉS,97001,MITÚ,97001000,MITÚ(MITÚ - VAUPÉS),2025,7,10.326,329.593,60.0,lunes,2025 Jul 28 01:15:00 PM,24.0
97,VAUPÉS,97161,CARURÚ,97161000,CARURÚ(CARURÚ - VAUPÉS),2025,7,34.007,5.616,60.0,viernes,2025 Jul 25 06:30:00 PM,24.0
97,VAUPÉS,97666,TARAIRA,97666000,TARAIRA(TARAIRA - VAUPÉS),2025,7,46.237,12.352,60.0,martes,2025 Jul 29 07:00:00 PM,24.0
99,VICHADA,99001,PUERTO CARREÑO,99001000,PUERTO CARREÑO(PUERTO CARREÑO - VICHADA),2025,7,10.326,642.303,60.0,lunes,2025 Jul 28 02:15:00 PM,24.0
99,VICHADA,99001,PUERTO CARREÑO,99001002,CASUARITO(PUERTO CARREÑO - VICHADA),2025,7,38.76,15.285,60.0,jueves,2025 Jul 31 08:30:00 PM,24.0
99,VICHADA,99773,CUMARIBO,99773000,CUMARIBO(CUMARIBO - VICHADA),2025,7,358.606,130.543,60.0,lunes,2025 Jul 28 03:00:00 PM,24.0
5,ANTIOQUIA,5873,VIGÍA DEL FUERTE,5873001,SAN ANTONIO DE PADUA(VIGÍA DEL FUERTE - ANTIOQUIA),2025,8,160.0,0.0,60.0,lunes,2025 Aug 11 10:30:00 PM,24.0
5,ANTIOQUIA,5873,VIGÍA DEL FUERTE,5873005,SAN MIGUEL(VIGÍA DEL FUERTE - ANTIOQUIA),2025,8,373.0,160.0,60.0,viernes,2025 Aug 01 07:30:00 PM,24.0
5,ANTIOQUIA,5873,VIGÍA DEL FUERTE,5873013,LOMA MURRI(VIGÍA DEL FUERTE - ANTIOQUIA),2025,8,4.052,1.616,60.0,sábado,2025 Aug 16 07:30:00 PM,24.0
5,ANTIOQUIA,5873,VIGÍA DEL FUERTE,5873910,PUERTO MEDELLÍN(VIGÍA DEL FUERTE - ANTIOQUIA),2025,8,475.0,189.0,60.0,sábado,2025 Aug 16 07:00:00 PM,24.0
13,BOLÍVAR,13001,CARTAGENA DE INDIAS,13001037,ISLA MUCURA(CARTAGENA DE INDIAS - BOLÍVAR),2025,8,6.235,1.967,60.0,martes,2025 Aug 26 10:30:00 PM,24.0
18,CAQUETÁ,18150,CARTAGENA DEL CHAIRA,18150001,REMOLINO DEL CAGUAN(CARTAGENA DEL CHAIRA - CAQUETÁ),2025,8,8.954,3.54,60.0,viernes,2025 Aug 15 07:45:00 PM,24.0
18,CAQUETÁ,18150,CARTAGENA DEL CHAIRA,18150002,SANTA FE DEL CAGUAN(CARTAGENA DEL CHAIRA - CAQUETÁ),2025,8,274.0,101.0,60.0,miércoles,2025 Aug 20 08:45:00 PM,24.0
18,CAQUETÁ,18753,SAN VICENTE DEL CAGUÁN,18753002,GUACAMAYAS(SAN VICENTE DEL CAGUÁN - CAQUETÁ),2025,8,0.0,0.0,60.0,Sin Registro,Sin Registro,0.0
18,CAQUETÁ,18753,SAN VICENTE DEL CAGUÁN,18753012,SANTA ROSA(SAN VICENTE DEL CAGUÁN - CAQUETÁ),2025,8,1.062,410.0,60.0,viernes,2025 Aug 01 07:00:00 PM,24.0
18,CAQUETÁ,18753,SAN VICENTE DEL CAGUÁN,18753033,VILLA LOBOS(SAN VICENTE DEL CAGUÁN - CAQUETÁ),2025,8,2.716,832.0,60.0,domingo,2025 Aug 03 06:45:00 PM,24.0
19,CAUCA,19318,GUAPI,19318008,LIMONES(GUAPI - CAUCA),2025,8,9.992,4.983,60.0,viernes,2025 Aug 29 08:15:00 PM,24.0
19,CAUCA,19318,GUAPI,19318013,SAN ANTONIO DE GUAJUI(GUAPI - CAUCA),2025,8,6.949,3.574,60.0,miércoles,2025 Aug 20 08:15:00 PM,24.0
19,CAUCA,19418,LÓPEZ DE MICAY,19418009,NOANAMITO(LÓPEZ DE MICAY - CAUCA),2025,8,7.087,3.828,40.0,viernes,2025 Aug 01 07:00:00 PM,24.0
19,CAUCA,19418,LÓPEZ DE MICAY,19418033,BOCA GRANDE(LÓPEZ DE MICAY - CAUCA),2025,8,0.0,0.0,60.0,Sin Registro,Sin Registro,0.0
19,CAUCA,19809,TIMBIQUÍ,19809003,COTEJE(TIMBIQUÍ - CAUCA),2025,8,6.502,4.61,60.0,sábado,2025 Aug 16 08:00:00 PM,24.0
19,CAUCA,19809,TIMBIQUÍ,19809007,SAN JOSE(TIMBIQUÍ - CAUCA),2025,8,5.336,3.309,60.0,sábado,2025 Aug 16 07:15:00 PM,24.0
19,CAUCA,19809,TIMBIQUÍ,19809009,SANTA ROSA DE SAIJA(TIMBIQUÍ - CAUCA),2025,8,3.516,1.035,60.0,viernes,2025 Aug 29 10:30:00 PM,24.0
19,CAUCA,19809,TIMBIQUÍ,19809010,COMUNIDAD DE CHETE(TIMBIQUÍ - CAUCA),2025,8,5.075,1.893,60.0,sábado,2025 Aug 23 07:00:00 PM,24.0
19,CAUCA,19809,TIMBIQUÍ,19809014,CHACON(TIMBIQUÍ - CAUCA),2025,8,2.866,419.0,60.0,viernes,2025 Aug 01 07:15:00 PM,24.0
27,CHOCÓ,27001,QUIBDÓ,27001029,TAGACHI(QUIBDÓ - CHOCÓ),2025,8,0.0,0.0,60.0,Sin Registro,Sin Registro,0.0
27,CHOCÓ,27006,ACANDÍ,27006000,ACANDÍ(ACANDÍ - CHOCÓ),2025,8,651.931,185.607,60.0,lunes,2025 Aug 25 09:45:00 PM,21.0
27,CHOCÓ,27006,ACANDÍ,27006007,SAN FRANCISCO(ACANDÍ - CHOCÓ),2025,8,25.896,9.701,60.0,sábado,2025 Aug 16 08:30:00 PM,24.0
27,CHOCÓ,27025,ALTO BAUDO,27025000,CIUDAD BAUDO - PIE DE PATO(ALTO BAUDO - CHOCÓ),2025,8,56.83,18.53,60.0,viernes,2025 Aug 08 11:45:00 AM,24.0
27,CHOCÓ,27025,ALTO BAUDO,27025033,MIACORA(ALTO BAUDO - CHOCÓ),2025,8,142.0,6.0,60.0,domingo,2025 Aug 03 06:45:00 PM,24.0
27,CHOCÓ,27025,ALTO BAUDO,27025035,PUERTO ALEGRE(ALTO BAUDO - CHOCÓ),2025,8,1.33,522.0,60.0,jueves,2025 Aug 21 11:45:00 AM,24.0
27,CHOCÓ,27025,ALTO BAUDO,27025920,EL MORRO(ALTO BAUDO - CHOCÓ),2025,8,242.0,69.0,60.0,jueves,2025 Aug 21 07:15:00 PM,24.0
27,CHOCÓ,27025,ALTO BAUDO,27025937,VILLA CECILIA(ALTO BAUDO - CHOCÓ),2025,8,388.0,158.0,60.0,miércoles,2025 Aug 20 09:00:00 AM,24.0
27,CHOCÓ,27075,BAHÍA SOLANO,27075000,CIUDAD MUTIS(BAHÍA SOLANO - CHOCÓ),2025,8,946.512,186.205,60.0,viernes,2025 Aug 08 07:30:00 PM,24.0
27,CHOCÓ,27075,BAHÍA SOLANO,27075001,CUPICA(BAHÍA SOLANO - CHOCÓ),2025,8,66.958,16.666,60.0,viernes,2025 Aug 01 08:30:00 PM,24.0
27,CHOCÓ,27075,BAHÍA SOLANO,27075002,EL VALLE(BAHÍA SOLANO - CHOCÓ),2025,8,202.978,62.164,60.0,viernes,2025 Aug 29 07:00:00 PM,24.0
27,CHOCÓ,27077,BAJO BAUDÓ,27077000,PIZARRO(BAJO BAUDÓ - CHOCÓ),2025,8,205.584,71.451,60.0,sábado,2025 Aug 30 12:00:00 PM,24.0
27,CHOCÓ,27077,BAJO BAUDÓ,27077002,BELEN DE DOCAMPADO(BAJO BAUDÓ - CHOCÓ),2025,8,24.0,7.0,60.0,domingo,2025 Aug 10 08:45:00 AM,24.0
27,CHOCÓ,27077,BAJO BAUDÓ,27077011,PILIZA - BELLAVISTA - VILLA LUZ(BAJO BAUDÓ - CHOCÓ),2025,8,2.634,496.0,60.0,viernes,2025 Aug 01 07:00:00 PM,24.0
27,CHOCÓ,27077,BAJO BAUDÓ,27077019,VIRUDO(BAJO BAUDÓ - CHOCÓ),2025,8,0.0,0.0,60.0,Sin Registro,Sin Registro,0.0
27,CHOCÓ,27077,BAJO BAUDÓ,27077026,GUINEAL(BAJO BAUDÓ - CHOCÓ),2025,8,2.34,2.718,60.0,martes,2025 Aug 19 06:45:00 PM,24.0
27,CHOCÓ,27077,BAJO BAUDÓ,27077905,BUENAVISTA(BAJO BAUDÓ - CHOCÓ),2025,8,4.18,1.565,60.0,lunes,2025 Aug 11 07:15:00 PM,24.0
27,CHOCÓ,27077,BAJO BAUDÓ,27077911,PLAYA NUEVA(BAJO BAUDÓ - CHOCÓ),2025,8,2.58,1.056,60.0,sábado,2025 Aug 09 01:15:00 PM,24.0
27,CHOCÓ,27077,BAJO BAUDÓ,27077916,TERRON(BAJO BAUDÓ - CHOCÓ),2025,8,0.0,0.0,60.0,Sin Registro,Sin Registro,0.0
27,CHOCÓ,27099,BOJAYÁ,27099000,BELLAVISTA(BOJAYÁ - CHOCÓ),2025,8,54.151,19.905,60.0,viernes,2025 Aug 08 07:00:00 PM,24.0
27,CHOCÓ,27099,BOJAYÁ,27099002,LA LOMA DE BOJAYA(BOJAYÁ - CHOCÓ),2025,8,13.206,5.793,60.0,viernes,2025 Aug 01 07:00:00 PM,24.0
27,CHOCÓ,27099,BOJAYÁ,27099005,NAPIPI(BOJAYÁ - CHOCÓ),2025,8,13.369,4.6,60.0,viernes,2025 Aug 01 04:15:00 PM,24.0
27,CHOCÓ,27099,BOJAYÁ,27099012,POGUE(BOJAYÁ - CHOCÓ),2025,8,5.381,2.571,60.0,sábado,2025 Aug 23 01:15:00 PM,24.0
27,CHOCÓ,27099,BOJAYÁ,27099030,PIEDRA CANDELA(BOJAYÁ - CHOCÓ),2025,8,8.175,3.997,60.0,viernes,2025 Aug 22 07:15:00 PM,24.0
27,CHOCÓ,27099,BOJAYÁ,27099905,CHANO(BOJAYÁ - CHOCÓ),2025,8,544.0,57.0,60.0,miércoles,2025 Aug 06 07:30:00 PM,24.0
27,CHOCÓ,27250,EL LITORAL DEL SAN JUAN,27250000,SANTA GENOVEVA DE DOCORDO(EL LITORAL DEL SAN JUAN - CHOCÓ),2025,8,90.346,42.103,60.0,lunes,2025 Aug 25 07:15:00 PM,24.0
27,CHOCÓ,27250,EL LITORAL DEL SAN JUAN,27250023,PAPAYO(EL LITORAL DEL SAN JUAN - CHOCÓ),2025,8,0.0,0.0,60.0,Sin Registro,Sin Registro,0.0
27,CHOCÓ,27361,ISTMINA,27361021,PANAMACITO(ISTMINA - CHOCÓ),2025,8,1.507,614.0,60.0,sábado,2025 Aug 09 05:00:00 PM,24.0
27,CHOCÓ,27361,ISTMINA,27361023,POTEDÓ(ISTMINA - CHOCÓ),2025,8,3.425,1.163,60.0,lunes,2025 Aug 04 06:00:00 PM,24.0
27,CHOCÓ,27361,ISTMINA,27361048,UNION CHOCO(ISTMINA - CHOCÓ),2025,8,1.506,519.0,60.0,martes,2025 Aug 05 06:45:00 PM,24.0
27,CHOCÓ,27372,JURADO,27372000,JURADO(JURADO - CHOCÓ),2025,8,204.548,62.052,60.0,miércoles,2025 Aug 13 08:15:00 PM,24.0
27,CHOCÓ,27372,JURADO,27372901,SANTA TERESITA(JURADO - CHOCÓ),2025,8,1.844,63.0,60.0,martes,2025 Aug 12 07:15:00 PM,24.0
27,CHOCÓ,27372,JURADO,27372902,BUENAVISTA(JURADO - CHOCÓ),2025,8,1.581,359.0,60.0,miércoles,2025 Aug 27 10:45:00 AM,24.0
27,CHOCÓ,27372,JURADO,27372905,DICHARDI(JURADO - CHOCÓ),2025,8,1.869,1.556,60.0,sábado,2025 Aug 16 11:15:00 AM,24.0
27,CHOCÓ,27372,JURADO,27372907,EYASAKE(JURADO - CHOCÓ),2025,8,5.53,2.496,60.0,sábado,2025 Aug 30 08:45:00 AM,24.0
27,CHOCÓ,27372,JURADO,27372930,DOS BOCAS(JURADO - CHOCÓ),2025,8,1.959,863.0,60.0,jueves,2025 Aug 07 07:15:00 PM,24.0
27,CHOCÓ,27425,MEDIO ATRATO,27425000,BETE(MEDIO ATRATO - CHOCÓ),2025,8,9.185,3.939,76.0,domingo,2025 Aug 24 07:30:00 PM,24.0
27,CHOCÓ,27425,MEDIO ATRATO,27425008,SAN ROQUE(MEDIO ATRATO - CHOCÓ),2025,8,1.627,658.0,60.0,sábado,2025 Aug 16 10:00:00 PM,24.0
27,CHOCÓ,27491,NOVITA,27491004,JUNTAS DE TAMANA(NOVITA - CHOCÓ),2025,8,2.46,767.0,60.0,miércoles,2025 Aug 27 07:00:00 PM,24.0
27,CHOCÓ,27495,NUQUÍ,27495000,NUQUÍ(NUQUÍ - CHOCÓ),2025,8,325.533,105.951,60.0,viernes,2025 Aug 01 08:00:00 PM,24.0
27,CHOCÓ,27495,NUQUÍ,27495001,ARUSI(NUQUÍ - CHOCÓ),2025,8,26.857,8.068,84.0,viernes,2025 Aug 29 06:45:00 PM,24.0
27,CHOCÓ,27495,NUQUÍ,27495002,COQUI(NUQUÍ - CHOCÓ),2025,8,9.123,2.657,60.0,jueves,2025 Aug 28 06:30:00 PM,24.0
27,CHOCÓ,27495,NUQUÍ,27495003,JURUBIRA(NUQUÍ - CHOCÓ),2025,8,25.861,8.812,60.0,viernes,2025 Aug 01 08:00:00 PM,24.0
27,CHOCÓ,27495,NUQUÍ,27495008,JOVI(NUQUÍ - CHOCÓ),2025,8,9.013,3.612,60.0,domingo,2025 Aug 10 01:00:00 PM,24.0
27,CHOCÓ,27495,NUQUÍ,27495010,TERMALES(NUQUÍ - CHOCÓ),2025,8,4.744,2.103,60.0,jueves,2025 Aug 14 02:15:00 PM,24.0
27,CHOCÓ,27495,NUQUÍ,27495011,COMUNIDAD DE PUERTO JAGUA(NUQUÍ - CHOCÓ),2025,8,1.355,455.0,60.0,viernes,2025 Aug 29 08:00:00 PM,24.0
27,CHOCÓ,27495,NUQUÍ,27495012,COMUNIDAD INDIG. PUERTO INDIO(NUQUÍ - CHOCÓ),2025,8,2.954,1.616,60.0,miércoles,2025 Aug 06 12:30:00 PM,24.0
27,CHOCÓ,27495,NUQUÍ,27495910,COMUNIDAD INDIG. DE RIO NUQUÍ(NUQUÍ - CHOCÓ),2025,8,723.0,185.0,60.0,martes,2025 Aug 19 07:15:00 PM,24.0
27,CHOCÓ,27495,NUQUÍ,27495912,COMUNIDAD INDÍGENA DE PANGUI - EL YUCAL(NUQUÍ - CHOCÓ),2025,8,7.185,1.678,60.0,miércoles,2025 Aug 06 03:00:00 PM,24.0
27,CHOCÓ,27615,RIOSUCIO,27615011,SAN JOSE TAMBORAL(RIOSUCIO - CHOCÓ),2025,8,0.0,0.0,60.0,Sin Registro,Sin Registro,0.0
27,CHOCÓ,27800,UNGUÍA,27800000,UNGUÍA(UNGUÍA - CHOCÓ),2025,8,487.102,151.044,60.0,viernes,2025 Aug 29 09:00:00 PM,24.0
27,CHOCÓ,27800,UNGUÍA,27800001,BALBOA(UNGUÍA - CHOCÓ),2025,8,30.132,10.099,60.0,miércoles,2025 Aug 13 08:15:00 PM,24.0
27,CHOCÓ,27800,UNGUÍA,27800005,TITUMATE(UNGUÍA - CHOCÓ),2025,8,16.785,4.012,60.0,jueves,2025 Aug 07 08:15:00 PM,24.0
44,LA GUAJIRA,44847,URIBIA,44847012,NAZARETH(URIBIA - LA GUAJIRA),2025,8,39.083,8.753,60.0,domingo,2025 Aug 31 07:00:00 PM,24.0
47,MAGDALENA,47189,CIÉNAGA,47189018,PALMOR(CIÉNAGA - MAGDALENA),2025,8,100.268,32.349,60.0,lunes,2025 Aug 25 07:45:00 PM,24.0
50,META,50325,MAPIRIPAN,50325000,MAPIRIPAN(MAPIRIPAN - META),2025,8,200.648,61.23,60.0,miércoles,2025 Aug 20 06:45:00 PM,24.0
52,NARIÑO,52250,EL CHARCO,52250005,LAS MERCEDES(EL CHARCO - NARIÑO),2025,8,0.0,0.0,60.0,Sin Registro,Sin Registro,0.0
52,NARIÑO,52250,EL CHARCO,52250007,SAN JOSE DEL TAPAJE(EL CHARCO - NARIÑO),2025,8,3.786,1.614,32.0,viernes,2025 Aug 01 06:45:00 PM,24.0
52,NARIÑO,52250,EL CHARCO,52250016,ALTERON - URIBE URIBE(EL CHARCO - NARIÑO),2025,8,1.104,487.0,60.0,sábado,2025 Aug 30 05:45:00 PM,24.0
52,NARIÑO,52390,LA TOLA,52390003,LA VIGIA DE LA MAR(LA TOLA - NARIÑO),2025,8,5.861,3.124,60.0,miércoles,2025 Aug 06 08:00:00 PM,24.0
52,NARIÑO,52390,LA TOLA,52390005,AGUACATAL(LA TOLA - NARIÑO),2025,8,3.023,1.14,60.0,sábado,2025 Aug 02 06:30:00 PM,24.0
52,NARIÑO,52390,LA TOLA,52390009,MULATOS(LA TOLA - NARIÑO),2025,8,4.491,2.277,60.0,lunes,2025 Aug 04 05:30:00 PM,24.0
52,NARIÑO,52390,LA TOLA,52390013,AMARALES(LA TOLA - NARIÑO),2025,8,9.328,3.741,60.0,domingo,2025 Aug 03 08:45:00 PM,24.0
52,NARIÑO,52390,LA TOLA,52390016,SAN PABLO DEL MAR(LA TOLA - NARIÑO),2025,8,6.012,2.092,60.0,viernes,2025 Aug 01 06:45:00 PM,24.0
52,NARIÑO,52473,MOSQUERA,52473010,EL BAJITO DE ECHANDIA(MOSQUERA - NARIÑO),2025,8,3.231,1.154,60.0,jueves,2025 Aug 14 07:30:00 PM,24.0
52,NARIÑO,52621,ROBERTO PAYAN,52621912,TAMAJE(ROBERTO PAYAN - NARIÑO),2025,8,5.632,2.896,60.0,sábado,2025 Aug 09 08:45:00 PM,24.0
52,NARIÑO,52696,SANTA BÁRBARA,52696014,LA ENSENADA(SANTA BÁRBARA - NARIÑO),2025,8,2.67,2.769,60.0,sábado,2025 Aug 09 07:15:00 PM,24.0
52,NARIÑO,52696,SANTA BÁRBARA,52696017,SANTA RITA(SANTA BÁRBARA - NARIÑO),2025,8,5.124,2.557,60.0,viernes,2025 Aug 29 08:00:00 PM,24.0
52,NARIÑO,52835,SAN ANDRÉS DE TUMACO,52835016,PITAL DE LA COSTA(SAN ANDRÉS DE TUMACO - NARIÑO),2025,8,40.26,22.459,60.0,miércoles,2025 Aug 27 05:30:00 PM,24.0
52,NARIÑO,52835,SAN ANDRÉS DE TUMACO,52835055,BOCAS DE CURAY(SAN ANDRÉS DE TUMACO - NARIÑO),2025,8,8.762,3.014,60.0,miércoles,2025 Aug 13 05:45:00 PM,24.0
52,NARIÑO,52835,SAN ANDRÉS DE TUMACO,52835217,SAN JUAN DE LA COSTA(SAN ANDRÉS DE TUMACO - NARIÑO),2025,8,0.0,0.0,60.0,Sin Registro,Sin Registro,0.0
76,VALLE DEL CAUCA,76109,BUENAVENTURA,76109011,PASTICO(BUENAVENTURA - VALLE DEL CAUCA),2025,8,4.725,1.711,60.0,domingo,2025 Aug 31 03:00:00 PM,24.0
76,VALLE DEL CAUCA,76109,BUENAVENTURA,76109018,CONCEPCION(BUENAVENTURA - VALLE DEL CAUCA),2025,8,6.753,2.202,60.0,viernes,2025 Aug 15 07:15:00 PM,24.0
76,VALLE DEL CAUCA,76109,BUENAVENTURA,76109028,PUERTO MERIZALDE(BUENAVENTURA - VALLE DEL CAUCA),2025,8,117.892,40.037,60.0,sábado,2025 Aug 23 07:45:00 PM,24.0
76,VALLE DEL CAUCA,76109,BUENAVENTURA,76109030,PUNTA SOLDADO(BUENAVENTURA - VALLE DEL CAUCA),2025,8,7.939,2.295,60.0,jueves,2025 Aug 07 08:30:00 PM,24.0
76,VALLE DEL CAUCA,76109,BUENAVENTURA,76109032,SAN FRANCISCO NAYA(BUENAVENTURA - VALLE DEL CAUCA),2025,8,8.742,3.128,60.0,lunes,2025 Aug 18 11:45:00 AM,24.0
76,VALLE DEL CAUCA,76109,BUENAVENTURA,76109034,SAN ISIDRO - CALIMA(BUENAVENTURA - VALLE DEL CAUCA),2025,8,7.114,1.29,60.0,viernes,2025 Aug 22 07:15:00 PM,24.0
76,VALLE DEL CAUCA,76109,BUENAVENTURA,76109038,SILVA(BUENAVENTURA - VALLE DEL CAUCA),2025,8,4.914,1.799,60.0,sábado,2025 Aug 23 07:15:00 PM,24.0
76,VALLE DEL CAUCA,76109,BUENAVENTURA,76109040,VENERAL(BUENAVENTURA - VALLE DEL CAUCA),2025,8,4.909,753.0,60.0,lunes,2025 Aug 04 10:30:00 AM,24.0
76,VALLE DEL CAUCA,76109,BUENAVENTURA,76109069,PAPAYAL 1(BUENAVENTURA - VALLE DEL CAUCA),2025,8,4.038,905.0,60.0,martes,2025 Aug 12 07:00:00 PM,24.0
76,VALLE DEL CAUCA,76109,BUENAVENTURA,76109081,PUNTA BONITA(BUENAVENTURA - VALLE DEL CAUCA),2025,8,7.945,5.046,38.0,jueves,2025 Aug 14 07:00:00 PM,24.0
76,VALLE DEL CAUCA,76109,BUENAVENTURA,76109105,PITAL(BUENAVENTURA - VALLE DEL CAUCA),2025,8,5.641,921.0,60.0,jueves,2025 Aug 14 06:45:00 PM,24.0
76,VALLE DEL CAUCA,76109,BUENAVENTURA,76109817,SANTA MARIA 1 NAYA(BUENAVENTURA - VALLE DEL CAUCA),2025,8,0.0,0.0,60.0,Sin Registro,Sin Registro,0.0
76,VALLE DEL CAUCA,76109,BUENAVENTURA,76109863,SAN ANTONIO (BUENAVENTURA - VALLE DEL CAUCA),2025,8,3.313,812.0,60.0,miércoles,2025 Aug 27 07:30:00 PM,24.0
76,VALLE DEL CAUCA,76109,BUENAVENTURA,76109904,SAN ANTONIO (RIO CAJAMBRE)(BUENAVENTURA - VALLE DEL CAUCA),2025,8,5.097,1.499,60.0,lunes,2025 Aug 04 11:15:00 AM,24.0
76,VALLE DEL CAUCA,76109,BUENAVENTURA,76109907,SAN PABLO( CAJAMBRE)(BUENAVENTURA - VALLE DEL CAUCA),2025,8,961.0,0.0,60.0,sábado,2025 Aug 02 01:30:00 PM,24.0
76,VALLE DEL CAUCA,76109,BUENAVENTURA,76109913,MAYORQUIN(BUENAVENTURA - VALLE DEL CAUCA),2025,8,5.354,897.0,60.0,domingo,2025 Aug 17 10:30:00 AM,24.0
76,VALLE DEL CAUCA,76109,BUENAVENTURA,76109930,GALVEZ(BUENAVENTURA - VALLE DEL CAUCA),2025,8,3.986,664.0,60.0,jueves,2025 Aug 28 08:30:00 PM,24.0
76,VALLE DEL CAUCA,76109,BUENAVENTURA,76109957,HUMANES MAR(BUENAVENTURA - VALLE DEL CAUCA),2025,8,9.371,1.871,60.0,domingo,2025 Aug 24 08:30:00 AM,24.0
86,PUTUMAYO,86573,PUERTO LEGUIZAMO,86573000,PUERTO LEGUIZAMO(PUERTO LEGUIZAMO - PUTUMAYO),2025,8,893.794,237.856,60.0,miércoles,2025 Aug 20 02:45:00 PM,24.0
86,PUTUMAYO,86573,PUERTO LEGUIZAMO,86573009,PIÑUÑA NEGRO(PUERTO LEGUIZAMO - PUTUMAYO),2025,8,5.252,3.428,60.0,sábado,2025 Aug 30 06:15:00 PM,24.0
88,ARCHIPIÉLAGO DE SAN ANDRÉS y PROVIDENCIA,88001,SAN ANDRÉS,88001000,SAN ANDRÉS(SAN ANDRÉS - ARCHIPIÉLAGO DE SAN ANDRÉS y PROVIDENCIA ),2025,8,10.326,8.475,60.0,martes,2025 Aug 26 03:45:00 PM,24.0
88,ARCHIPIÉLAGO DE SAN ANDRÉS y PROVIDENCIA,88564,PROVIDENCIA,88564000,PROVIDENCIA(PROVIDENCIA - ARCHIPIÉLAGO DE SAN ANDRÉS y PROVIDENCIA ),2025,8,10.326,257.657,60.0,jueves,2025 Aug 21 10:45:00 PM,24.0
91,AMAZONAS,91001,LETICIA,91001000,LETICIA(LETICIA - AMAZONAS),2025,8,10.326,966.438,60.0,viernes,2025 Aug 22 03:15:00 PM,24.0
91,AMAZONAS,91540,PUERTO NARIÑO,91540000,PUERTO NARIÑO(PUERTO NARIÑO - AMAZONAS),2025,8,135.552,44.405,60.0,jueves,2025 Aug 21 02:00:00 PM,24.0
91,AMAZONAS,91798,TARAPACA (ANM),91798000,TARAPACA(TARAPACA (ANM) - AMAZONAS),2025,8,27.06,11.589,60.0,jueves,2025 Aug 21 02:30:00 PM,24.0
94,GUAINÍA,94001,INÍRIDA,94001000,INÍRIDA(INÍRIDA - GUAINÍA),2025,8,10.326,587.787,60.0,miércoles,2025 Aug 20 02:45:00 PM,24.0
94,GUAINÍA,94001,INÍRIDA,94001905,CHORRO BOCON(INÍRIDA - GUAINÍA),2025,8,6.954,1.009,60.0,domingo,2025 Aug 31 06:45:00 PM,24.0
94,GUAINÍA,94001,INÍRIDA,94001916,VENADO(INÍRIDA - GUAINÍA),2025,8,2.669,579.0,60.0,sábado,2025 Aug 09 06:15:00 PM,24.0
94,GUAINÍA,94001,INÍRIDA,94001966,LAGUNA COLORADA ALTA(INÍRIDA - GUAINÍA),2025,8,9.381,334.0,60.0,martes,2025 Aug 19 11:00:00 AM,24.0
94,GUAINÍA,94343,BARRANCO MINAS,94343900,CARPINTERO(BARRANCO MINAS - GUAINÍA),2025,8,2.202,1.064,60.0,domingo,2025 Aug 31 06:15:00 PM,24.0
94,GUAINÍA,94343,BARRANCO MINAS,94343901,CHATARE(BARRANCO MINAS - GUAINÍA),2025,8,693.0,35.0,60.0,domingo,2025 Aug 10 07:45:00 PM,24.0
95,GUAVIARE,95001,SAN JOSÉ DEL GUAVIARE,95001012,CACHICAMO(SAN JOSÉ DEL GUAVIARE - GUAVIARE),2025,8,11.475,5.117,60.0,domingo,2025 Aug 24 06:15:00 PM,24.0
95,GUAVIARE,95200,MIRAFLORES,95200000,MIRAFLORES(MIRAFLORES - GUAVIARE),2025,8,125.695,16.755,60.0,miércoles,2025 Aug 20 06:15:00 PM,24.0
97,VAUPÉS,97001,MITÚ,97001000,MITÚ(MITÚ - VAUPÉS),2025,8,10.326,340.391,60.0,miércoles,2025 Aug 20 11:30:00 AM,24.0
97,VAUPÉS,97161,CARURÚ,97161000,CARURÚ(CARURÚ - VAUPÉS),2025,8,38.68,7.41,60.0,viernes,2025 Aug 29 11:45:00 AM,24.0
97,VAUPÉS,97666,TARAIRA,97666000,TARAIRA(TARAIRA - VAUPÉS),2025,8,47.38,12.844,60.0,miércoles,2025 Aug 20 12:45:00 PM,24.0
99,VICHADA,99001,PUERTO CARREÑO,99001000,PUERTO CARREÑO(PUERTO CARREÑO - VICHADA),2025,8,10.326,640.431,60.0,miércoles,2025 Aug 20 01:30:00 PM,24.0
99,VICHADA,99001,PUERTO CARREÑO,99001002,CASUARITO(PUERTO CARREÑO - VICHADA),2025,8,39.57,15.568,60.0,lunes,2025 Aug 04 08:15:00 PM,24.0
99,VICHADA,99773,CUMARIBO,99773000,CUMARIBO(CUMARIBO - VICHADA),2025,8,379.696,136.546,60.0,miércoles,2025 Aug 20 02:30:00 PM,24.0
5,ANTIOQUIA,5873,VIGÍA DEL FUERTE,5873001,SAN ANTONIO DE PADUA(VIGÍA DEL FUERTE - ANTIOQUIA),2025,9,0.0,0.0,60.0,Sin Registro,Sin Registro,0.0
5,ANTIOQUIA,5873,VIGÍA DEL FUERTE,5873005,SAN MIGUEL(VIGÍA DEL FUERTE - ANTIOQUIA),2025,9,1.209,550.0,60.0,jueves,2025 Sep 04 06:30:00 PM,24.0
5,ANTIOQUIA,5873,VIGÍA DEL FUERTE,5873013,LOMA MURRI(VIGÍA DEL FUERTE - ANTIOQUIA),2025,9,3.895,1.588,60.0,miércoles,2025 Sep 03 06:45:00 PM,24.0
5,ANTIOQUIA,5873,VIGÍA DEL FUERTE,5873910,PUERTO MEDELLÍN(VIGÍA DEL FUERTE - ANTIOQUIA),2025,9,619.0,232.0,60.0,viernes,2025 Sep 05 06:30:00 PM,24.0
13,BOLÍVAR,13001,CARTAGENA DE INDIAS,13001037,ISLA MUCURA(CARTAGENA DE INDIAS - BOLÍVAR),2025,9,6.329,2.193,60.0,miércoles,2025 Sep 10 10:30:00 PM,24.0
18,CAQUETÁ,18150,CARTAGENA DEL CHAIRA,18150001,REMOLINO DEL CAGUAN(CARTAGENA DEL CHAIRA - CAQUETÁ),2025,9,12.89,4.199,60.0,viernes,2025 Sep 19 07:30:00 PM,24.0
18,CAQUETÁ,18150,CARTAGENA DEL CHAIRA,18150002,SANTA FE DEL CAGUAN(CARTAGENA DEL CHAIRA - CAQUETÁ),2025,9,0.0,0.0,60.0,Sin Registro,Sin Registro,0.0
18,CAQUETÁ,18753,SAN VICENTE DEL CAGUÁN,18753002,GUACAMAYAS(SAN VICENTE DEL CAGUÁN - CAQUETÁ),2025,9,0.0,0.0,60.0,Sin Registro,Sin Registro,0.0
18,CAQUETÁ,18753,SAN VICENTE DEL CAGUÁN,18753012,SANTA ROSA(SAN VICENTE DEL CAGUÁN - CAQUETÁ),2025,9,0.0,0.0,60.0,Sin Registro,Sin Registro,0.0
18,CAQUETÁ,18753,SAN VICENTE DEL CAGUÁN,18753033,VILLA LOBOS(SAN VICENTE DEL CAGUÁN - CAQUETÁ),2025,9,0.0,0.0,60.0,Sin Registro,Sin Registro,0.0
19,CAUCA,19318,GUAPI,19318008,LIMONES(GUAPI - CAUCA),2025,9,8.124,3.831,60.0,domingo,2025 Sep 28 11:45:00 PM,24.0
19,CAUCA,19318,GUAPI,19318013,SAN ANTONIO DE GUAJUI(GUAPI - CAUCA),2025,9,6.717,3.458,60.0,miércoles,2025 Sep 10 07:45:00 PM,24.0
19,CAUCA,19418,LÓPEZ DE MICAY,19418009,NOANAMITO(LÓPEZ DE MICAY - CAUCA),2025,9,6.188,3.533,44.0,martes,2025 Sep 16 05:45:00 PM,6.0
19,CAUCA,19418,LÓPEZ DE MICAY,19418033,BOCA GRANDE(LÓPEZ DE MICAY - CAUCA),2025,9,0.0,0.0,60.0,martes,2025 Sep 16 06:15:00 PM,0.0
19,CAUCA,19809,TIMBIQUÍ,19809003,COTEJE(TIMBIQUÍ - CAUCA),2025,9,6.88,4.627,60.0,martes,2025 Sep 23 09:00:00 PM,24.0
19,CAUCA,19809,TIMBIQUÍ,19809007,SAN JOSE(TIMBIQUÍ - CAUCA),2025,9,5.566,3.433,60.0,sábado,2025 Sep 27 07:15:00 PM,24.0
19,CAUCA,19809,TIMBIQUÍ,19809009,SANTA ROSA DE SAIJA(TIMBIQUÍ - CAUCA),2025,9,3.236,1.077,60.0,domingo,2025 Sep 07 07:30:00 PM,24.0
19,CAUCA,19809,TIMBIQUÍ,19809010,COMUNIDAD DE CHETE(TIMBIQUÍ - CAUCA),2025,9,4.616,1.704,60.0,sábado,2025 Sep 13 07:15:00 PM,24.0
19,CAUCA,19809,TIMBIQUÍ,19809014,CHACON(TIMBIQUÍ - CAUCA),2025,9,2.148,301.0,60.0,jueves,2025 Sep 04 08:15:00 PM,24.0
27,CHOCÓ,27001,QUIBDÓ,27001029,TAGACHI(QUIBDÓ - CHOCÓ),2025,9,0.0,0.0,60.0,miércoles,2025 Sep 03 07:00:00 PM,0.0
27,CHOCÓ,27006,ACANDÍ,27006000,ACANDÍ(ACANDÍ - CHOCÓ),2025,9,624.006,169.905,60.0,martes,2025 Sep 30 08:45:00 PM,24.0
27,CHOCÓ,27006,ACANDÍ,27006007,SAN FRANCISCO(ACANDÍ - CHOCÓ),2025,9,22.564,8.856,60.0,domingo,2025 Sep 07 08:30:00 PM,24.0
27,CHOCÓ,27025,ALTO BAUDO,27025000,CIUDAD BAUDO - PIE DE PATO(ALTO BAUDO - CHOCÓ),2025,9,54.169,17.218,60.0,domingo,2025 Sep 14 12:15:00 PM,24.0
27,CHOCÓ,27025,ALTO BAUDO,27025033,MIACORA(ALTO BAUDO - CHOCÓ),2025,9,111.0,3.0,60.0,sábado,2025 Sep 13 07:15:00 PM,24.0
27,CHOCÓ,27025,ALTO BAUDO,27025035,PUERTO ALEGRE(ALTO BAUDO - CHOCÓ),2025,9,1.156,428.0,60.0,miércoles,2025 Sep 10 04:45:00 PM,24.0
27,CHOCÓ,27025,ALTO BAUDO,27025920,EL MORRO(ALTO BAUDO - CHOCÓ),2025,9,158.0,46.0,60.0,sábado,2025 Sep 13 08:00:00 PM,24.0
27,CHOCÓ,27025,ALTO BAUDO,27025937,VILLA CECILIA(ALTO BAUDO - CHOCÓ),2025,9,216.0,95.0,60.0,domingo,2025 Sep 28 06:15:00 PM,24.0
27,CHOCÓ,27075,BAHÍA SOLANO,27075000,CIUDAD MUTIS(BAHÍA SOLANO - CHOCÓ),2025,9,864.947,206.413,60.0,miércoles,2025 Sep 10 06:45:00 PM,24.0
27,CHOCÓ,27075,BAHÍA SOLANO,27075001,CUPICA(BAHÍA SOLANO - CHOCÓ),2025,9,59.647,14.271,60.0,jueves,2025 Sep 11 07:30:00 PM,24.0
27,CHOCÓ,27077,BAJO BAUDÓ,27077000,PIZARRO(BAJO BAUDÓ - CHOCÓ),2025,9,206.832,72.557,60.0,viernes,2025 Sep 12 07:15:00 PM,24.0
27,CHOCÓ,27077,BAJO BAUDÓ,27077002,BELEN DE DOCAMPADO(BAJO BAUDÓ - CHOCÓ),2025,9,4.591,1.527,60.0,martes,2025 Sep 30 11:00:00 AM,24.0
27,CHOCÓ,27077,BAJO BAUDÓ,27077011,PILIZA - BELLAVISTA - VILLA LUZ(BAJO BAUDÓ - CHOCÓ),2025,9,3.17,522.0,60.0,sábado,2025 Sep 06 07:15:00 PM,24.0
27,CHOCÓ,27077,BAJO BAUDÓ,27077019,VIRUDO(BAJO BAUDÓ - CHOCÓ),2025,9,1.465,710.0,60.0,martes,2025 Sep 02 07:15:00 PM,24.0
27,CHOCÓ,27077,BAJO BAUDÓ,27077026,GUINEAL(BAJO BAUDÓ - CHOCÓ),2025,9,3.205,3.961,60.0,lunes,2025 Sep 15 06:30:00 PM,24.0
27,CHOCÓ,27077,BAJO BAUDÓ,27077905,BUENAVISTA(BAJO BAUDÓ - CHOCÓ),2025,9,3.736,1.417,60.0,viernes,2025 Sep 12 08:45:00 PM,24.0
27,CHOCÓ,27077,BAJO BAUDÓ,27077911,PLAYA NUEVA(BAJO BAUDÓ - CHOCÓ),2025,9,2.223,868.0,60.0,domingo,2025 Sep 21 12:30:00 PM,24.0
27,CHOCÓ,27077,BAJO BAUDÓ,27077916,TERRON(BAJO BAUDÓ - CHOCÓ),2025,9,14.0,0.0,60.0,jueves,2025 Sep 18 10:45:00 PM,0.0
27,CHOCÓ,27099,BOJAYÁ,27099000,BELLAVISTA(BOJAYÁ - CHOCÓ),2025,9,54.527,16.713,60.0,jueves,2025 Sep 25 07:15:00 PM,24.0
27,CHOCÓ,27099,BOJAYÁ,27099002,LA LOMA DE BOJAYA(BOJAYÁ - CHOCÓ),2025,9,12.851,5.77,60.0,lunes,2025 Sep 29 07:00:00 PM,9.0
27,CHOCÓ,27099,BOJAYÁ,27099005,NAPIPI(BOJAYÁ - CHOCÓ),2025,9,12.499,4.467,60.0,miércoles,2025 Sep 03 04:00:00 PM,24.0
27,CHOCÓ,27099,BOJAYÁ,27099012,POGUE(BOJAYÁ - CHOCÓ),2025,9,5.317,2.491,60.0,domingo,2025 Sep 07 12:15:00 PM,24.0
27,CHOCÓ,27099,BOJAYÁ,27099030,PIEDRA CANDELA(BOJAYÁ - CHOCÓ),2025,9,7.596,3.678,60.0,jueves,2025 Sep 04 06:45:00 PM,24.0
27,CHOCÓ,27099,BOJAYÁ,27099905,CHANO(BOJAYÁ - CHOCÓ),2025,9,1.047,11.0,60.0,martes,2025 Sep 23 09:15:00 PM,24.0
27,CHOCÓ,27250,EL LITORAL DEL SAN JUAN,27250000,SANTA GENOVEVA DE DOCORDO(EL LITORAL DEL SAN JUAN - CHOCÓ),2025,9,63.508,29.401,60.0,jueves,2025 Sep 11 07:00:00 PM,24.0
27,CHOCÓ,27250,EL LITORAL DEL SAN JUAN,27250023,PAPAYO(EL LITORAL DEL SAN JUAN - CHOCÓ),2025,9,0.0,0.0,60.0,Sin Registro,Sin Registro,0.0
27,CHOCÓ,27361,ISTMINA,27361021,PANAMACITO(ISTMINA - CHOCÓ),2025,9,1.37,526.0,60.0,lunes,2025 Sep 29 07:15:00 PM,24.0
27,CHOCÓ,27361,ISTMINA,27361023,POTEDÓ(ISTMINA - CHOCÓ),2025,9,1.581,540.0,60.0,jueves,2025 Sep 11 04:30:00 PM,24.0
27,CHOCÓ,27361,ISTMINA,27361048,UNION CHOCO(ISTMINA - CHOCÓ),2025,9,1.439,516.0,60.0,miércoles,2025 Sep 03 06:00:00 PM,24.0
27,CHOCÓ,27372,JURADO,27372000,JURADO(JURADO - CHOCÓ),2025,9,189.754,57.296,60.0,lunes,2025 Sep 15 08:00:00 PM,24.0
27,CHOCÓ,27372,JURADO,27372901,SANTA TERESITA(JURADO - CHOCÓ),2025,9,1.509,80.0,60.0,sábado,2025 Sep 06 12:00:00 PM,24.0
27,CHOCÓ,27372,JURADO,27372902,BUENAVISTA(JURADO - CHOCÓ),2025,9,1.873,390.0,60.0,sábado,2025 Sep 06 11:30:00 AM,24.0
27,CHOCÓ,27372,JURADO,27372905,DICHARDI(JURADO - CHOCÓ),2025,9,1.649,1.074,60.0,sábado,2025 Sep 20 11:15:00 AM,24.0
27,CHOCÓ,27372,JURADO,27372907,EYASAKE(JURADO - CHOCÓ),2025,9,5.246,2.294,60.0,sábado,2025 Sep 20 08:00:00 AM,24.0
27,CHOCÓ,27372,JURADO,27372930,DOS BOCAS(JURADO - CHOCÓ),2025,9,1.91,856.0,60.0,martes,2025 Sep 30 07:15:00 PM,24.0
27,CHOCÓ,27425,MEDIO ATRATO,27425000,BETE(MEDIO ATRATO - CHOCÓ),2025,9,16.684,7.638,68.0,martes,2025 Sep 02 07:00:00 PM,24.0
27,CHOCÓ,27425,MEDIO ATRATO,27425008,SAN ROQUE(MEDIO ATRATO - CHOCÓ),2025,9,2.243,1.083,60.0,jueves,2025 Sep 25 07:30:00 PM,24.0
27,CHOCÓ,27491,NOVITA,27491004,JUNTAS DE TAMANA(NOVITA - CHOCÓ),2025,9,2.957,873.0,60.0,martes,2025 Sep 23 06:45:00 PM,24.0
27,CHOCÓ,27495,NUQUÍ,27495000,NUQUÍ(NUQUÍ - CHOCÓ),2025,9,309.512,98.516,60.0,viernes,2025 Sep 19 07:30:00 PM,24.0
27,CHOCÓ,27495,NUQUÍ,27495001,ARUSI(NUQUÍ - CHOCÓ),2025,9,31.769,7.826,60.0,sábado,2025 Sep 06 07:15:00 PM,24.0
27,CHOCÓ,27495,NUQUÍ,27495002,COQUI(NUQUÍ - CHOCÓ),2025,9,9.946,2.848,60.0,sábado,2025 Sep 20 06:45:00 PM,24.0
27,CHOCÓ,27495,NUQUÍ,27495003,JURUBIRA(NUQUÍ - CHOCÓ),2025,9,24.156,7.075,60.0,lunes,2025 Sep 01 07:30:00 PM,24.0
27,CHOCÓ,27495,NUQUÍ,27495008,JOVI(NUQUÍ - CHOCÓ),2025,9,8.87,3.488,60.0,domingo,2025 Sep 21 12:00:00 PM,24.0
27,CHOCÓ,27495,NUQUÍ,27495010,TERMALES(NUQUÍ - CHOCÓ),2025,9,0.0,0.0,60.0,Sin Registro,Sin Registro,0.0
27,CHOCÓ,27495,NUQUÍ,27495011,COMUNIDAD DE PUERTO JAGUA(NUQUÍ - CHOCÓ),2025,9,1.429,485.0,60.0,martes,2025 Sep 30 07:15:00 PM,24.0
27,CHOCÓ,27495,NUQUÍ,27495012,COMUNIDAD INDIG. PUERTO INDIO(NUQUÍ - CHOCÓ),2025,9,2.854,1.625,60.0,lunes,2025 Sep 15 01:45:00 PM,24.0
27,CHOCÓ,27495,NUQUÍ,27495910,COMUNIDAD INDIG. DE RIO NUQUÍ(NUQUÍ - CHOCÓ),2025,9,818.0,194.0,60.0,martes,2025 Sep 23 07:15:00 PM,24.0
27,CHOCÓ,27495,NUQUÍ,27495912,COMUNIDAD INDÍGENA DE PANGUI - EL YUCAL(NUQUÍ - CHOCÓ),2025,9,7.762,1.824,60.0,viernes,2025 Sep 12 08:45:00 AM,24.0
27,CHOCÓ,27615,RIOSUCIO,27615011,SAN JOSE TAMBORAL(RIOSUCIO - CHOCÓ),2025,9,0.0,0.0,60.0,Sin Registro,Sin Registro,0.0
27,CHOCÓ,27800,UNGUÍA,27800000,UNGUÍA(UNGUÍA - CHOCÓ),2025,9,472.962,145.855,60.0,sábado,2025 Sep 20 07:30:00 PM,24.0
27,CHOCÓ,27800,UNGUÍA,27800001,BALBOA(UNGUÍA - CHOCÓ),2025,9,30.429,9.723,60.0,sábado,2025 Sep 20 08:30:00 PM,16.0
27,CHOCÓ,27800,UNGUÍA,27800005,TITUMATE(UNGUÍA - CHOCÓ),2025,9,17.132,4.202,60.0,jueves,2025 Sep 25 07:00:00 PM,24.0
44,LA GUAJIRA,44847,URIBIA,44847012,NAZARETH(URIBIA - LA GUAJIRA),2025,9,37.72,8.513,60.0,martes,2025 Sep 09 07:15:00 PM,24.0
47,MAGDALENA,47189,CIÉNAGA,47189018,PALMOR(CIÉNAGA - MAGDALENA),2025,9,92.251,28.865,60.0,domingo,2025 Sep 28 08:30:00 AM,24.0
50,META,50325,MAPIRIPAN,50325000,MAPIRIPAN(MAPIRIPAN - META),2025,9,206.523,61.901,60.0,jueves,2025 Sep 18 06:45:00 PM,24.0
52,NARIÑO,52250,EL CHARCO,52250005,LAS MERCEDES(EL CHARCO - NARIÑO),2025,9,0.0,0.0,60.0,Sin Registro,Sin Registro,0.0
52,NARIÑO,52250,EL CHARCO,52250007,SAN JOSE DEL TAPAJE(EL CHARCO - NARIÑO),2025,9,3.016,1.252,32.0,lunes,2025 Sep 01 06:30:00 PM,24.0
52,NARIÑO,52250,EL CHARCO,52250016,ALTERON - URIBE URIBE(EL CHARCO - NARIÑO),2025,9,984.0,475.0,60.0,lunes,2025 Sep 01 06:30:00 PM,24.0
52,NARIÑO,52390,LA TOLA,52390003,LA VIGIA DE LA MAR(LA TOLA - NARIÑO),2025,9,5.745,2.928,60.0,jueves,2025 Sep 25 06:30:00 PM,24.0
52,NARIÑO,52390,LA TOLA,52390005,AGUACATAL(LA TOLA - NARIÑO),2025,9,2.161,773.0,60.0,sábado,2025 Sep 06 06:30:00 PM,24.0
52,NARIÑO,52390,LA TOLA,52390009,MULATOS(LA TOLA - NARIÑO),2025,9,4.325,2.152,60.0,lunes,2025 Sep 29 05:30:00 PM,24.0
52,NARIÑO,52390,LA TOLA,52390013,AMARALES(LA TOLA - NARIÑO),2025,9,9.668,4.02,60.0,sábado,2025 Sep 06 07:00:00 PM,24.0
52,NARIÑO,52473,MOSQUERA,52473010,EL BAJITO DE ECHANDIA(MOSQUERA - NARIÑO),2025,9,3.157,1.253,60.0,lunes,2025 Sep 29 06:00:00 PM,24.0
52,NARIÑO,52621,ROBERTO PAYAN,52621912,TAMAJE(ROBERTO PAYAN - NARIÑO),2025,9,4.812,2.41,60.0,jueves,2025 Sep 25 06:15:00 PM,24.0
52,NARIÑO,52696,SANTA BÁRBARA,52696014,LA ENSENADA(SANTA BÁRBARA - NARIÑO),2025,9,3.311,3.237,60.0,martes,2025 Sep 16 06:30:00 PM,24.0
52,NARIÑO,52696,SANTA BÁRBARA,52696017,SANTA RITA(SANTA BÁRBARA - NARIÑO),2025,9,5.094,2.408,60.0,viernes,2025 Sep 12 07:15:00 PM,24.0
52,NARIÑO,52835,SAN ANDRÉS DE TUMACO,52835016,PITAL DE LA COSTA(SAN ANDRÉS DE TUMACO - NARIÑO),2025,9,39.354,22.69,60.0,martes,2025 Sep 02 07:15:00 PM,24.0
52,NARIÑO,52835,SAN ANDRÉS DE TUMACO,52835055,BOCAS DE CURAY(SAN ANDRÉS DE TUMACO - NARIÑO),2025,9,8.781,3.093,60.0,miércoles,2025 Sep 24 07:15:00 PM,24.0
52,NARIÑO,52835,SAN ANDRÉS DE TUMACO,52835217,SAN JUAN DE LA COSTA(SAN ANDRÉS DE TUMACO - NARIÑO),2025,9,0.0,0.0,60.0,Sin Registro,Sin Registro,0.0
76,VALLE DEL CAUCA,76109,BUENAVENTURA,76109011,PASTICO(BUENAVENTURA - VALLE DEL CAUCA),2025,9,5.099,1.771,60.0,miércoles,2025 Sep 10 04:30:00 PM,24.0
76,VALLE DEL CAUCA,76109,BUENAVENTURA,76109018,CONCEPCION(BUENAVENTURA - VALLE DEL CAUCA),2025,9,2.182,861.0,60.0,martes,2025 Sep 16 07:30:00 PM,24.0
76,VALLE DEL CAUCA,76109,BUENAVENTURA,76109028,PUERTO MERIZALDE(BUENAVENTURA - VALLE DEL CAUCA),2025,9,113.891,38.448,60.0,lunes,2025 Sep 15 07:45:00 PM,24.0
76,VALLE DEL CAUCA,76109,BUENAVENTURA,76109032,SAN FRANCISCO NAYA(BUENAVENTURA - VALLE DEL CAUCA),2025,9,8.136,2.751,60.0,sábado,2025 Sep 20 11:45:00 AM,24.0
76,VALLE DEL CAUCA,76109,BUENAVENTURA,76109034,SAN ISIDRO - CALIMA(BUENAVENTURA - VALLE DEL CAUCA),2025,9,7.604,1.447,60.0,lunes,2025 Sep 15 10:00:00 AM,24.0
76,VALLE DEL CAUCA,76109,BUENAVENTURA,76109038,SILVA(BUENAVENTURA - VALLE DEL CAUCA),2025,9,5.047,1.833,20.0,sábado,2025 Sep 20 03:45:00 PM,24.0
76,VALLE DEL CAUCA,76109,BUENAVENTURA,76109040,VENERAL(BUENAVENTURA - VALLE DEL CAUCA),2025,9,7.196,1.001,60.0,sábado,2025 Sep 20 06:15:00 PM,24.0
76,VALLE DEL CAUCA,76109,BUENAVENTURA,76109069,PAPAYAL 1(BUENAVENTURA - VALLE DEL CAUCA),2025,9,4.575,991.0,60.0,sábado,2025 Sep 27 06:30:00 PM,24.0
76,VALLE DEL CAUCA,76109,BUENAVENTURA,76109081,PUNTA BONITA(BUENAVENTURA - VALLE DEL CAUCA),2025,9,3.713,4.369,60.0,sábado,2025 Sep 06 12:30:00 PM,24.0
76,VALLE DEL CAUCA,76109,BUENAVENTURA,76109105,PITAL(BUENAVENTURA - VALLE DEL CAUCA),2025,9,3.051,533.0,60.0,miércoles,2025 Sep 10 06:30:00 PM,24.0
76,VALLE DEL CAUCA,76109,BUENAVENTURA,76109817,SANTA MARIA 1 NAYA(BUENAVENTURA - VALLE DEL CAUCA),2025,9,377.0,106.0,60.0,sábado,2025 Sep 27 06:45:00 PM,24.0
76,VALLE DEL CAUCA,76109,BUENAVENTURA,76109863,SAN ANTONIO (BUENAVENTURA - VALLE DEL CAUCA),2025,9,3.656,886.0,60.0,sábado,2025 Sep 13 07:45:00 PM,24.0
76,VALLE DEL CAUCA,76109,BUENAVENTURA,76109904,SAN ANTONIO (RIO CAJAMBRE)(BUENAVENTURA - VALLE DEL CAUCA),2025,9,4.668,1.464,60.0,martes,2025 Sep 23 11:45:00 AM,24.0
76,VALLE DEL CAUCA,76109,BUENAVENTURA,76109907,SAN PABLO( CAJAMBRE)(BUENAVENTURA - VALLE DEL CAUCA),2025,9,2.109,0.0,60.0,jueves,2025 Sep 11 07:00:00 PM,24.0
76,VALLE DEL CAUCA,76109,BUENAVENTURA,76109913,MAYORQUIN(BUENAVENTURA - VALLE DEL CAUCA),2025,9,4.921,991.0,60.0,domingo,2025 Sep 28 06:30:00 PM,24.0
76,VALLE DEL CAUCA,76109,BUENAVENTURA,76109930,GALVEZ(BUENAVENTURA - VALLE DEL CAUCA),2025,9,4.767,537.0,60.0,lunes,2025 Sep 29 06:30:00 PM,24.0
76,VALLE DEL CAUCA,76109,BUENAVENTURA,76109957,HUMANES MAR(BUENAVENTURA - VALLE DEL CAUCA),2025,9,8.743,1.977,60.0,jueves,2025 Sep 11 06:30:00 PM,11.0
86,PUTUMAYO,86573,PUERTO LEGUIZAMO,86573000,PUERTO LEGUIZAMO(PUERTO LEGUIZAMO - PUTUMAYO),2025,9,990.366,256.699,60.0,lunes,2025 Sep 22 11:45:00 AM,24.0
86,PUTUMAYO,86573,PUERTO LEGUIZAMO,86573009,PIÑUÑA NEGRO(PUERTO LEGUIZAMO - PUTUMAYO),2025,9,1.982,1.636,60.0,lunes,2025 Sep 01 07:15:00 PM,24.0
88,ARCHIPIÉLAGO DE SAN ANDRÉS y PROVIDENCIA,88001,SAN ANDRÉS,88001000,SAN ANDRÉS(SAN ANDRÉS - ARCHIPIÉLAGO DE SAN ANDRÉS y PROVIDENCIA ),2025,9,10.326,8.475,60.0,viernes,2025 Sep 26 03:45:00 PM,24.0
88,ARCHIPIÉLAGO DE SAN ANDRÉS y PROVIDENCIA,88564,PROVIDENCIA,88564000,PROVIDENCIA(PROVIDENCIA - ARCHIPIÉLAGO DE SAN ANDRÉS y PROVIDENCIA ),2025,9,10.326,245.718,60.0,jueves,2025 Sep 04 02:30:00 PM,24.0
91,AMAZONAS,91001,LETICIA,91001000,LETICIA(LETICIA - AMAZONAS),2025,9,10.326,991.015,60.0,martes,2025 Sep 23 03:15:00 PM,24.0
91,AMAZONAS,91540,PUERTO NARIÑO,91540000,PUERTO NARIÑO(PUERTO NARIÑO - AMAZONAS),2025,9,137.182,43.936,60.0,lunes,2025 Sep 22 06:45:00 PM,24.0
91,AMAZONAS,91798,TARAPACA (ANM),91798000,TARAPACA(TARAPACA (ANM) - AMAZONAS),2025,9,27.181,11.516,60.0,lunes,2025 Sep 08 02:30:00 PM,24.0
94,GUAINÍA,94001,INÍRIDA,94001000,INÍRIDA(INÍRIDA - GUAINÍA),2025,9,10.326,602.772,60.0,miércoles,2025 Sep 24 02:30:00 PM,24.0
94,GUAINÍA,94001,INÍRIDA,94001905,CHORRO BOCON(INÍRIDA - GUAINÍA),2025,9,6.826,914.0,60.0,lunes,2025 Sep 22 08:30:00 PM,24.0
94,GUAINÍA,94001,INÍRIDA,94001916,VENADO(INÍRIDA - GUAINÍA),2025,9,3.248,772.0,60.0,domingo,2025 Sep 28 06:30:00 PM,24.0
94,GUAINÍA,94001,INÍRIDA,94001966,LAGUNA COLORADA ALTA(INÍRIDA - GUAINÍA),2025,9,9.689,806.0,60.0,lunes,2025 Sep 22 10:45:00 AM,24.0
94,GUAINÍA,94343,BARRANCO MINAS,94343900,CARPINTERO(BARRANCO MINAS - GUAINÍA),2025,9,2.332,1.195,60.0,miércoles,2025 Sep 24 07:00:00 PM,24.0
94,GUAINÍA,94343,BARRANCO MINAS,94343901,CHATARE(BARRANCO MINAS - GUAINÍA),2025,9,140.0,5.0,60.0,jueves,2025 Sep 04 07:45:00 PM,24.0
95,GUAVIARE,95001,SAN JOSÉ DEL GUAVIARE,95001012,CACHICAMO(SAN JOSÉ DEL GUAVIARE - GUAVIARE),2025,9,11.74,5.086,60.0,miércoles,2025 Sep 17 07:00:00 PM,24.0
95,GUAVIARE,95200,MIRAFLORES,95200000,MIRAFLORES(MIRAFLORES - GUAVIARE),2025,9,123.471,17.089,60.0,viernes,2025 Sep 19 06:45:00 PM,24.0
97,VAUPÉS,97001,MITÚ,97001000,MITÚ(MITÚ - VAUPÉS),2025,9,10.326,342.085,60.0,lunes,2025 Sep 22 01:15:00 PM,24.0
97,VAUPÉS,97161,CARURÚ,97161000,CARURÚ(CARURÚ - VAUPÉS),2025,9,38.918,7.098,60.0,sábado,2025 Sep 13 06:45:00 PM,24.0
97,VAUPÉS,97666,TARAIRA,97666000,TARAIRA(TARAIRA - VAUPÉS),2025,9,48.869,12.412,60.0,lunes,2025 Sep 22 12:45:00 PM,24.0
99,VICHADA,99001,PUERTO CARREÑO,99001000,PUERTO CARREÑO(PUERTO CARREÑO - VICHADA),2025,9,10.326,672.497,60.0,lunes,2025 Sep 22 01:30:00 PM,24.0
99,VICHADA,99001,PUERTO CARREÑO,99001002,CASUARITO(PUERTO CARREÑO - VICHADA),2025,9,28.258,12.898,60.0,lunes,2025 Sep 22 10:30:00 PM,24.0
99,VICHADA,99773,CUMARIBO,99773000,CUMARIBO(CUMARIBO - VICHADA),2025,9,387.733,133.58,60.0,miércoles,2025 Sep 24 05:45:00 PM,24.0
5,ANTIOQUIA,5873,VIGÍA DEL FUERTE,5873001,SAN ANTONIO DE PADUA(VIGÍA DEL FUERTE - ANTIOQUIA),2025,10,0.0,0.0,60.0,Sin Registro,Sin Registro,0.0
5,ANTIOQUIA,5873,VIGÍA DEL FUERTE,5873005,SAN MIGUEL(VIGÍA DEL FUERTE - ANTIOQUIA),2025,10,1.374,609.0,60.0,jueves,2025 Oct 30 07:15:00 PM,24.0
5,ANTIOQUIA,5873,VIGÍA DEL FUERTE,5873013,LOMA MURRI(VIGÍA DEL FUERTE - ANTIOQUIA),2025,10,3.895,1.643,60.0,domingo,2025 Oct 26 06:00:00 PM,24.0
5,ANTIOQUIA,5873,VIGÍA DEL FUERTE,5873910,PUERTO MEDELLÍN(VIGÍA DEL FUERTE - ANTIOQUIA),2025,10,602.0,232.0,60.0,viernes,2025 Oct 24 06:15:00 PM,3.0
13,BOLÍVAR,13001,CARTAGENA DE INDIAS,13001037,ISLA MUCURA(CARTAGENA DE INDIAS - BOLÍVAR),2025,10,6.54,2.474,60.0,miércoles,2025 Oct 08 11:00:00 PM,24.0
18,CAQUETÁ,18150,CARTAGENA DEL CHAIRA,18150001,REMOLINO DEL CAGUAN(CARTAGENA DEL CHAIRA - CAQUETÁ),2025,10,13.559,4.331,60.0,lunes,2025 Oct 27 07:15:00 PM,24.0
18,CAQUETÁ,18150,CARTAGENA DEL CHAIRA,18150002,SANTA FE DEL CAGUAN(CARTAGENA DEL CHAIRA - CAQUETÁ),2025,10,449.0,190.0,60.0,domingo,2025 Oct 19 06:30:00 PM,24.0
18,CAQUETÁ,18753,SAN VICENTE DEL CAGUÁN,18753012,SANTA ROSA(SAN VICENTE DEL CAGUÁN - CAQUETÁ),2025,10,0.0,0.0,60.0,Sin Registro,Sin Registro,0.0
18,CAQUETÁ,18753,SAN VICENTE DEL CAGUÁN,18753033,VILLA LOBOS(SAN VICENTE DEL CAGUÁN - CAQUETÁ),2025,10,987.0,292.0,60.0,lunes,2025 Oct 20 06:15:00 PM,24.0
19,CAUCA,19318,GUAPI,19318008,LIMONES(GUAPI - CAUCA),2025,10,8.568,4.243,60.0,viernes,2025 Oct 31 06:15:00 PM,24.0
19,CAUCA,19318,GUAPI,19318013,SAN ANTONIO DE GUAJUI(GUAPI - CAUCA),2025,10,8.472,4.278,60.0,sábado,2025 Oct 25 07:30:00 PM,24.0
19,CAUCA,19418,LÓPEZ DE MICAY,19418009,NOANAMITO(LÓPEZ DE MICAY - CAUCA),2025,10,237.0,129.0,44.0,viernes,2025 Oct 31 06:30:00 PM,24.0
19,CAUCA,19418,LÓPEZ DE MICAY,19418033,BOCA GRANDE(LÓPEZ DE MICAY - CAUCA),2025,10,0.0,0.0,60.0,Sin Registro,Sin Registro,0.0
19,CAUCA,19809,TIMBIQUÍ,19809003,COTEJE(TIMBIQUÍ - CAUCA),2025,10,5.825,3.831,60.0,viernes,2025 Oct 24 07:15:00 PM,24.0
19,CAUCA,19809,TIMBIQUÍ,19809007,SAN JOSE(TIMBIQUÍ - CAUCA),2025,10,5.495,3.281,60.0,sábado,2025 Oct 18 06:45:00 PM,24.0
19,CAUCA,19809,TIMBIQUÍ,19809009,SANTA ROSA DE SAIJA(TIMBIQUÍ - CAUCA),2025,10,3.061,1.228,60.0,domingo,2025 Oct 19 07:15:00 PM,24.0
19,CAUCA,19809,TIMBIQUÍ,19809010,COMUNIDAD DE CHETE(TIMBIQUÍ - CAUCA),2025,10,4.69,1.688,60.0,sábado,2025 Oct 11 06:45:00 PM,24.0
19,CAUCA,19809,TIMBIQUÍ,19809014,CHACON(TIMBIQUÍ - CAUCA),2025,10,2.356,343.0,60.0,sábado,2025 Oct 18 08:00:00 PM,24.0
27,CHOCÓ,27001,QUIBDÓ,27001029,TAGACHI(QUIBDÓ - CHOCÓ),2025,10,640.0,329.0,60.0,jueves,2025 Oct 30 07:30:00 PM,24.0
27,CHOCÓ,27006,ACANDÍ,27006000,ACANDÍ(ACANDÍ - CHOCÓ),2025,10,624.836,170.352,60.0,jueves,2025 Oct 02 09:30:00 PM,24.0
27,CHOCÓ,27006,ACANDÍ,27006007,SAN FRANCISCO(ACANDÍ - CHOCÓ),2025,10,25.056,10.428,60.0,jueves,2025 Oct 09 07:15:00 PM,24.0
27,CHOCÓ,27025,ALTO BAUDO,27025000,CIUDAD BAUDO - PIE DE PATO(ALTO BAUDO - CHOCÓ),2025,10,54.501,17.515,60.0,sábado,2025 Oct 25 12:15:00 PM,24.0
27,CHOCÓ,27025,ALTO BAUDO,27025033,MIACORA(ALTO BAUDO - CHOCÓ),2025,10,273.0,7.0,60.0,martes,2025 Oct 14 02:15:00 PM,24.0
27,CHOCÓ,27025,ALTO BAUDO,27025035,PUERTO ALEGRE(ALTO BAUDO - CHOCÓ),2025,10,1.488,514.0,60.0,sábado,2025 Oct 25 12:00:00 PM,24.0
27,CHOCÓ,27025,ALTO BAUDO,27025920,EL MORRO(ALTO BAUDO - CHOCÓ),2025,10,90.0,25.0,60.0,domingo,2025 Oct 12 07:00:00 PM,24.0
27,CHOCÓ,27025,ALTO BAUDO,27025937,VILLA CECILIA(ALTO BAUDO - CHOCÓ),2025,10,361.0,142.0,60.0,miércoles,2025 Oct 29 07:30:00 PM,24.0
27,CHOCÓ,27075,BAHÍA SOLANO,27075000,CIUDAD MUTIS(BAHÍA SOLANO - CHOCÓ),2025,10,903.648,238.444,60.0,miércoles,2025 Oct 22 07:30:00 PM,24.0
27,CHOCÓ,27075,BAHÍA SOLANO,27075001,CUPICA(BAHÍA SOLANO - CHOCÓ),2025,10,49.14,17.037,60.0,sábado,2025 Oct 11 07:30:00 PM,24.0
27,CHOCÓ,27077,BAJO BAUDÓ,27077000,PIZARRO(BAJO BAUDÓ - CHOCÓ),2025,10,192.801,68.287,60.0,miércoles,2025 Oct 22 07:45:00 PM,24.0
27,CHOCÓ,27077,BAJO BAUDÓ,27077002,BELEN DE DOCAMPADO(BAJO BAUDÓ - CHOCÓ),2025,10,8.554,1.984,60.0,sábado,2025 Oct 25 11:45:00 AM,24.0
27,CHOCÓ,27077,BAJO BAUDÓ,27077011,PILIZA - BELLAVISTA - VILLA LUZ(BAJO BAUDÓ - CHOCÓ),2025,10,2.594,358.0,60.0,miércoles,2025 Oct 01 06:45:00 PM,24.0
27,CHOCÓ,27077,BAJO BAUDÓ,27077019,VIRUDO(BAJO BAUDÓ - CHOCÓ),2025,10,6.458,2.942,60.0,viernes,2025 Oct 31 01:15:00 PM,24.0
27,CHOCÓ,27077,BAJO BAUDÓ,27077026,GUINEAL(BAJO BAUDÓ - CHOCÓ),2025,10,3.126,3.867,60.0,viernes,2025 Oct 17 07:15:00 PM,24.0
27,CHOCÓ,27077,BAJO BAUDÓ,27077905,BUENAVISTA(BAJO BAUDÓ - CHOCÓ),2025,10,4.807,1.818,60.0,jueves,2025 Oct 02 07:45:00 PM,24.0
27,CHOCÓ,27077,BAJO BAUDÓ,27077916,TERRON(BAJO BAUDÓ - CHOCÓ),2025,10,0.0,562.0,60.0,Sin Registro,Sin Registro,0.0
27,CHOCÓ,27099,BOJAYÁ,27099000,BELLAVISTA(BOJAYÁ - CHOCÓ),2025,10,86.815,32.785,60.0,miércoles,2025 Oct 29 06:45:00 PM,24.0
27,CHOCÓ,27099,BOJAYÁ,27099002,LA LOMA DE BOJAYA(BOJAYÁ - CHOCÓ),2025,10,14.356,6.506,60.0,sábado,2025 Oct 11 07:45:00 PM,24.0
27,CHOCÓ,27099,BOJAYÁ,27099005,NAPIPI(BOJAYÁ - CHOCÓ),2025,10,10.047,3.756,60.0,jueves,2025 Oct 02 03:30:00 PM,24.0
27,CHOCÓ,27099,BOJAYÁ,27099030,PIEDRA CANDELA(BOJAYÁ - CHOCÓ),2025,10,7.069,3.375,60.0,sábado,2025 Oct 18 06:15:00 PM,24.0
27,CHOCÓ,27250,EL LITORAL DEL SAN JUAN,27250000,SANTA GENOVEVA DE DOCORDO(EL LITORAL DEL SAN JUAN - CHOCÓ),2025,10,66.778,30.497,60.0,viernes,2025 Oct 10 07:15:00 PM,24.0
27,CHOCÓ,27250,EL LITORAL DEL SAN JUAN,27250023,PAPAYO(EL LITORAL DEL SAN JUAN - CHOCÓ),2025,10,0.0,0.0,60.0,viernes,2025 Oct 31 11:30:00 AM,0.0
27,CHOCÓ,27361,ISTMINA,27361021,PANAMACITO(ISTMINA - CHOCÓ),2025,10,1.45,566.0,60.0,martes,2025 Oct 14 05:45:00 PM,24.0
27,CHOCÓ,27361,ISTMINA,27361023,POTEDÓ(ISTMINA - CHOCÓ),2025,10,1.105,329.0,60.0,miércoles,2025 Oct 29 07:15:00 PM,24.0
27,CHOCÓ,27372,JURADO,27372901,SANTA TERESITA(JURADO - CHOCÓ),2025,10,1.884,124.0,60.0,jueves,2025 Oct 16 11:00:00 AM,24.0
27,CHOCÓ,27372,JURADO,27372902,BUENAVISTA(JURADO - CHOCÓ),2025,10,1.969,397.0,60.0,lunes,2025 Oct 13 07:00:00 AM,24.0
27,CHOCÓ,27372,JURADO,27372905,DICHARDI(JURADO - CHOCÓ),2025,10,1.654,1.066,60.0,miércoles,2025 Oct 29 12:00:00 PM,24.0
27,CHOCÓ,27372,JURADO,27372907,EYASAKE(JURADO - CHOCÓ),2025,10,4.619,2.019,60.0,miércoles,2025 Oct 29 06:15:00 PM,24.0
27,CHOCÓ,27372,JURADO,27372930,DOS BOCAS(JURADO - CHOCÓ),2025,10,2.124,914.0,60.0,viernes,2025 Oct 31 06:15:00 PM,24.0
27,CHOCÓ,27425,MEDIO ATRATO,27425000,BETE(MEDIO ATRATO - CHOCÓ),2025,10,16.782,8.152,64.0,miércoles,2025 Oct 01 07:30:00 PM,24.0
27,CHOCÓ,27425,MEDIO ATRATO,27425008,SAN ROQUE(MEDIO ATRATO - CHOCÓ),2025,10,2.381,1.223,60.0,sábado,2025 Oct 04 07:15:00 PM,24.0
27,CHOCÓ,27491,NOVITA,27491004,JUNTAS DE TAMANA(NOVITA - CHOCÓ),2025,10,2.404,687.0,60.0,lunes,2025 Oct 20 06:45:00 PM,24.0
27,CHOCÓ,27495,NUQUÍ,27495000,NUQUÍ(NUQUÍ - CHOCÓ),2025,10,308.889,94.868,60.0,martes,2025 Oct 07 07:30:00 PM,24.0
27,CHOCÓ,27495,NUQUÍ,27495001,ARUSI(NUQUÍ - CHOCÓ),2025,10,33.428,7.921,60.0,jueves,2025 Oct 09 07:00:00 PM,24.0
27,CHOCÓ,27495,NUQUÍ,27495002,COQUI(NUQUÍ - CHOCÓ),2025,10,10.607,2.428,60.0,miércoles,2025 Oct 22 07:45:00 PM,24.0
27,CHOCÓ,27495,NUQUÍ,27495003,JURUBIRA(NUQUÍ - CHOCÓ),2025,10,23.248,6.548,60.0,martes,2025 Oct 28 07:15:00 PM,24.0
27,CHOCÓ,27495,NUQUÍ,27495008,JOVI(NUQUÍ - CHOCÓ),2025,10,8.792,3.425,60.0,lunes,2025 Oct 13 11:30:00 AM,24.0
27,CHOCÓ,27495,NUQUÍ,27495010,TERMALES(NUQUÍ - CHOCÓ),2025,10,0.0,0.0,60.0,Sin Registro,Sin Registro,0.0
27,CHOCÓ,27495,NUQUÍ,27495011,COMUNIDAD DE PUERTO JAGUA(NUQUÍ - CHOCÓ),2025,10,1.583,585.0,60.0,domingo,2025 Oct 12 07:45:00 PM,24.0
27,CHOCÓ,27495,NUQUÍ,27495012,COMUNIDAD INDIG. PUERTO INDIO(NUQUÍ - CHOCÓ),2025,10,3.154,1.757,60.0,jueves,2025 Oct 30 06:45:00 PM,24.0
27,CHOCÓ,27495,NUQUÍ,27495910,COMUNIDAD INDIG. DE RIO NUQUÍ(NUQUÍ - CHOCÓ),2025,10,641.0,146.0,60.0,martes,2025 Oct 28 07:00:00 PM,24.0
27,CHOCÓ,27495,NUQUÍ,27495912,COMUNIDAD INDÍGENA DE PANGUI - EL YUCAL(NUQUÍ - CHOCÓ),2025,10,8.094,1.974,60.0,lunes,2025 Oct 06 05:15:00 PM,24.0
27,CHOCÓ,27615,RIOSUCIO,27615011,SAN JOSE TAMBORAL(RIOSUCIO - CHOCÓ),2025,10,0.0,0.0,60.0,Sin Registro,Sin Registro,0.0
27,CHOCÓ,27800,UNGUÍA,27800000,UNGUÍA(UNGUÍA - CHOCÓ),2025,10,467.07,143.017,60.0,viernes,2025 Oct 03 06:30:00 PM,24.0
27,CHOCÓ,27800,UNGUÍA,27800001,BALBOA(UNGUÍA - CHOCÓ),2025,10,31.415,9.868,60.0,sábado,2025 Oct 11 06:45:00 PM,24.0
27,CHOCÓ,27800,UNGUÍA,27800005,TITUMATE(UNGUÍA - CHOCÓ),2025,10,18.64,4.46,60.0,viernes,2025 Oct 24 09:00:00 PM,24.0
44,LA GUAJIRA,44847,URIBIA,44847012,NAZARETH(URIBIA - LA GUAJIRA),2025,10,31.567,7.014,60.0,jueves,2025 Oct 02 06:00:00 PM,24.0
47,MAGDALENA,47189,CIÉNAGA,47189018,PALMOR(CIÉNAGA - MAGDALENA),2025,10,70.223,22.422,60.0,lunes,2025 Oct 06 11:45:00 AM,24.0
50,META,50325,MAPIRIPAN,50325000,MAPIRIPAN(MAPIRIPAN - META),2025,10,219.419,65.114,60.0,martes,2025 Oct 28 06:00:00 PM,24.0
52,NARIÑO,52250,EL CHARCO,52250005,LAS MERCEDES(EL CHARCO - NARIÑO),2025,10,0.0,0.0,60.0,Sin Registro,Sin Registro,0.0
52,NARIÑO,52250,EL CHARCO,52250016,ALTERON - URIBE URIBE(EL CHARCO - NARIÑO),2025,10,237.0,92.0,60.0,sábado,2025 Oct 04 06:30:00 PM,24.0
52,NARIÑO,52390,LA TOLA,52390003,LA VIGIA DE LA MAR(LA TOLA - NARIÑO),2025,10,5.023,2.573,60.0,viernes,2025 Oct 03 07:00:00 PM,24.0
52,NARIÑO,52390,LA TOLA,52390005,AGUACATAL(LA TOLA - NARIÑO),2025,10,1.84,653.0,60.0,miércoles,2025 Oct 22 07:30:00 PM,24.0
52,NARIÑO,52390,LA TOLA,52390009,MULATOS(LA TOLA - NARIÑO),2025,10,4.772,2.268,60.0,lunes,2025 Oct 20 04:30:00 PM,24.0
52,NARIÑO,52390,LA TOLA,52390013,AMARALES(LA TOLA - NARIÑO),2025,10,8.697,3.166,60.0,miércoles,2025 Oct 15 07:15:00 PM,24.0
52,NARIÑO,52473,MOSQUERA,52473010,EL BAJITO DE ECHANDIA(MOSQUERA - NARIÑO),2025,10,2.947,1.065,60.0,miércoles,2025 Oct 08 05:00:00 PM,24.0
52,NARIÑO,52621,ROBERTO PAYAN,52621912,TAMAJE(ROBERTO PAYAN - NARIÑO),2025,10,5.399,2.85,60.0,lunes,2025 Oct 27 06:30:00 PM,24.0
52,NARIÑO,52696,SANTA BÁRBARA,52696014,LA ENSENADA(SANTA BÁRBARA - NARIÑO),2025,10,2.774,2.273,60.0,sábado,2025 Oct 04 08:00:00 PM,24.0
52,NARIÑO,52835,SAN ANDRÉS DE TUMACO,52835016,PITAL DE LA COSTA(SAN ANDRÉS DE TUMACO - NARIÑO),2025,10,37.606,20.597,60.0,viernes,2025 Oct 24 07:15:00 PM,24.0
52,NARIÑO,52835,SAN ANDRÉS DE TUMACO,52835055,BOCAS DE CURAY(SAN ANDRÉS DE TUMACO - NARIÑO),2025,10,8.011,2.65,60.0,domingo,2025 Oct 19 06:45:00 PM,24.0
52,NARIÑO,52835,SAN ANDRÉS DE TUMACO,52835217,SAN JUAN DE LA COSTA(SAN ANDRÉS DE TUMACO - NARIÑO),2025,10,0.0,0.0,60.0,Sin Registro,Sin Registro,0.0
76,VALLE DEL CAUCA,76109,BUENAVENTURA,76109011,PASTICO(BUENAVENTURA - VALLE DEL CAUCA),2025,10,3.979,1.49,60.0,viernes,2025 Oct 10 06:45:00 PM,24.0
76,VALLE DEL CAUCA,76109,BUENAVENTURA,76109018,CONCEPCION(BUENAVENTURA - VALLE DEL CAUCA),2025,10,1.954,559.0,60.0,lunes,2025 Oct 27 06:45:00 PM,24.0
76,VALLE DEL CAUCA,76109,BUENAVENTURA,76109028,PUERTO MERIZALDE(BUENAVENTURA - VALLE DEL CAUCA),2025,10,118.692,40.176,60.0,viernes,2025 Oct 17 07:00:00 PM,24.0
76,VALLE DEL CAUCA,76109,BUENAVENTURA,76109032,SAN FRANCISCO NAYA(BUENAVENTURA - VALLE DEL CAUCA),2025,10,8.602,2.843,60.0,viernes,2025 Oct 03 09:30:00 PM,24.0
76,VALLE DEL CAUCA,76109,BUENAVENTURA,76109034,SAN ISIDRO - CALIMA(BUENAVENTURA - VALLE DEL CAUCA),2025,10,7.847,1.446,60.0,miércoles,2025 Oct 15 08:00:00 PM,24.0
76,VALLE DEL CAUCA,76109,BUENAVENTURA,76109038,SILVA(BUENAVENTURA - VALLE DEL CAUCA),2025,10,5.681,1.928,60.0,domingo,2025 Oct 26 07:00:00 AM,24.0
76,VALLE DEL CAUCA,76109,BUENAVENTURA,76109040,VENERAL(BUENAVENTURA - VALLE DEL CAUCA),2025,10,4.281,878.0,60.0,viernes,2025 Oct 17 12:00:00 PM,24.0
76,VALLE DEL CAUCA,76109,BUENAVENTURA,76109069,PAPAYAL 1(BUENAVENTURA - VALLE DEL CAUCA),2025,10,4.076,888.0,60.0,sábado,2025 Oct 18 07:30:00 PM,24.0
76,VALLE DEL CAUCA,76109,BUENAVENTURA,76109081,PUNTA BONITA(BUENAVENTURA - VALLE DEL CAUCA),2025,10,3.111,1.825,60.0,lunes,2025 Oct 27 11:15:00 AM,24.0
76,VALLE DEL CAUCA,76109,BUENAVENTURA,76109105,PITAL(BUENAVENTURA - VALLE DEL CAUCA),2025,10,2.198,580.0,60.0,miércoles,2025 Oct 29 07:00:00 PM,24.0
76,VALLE DEL CAUCA,76109,BUENAVENTURA,76109817,SANTA MARIA 1 NAYA(BUENAVENTURA - VALLE DEL CAUCA),2025,10,2.098,510.0,60.0,domingo,2025 Oct 26 07:15:00 PM,24.0
76,VALLE DEL CAUCA,76109,BUENAVENTURA,76109863,SAN ANTONIO (BUENAVENTURA - VALLE DEL CAUCA),2025,10,3.503,997.0,60.0,miércoles,2025 Oct 29 06:15:00 PM,24.0
76,VALLE DEL CAUCA,76109,BUENAVENTURA,76109904,SAN ANTONIO (RIO CAJAMBRE)(BUENAVENTURA - VALLE DEL CAUCA),2025,10,4.947,1.552,60.0,martes,2025 Oct 07 11:30:00 AM,24.0
76,VALLE DEL CAUCA,76109,BUENAVENTURA,76109907,SAN PABLO( CAJAMBRE)(BUENAVENTURA - VALLE DEL CAUCA),2025,10,3.356,0.0,60.0,domingo,2025 Oct 12 05:30:00 PM,24.0
76,VALLE DEL CAUCA,76109,BUENAVENTURA,76109913,MAYORQUIN(BUENAVENTURA - VALLE DEL CAUCA),2025,10,3.677,901.0,60.0,domingo,2025 Oct 26 12:30:00 PM,24.0
76,VALLE DEL CAUCA,76109,BUENAVENTURA,76109930,GALVEZ(BUENAVENTURA - VALLE DEL CAUCA),2025,10,4.492,600.0,60.0,sábado,2025 Oct 04 09:00:00 AM,24.0
76,VALLE DEL CAUCA,76109,BUENAVENTURA,76109957,HUMANES MAR(BUENAVENTURA - VALLE DEL CAUCA),2025,10,8.077,1.775,60.0,viernes,2025 Oct 03 11:00:00 AM,24.0
86,PUTUMAYO,86573,PUERTO LEGUIZAMO,86573000,PUERTO LEGUIZAMO(PUERTO LEGUIZAMO - PUTUMAYO),2025,10,956.114,257.024,60.0,martes,2025 Oct 21 03:15:00 PM,24.0
86,PUTUMAYO,86573,PUERTO LEGUIZAMO,86573009,PIÑUÑA NEGRO(PUERTO LEGUIZAMO - PUTUMAYO),2025,10,4.868,2.362,60.0,sábado,2025 Oct 04 07:15:00 PM,24.0
88,ARCHIPIÉLAGO DE SAN ANDRÉS y PROVIDENCIA,88001,SAN ANDRÉS,88001000,SAN ANDRÉS(SAN ANDRÉS - ARCHIPIÉLAGO DE SAN ANDRÉS y PROVIDENCIA ),2025,10,10.326,8.475,60.0,miércoles,2025 Oct 01 03:45:00 PM,24.0
88,ARCHIPIÉLAGO DE SAN ANDRÉS y PROVIDENCIA,88564,PROVIDENCIA,88564000,PROVIDENCIA(PROVIDENCIA - ARCHIPIÉLAGO DE SAN ANDRÉS y PROVIDENCIA ),2025,10,10.326,248.013,60.0,jueves,2025 Oct 02 02:00:00 PM,24.0
91,AMAZONAS,91001,LETICIA,91001000,LETICIA(LETICIA - AMAZONAS),2025,10,10.326,987.763,60.0,miércoles,2025 Oct 08 03:15:00 PM,24.0
91,AMAZONAS,91540,PUERTO NARIÑO,91540000,PUERTO NARIÑO(PUERTO NARIÑO - AMAZONAS),2025,10,136.406,42.99,60.0,miércoles,2025 Oct 08 05:45:00 PM,24.0
91,AMAZONAS,91798,TARAPACA (ANM),91798000,TARAPACA(TARAPACA (ANM) - AMAZONAS),2025,10,28.378,11.677,60.0,martes,2025 Oct 28 04:00:00 PM,24.0
94,GUAINÍA,94001,INÍRIDA,94001000,INÍRIDA(INÍRIDA - GUAINÍA),2025,10,10.326,633.845,60.0,jueves,2025 Oct 02 03:15:00 PM,24.0
94,GUAINÍA,94001,INÍRIDA,94001905,CHORRO BOCON(INÍRIDA - GUAINÍA),2025,10,7.098,1.1,60.0,martes,2025 Oct 21 07:45:00 PM,24.0
94,GUAINÍA,94001,INÍRIDA,94001916,VENADO(INÍRIDA - GUAINÍA),2025,10,3.815,815.0,60.0,sábado,2025 Oct 25 07:45:00 PM,24.0
94,GUAINÍA,94001,INÍRIDA,94001966,LAGUNA COLORADA ALTA(INÍRIDA - GUAINÍA),2025,10,8.572,402.0,60.0,jueves,2025 Oct 30 07:45:00 PM,24.0
94,GUAINÍA,94343,BARRANCO MINAS,94343900,CARPINTERO(BARRANCO MINAS - GUAINÍA),2025,10,2.461,1.278,60.0,sábado,2025 Oct 25 06:00:00 PM,21.0
95,GUAVIARE,95001,SAN JOSÉ DEL GUAVIARE,95001012,CACHICAMO(SAN JOSÉ DEL GUAVIARE - GUAVIARE),2025,10,11.992,5.263,60.0,sábado,2025 Oct 25 06:45:00 PM,24.0
95,GUAVIARE,95200,MIRAFLORES,95200000,MIRAFLORES(MIRAFLORES - GUAVIARE),2025,10,131.363,17.272,60.0,lunes,2025 Oct 27 05:45:00 PM,24.0
97,VAUPÉS,97001,MITÚ,97001000,MITÚ(MITÚ - VAUPÉS),2025,10,10.326,353.416,60.0,lunes,2025 Oct 06 12:30:00 PM,24.0
97,VAUPÉS,97161,CARURÚ,97161000,CARURÚ(CARURÚ - VAUPÉS),2025,10,42.909,8.069,60.0,martes,2025 Oct 21 02:30:00 PM,24.0
97,VAUPÉS,97666,TARAIRA,97666000,TARAIRA(TARAIRA - VAUPÉS),2025,10,52.529,13.454,60.0,lunes,2025 Oct 27 12:00:00 PM,24.0
99,VICHADA,99001,PUERTO CARREÑO,99001000,PUERTO CARREÑO(PUERTO CARREÑO - VICHADA),2025,10,10.326,712.956,60.0,miércoles,2025 Oct 01 01:30:00 PM,24.0
99,VICHADA,99001,PUERTO CARREÑO,99001002,CASUARITO(PUERTO CARREÑO - VICHADA),2025,10,11.301,5.544,60.0,miércoles,2025 Oct 29 05:00:00 PM,24.0
99,VICHADA,99773,CUMARIBO,99773000,CUMARIBO(CUMARIBO - VICHADA),2025,10,415.422,138.942,60.0,miércoles,2025 Oct 15 01:45:00 PM,24.0
5,ANTIOQUIA,5873,VIGÍA DEL FUERTE,5873001,SAN ANTONIO DE PADUA(VIGÍA DEL FUERTE - ANTIOQUIA),2025,11,454.0,0.0,60.0,jueves,2025 Nov 27 08:15:00 PM,24.0
5,ANTIOQUIA,5873,VIGÍA DEL FUERTE,5873005,SAN MIGUEL(VIGÍA DEL FUERTE - ANTIOQUIA),2025,11,0.0,327.0,60.0,Sin Registro,Sin Registro,0.0
5,ANTIOQUIA,5873,VIGÍA DEL FUERTE,5873013,LOMA MURRI(VIGÍA DEL FUERTE - ANTIOQUIA),2025,11,4.345,1.997,60.0,sábado,2025 Nov 08 07:15:00 PM,24.0
5,ANTIOQUIA,5873,VIGÍA DEL FUERTE,5873910,PUERTO MEDELLÍN(VIGÍA DEL FUERTE - ANTIOQUIA),2025,11,530.0,212.0,60.0,martes,2025 Nov 11 06:15:00 PM,24.0
13,BOLÍVAR,13001,CARTAGENA DE INDIAS,13001017,SANTA CRUZ DEL ISLOTE(CARTAGENA DE INDIAS - BOLÍVAR),2025,11,1.528,502.0,60.0,jueves,2025 Nov 27 10:15:00 PM,24.0
13,BOLÍVAR,13001,CARTAGENA DE INDIAS,13001037,ISLA MUCURA(CARTAGENA DE INDIAS - BOLÍVAR),2025,11,6.347,2.435,60.0,sábado,2025 Nov 22 10:30:00 PM,24.0
18,CAQUETÁ,18150,CARTAGENA DEL CHAIRA,18150001,REMOLINO DEL CAGUAN(CARTAGENA DEL CHAIRA - CAQUETÁ),2025,11,13.352,4.066,60.0,sábado,2025 Nov 08 07:15:00 PM,24.0
18,CAQUETÁ,18150,CARTAGENA DEL CHAIRA,18150002,SANTA FE DEL CAGUAN(CARTAGENA DEL CHAIRA - CAQUETÁ),2025,11,191.0,66.0,60.0,domingo,2025 Nov 30 07:15:00 PM,24.0
18,CAQUETÁ,18753,SAN VICENTE DEL CAGUÁN,18753012,SANTA ROSA(SAN VICENTE DEL CAGUÁN - CAQUETÁ),2025,11,0.0,0.0,60.0,Sin Registro,Sin Registro,0.0
18,CAQUETÁ,18753,SAN VICENTE DEL CAGUÁN,18753033,VILLA LOBOS(SAN VICENTE DEL CAGUÁN - CAQUETÁ),2025,11,1.618,465.0,60.0,lunes,2025 Nov 17 06:15:00 PM,24.0
19,CAUCA,19318,GUAPI,19318008,LIMONES(GUAPI - CAUCA),2025,11,9.07,4.653,60.0,domingo,2025 Nov 16 07:00:00 PM,24.0
19,CAUCA,19318,GUAPI,19318013,SAN ANTONIO DE GUAJUI(GUAPI - CAUCA),2025,11,11.324,5.863,60.0,miércoles,2025 Nov 05 07:30:00 PM,24.0
19,CAUCA,19418,LÓPEZ DE MICAY,19418009,NOANAMITO(LÓPEZ DE MICAY - CAUCA),2025,11,7.594,4.303,48.0,jueves,2025 Nov 27 06:45:00 PM,24.0
19,CAUCA,19418,LÓPEZ DE MICAY,19418033,BOCA GRANDE(LÓPEZ DE MICAY - CAUCA),2025,11,0.0,0.0,60.0,Sin Registro,Sin Registro,0.0
19,CAUCA,19809,TIMBIQUÍ,19809003,COTEJE(TIMBIQUÍ - CAUCA),2025,11,6.091,4.007,60.0,domingo,2025 Nov 02 07:30:00 PM,24.0
19,CAUCA,19809,TIMBIQUÍ,19809007,SAN JOSE(TIMBIQUÍ - CAUCA),2025,11,6.993,4.414,60.0,miércoles,2025 Nov 19 06:45:00 PM,24.0
19,CAUCA,19809,TIMBIQUÍ,19809010,COMUNIDAD DE CHETE(TIMBIQUÍ - CAUCA),2025,11,5.194,1.87,60.0,sábado,2025 Nov 01 07:00:00 PM,24.0
19,CAUCA,19809,TIMBIQUÍ,19809014,CHACON(TIMBIQUÍ - CAUCA),2025,11,1.907,286.0,60.0,viernes,2025 Nov 07 06:15:00 PM,24.0
27,CHOCÓ,27001,QUIBDÓ,27001029,TAGACHI(QUIBDÓ - CHOCÓ),2025,11,7.275,3.597,60.0,sábado,2025 Nov 08 06:30:00 PM,24.0
27,CHOCÓ,27006,ACANDÍ,27006000,ACANDÍ(ACANDÍ - CHOCÓ),2025,11,605.065,162.389,60.0,sábado,2025 Nov 08 07:00:00 PM,24.0
27,CHOCÓ,27006,ACANDÍ,27006007,SAN FRANCISCO(ACANDÍ - CHOCÓ),2025,11,25.121,10.07,60.0,sábado,2025 Nov 22 07:30:00 PM,24.0
27,CHOCÓ,27025,ALTO BAUDO,27025000,CIUDAD BAUDO - PIE DE PATO(ALTO BAUDO - CHOCÓ),2025,11,55.555,17.286,60.0,sábado,2025 Nov 15 11:45:00 AM,24.0
27,CHOCÓ,27025,ALTO BAUDO,27025033,MIACORA(ALTO BAUDO - CHOCÓ),2025,11,207.0,8.0,60.0,martes,2025 Nov 18 06:15:00 PM,24.0
27,CHOCÓ,27025,ALTO BAUDO,27025035,PUERTO ALEGRE(ALTO BAUDO - CHOCÓ),2025,11,757.0,258.0,60.0,sábado,2025 Nov 08 07:30:00 PM,24.0
27,CHOCÓ,27025,ALTO BAUDO,27025937,VILLA CECILIA(ALTO BAUDO - CHOCÓ),2025,11,398.0,144.0,60.0,jueves,2025 Nov 27 12:45:00 PM,24.0
27,CHOCÓ,27075,BAHÍA SOLANO,27075000,CIUDAD MUTIS(BAHÍA SOLANO - CHOCÓ),2025,11,753.202,221.483,60.0,sábado,2025 Nov 01 06:45:00 PM,24.0
27,CHOCÓ,27075,BAHÍA SOLANO,27075001,CUPICA(BAHÍA SOLANO - CHOCÓ),2025,11,56.531,18.057,60.0,martes,2025 Nov 18 06:45:00 PM,24.0
27,CHOCÓ,27077,BAJO BAUDÓ,27077000,PIZARRO(BAJO BAUDÓ - CHOCÓ),2025,11,198.366,68.113,60.0,martes,2025 Nov 25 12:00:00 PM,24.0
27,CHOCÓ,27077,BAJO BAUDÓ,27077002,BELEN DE DOCAMPADO(BAJO BAUDÓ - CHOCÓ),2025,11,7.938,2.396,60.0,lunes,2025 Nov 10 07:15:00 PM,24.0
27,CHOCÓ,27077,BAJO BAUDÓ,27077011,PILIZA - BELLAVISTA - VILLA LUZ(BAJO BAUDÓ - CHOCÓ),2025,11,3.074,487.0,60.0,sábado,2025 Nov 01 06:30:00 PM,24.0
27,CHOCÓ,27077,BAJO BAUDÓ,27077019,VIRUDO(BAJO BAUDÓ - CHOCÓ),2025,11,6.332,2.717,60.0,domingo,2025 Nov 16 11:45:00 AM,24.0
27,CHOCÓ,27077,BAJO BAUDÓ,27077026,GUINEAL(BAJO BAUDÓ - CHOCÓ),2025,11,3.326,4.197,60.0,sábado,2025 Nov 22 11:30:00 AM,24.0
27,CHOCÓ,27077,BAJO BAUDÓ,27077905,BUENAVISTA(BAJO BAUDÓ - CHOCÓ),2025,11,4.282,1.735,60.0,jueves,2025 Nov 06 06:45:00 PM,24.0
27,CHOCÓ,27077,BAJO BAUDÓ,27077916,TERRON(BAJO BAUDÓ - CHOCÓ),2025,11,0.0,0.0,60.0,Sin Registro,Sin Registro,0.0
27,CHOCÓ,27099,BOJAYÁ,27099000,BELLAVISTA(BOJAYÁ - CHOCÓ),2025,11,52.7,16.315,60.0,sábado,2025 Nov 08 07:30:00 PM,24.0
27,CHOCÓ,27099,BOJAYÁ,27099002,LA LOMA DE BOJAYA(BOJAYÁ - CHOCÓ),2025,11,9.68,4.497,60.0,miércoles,2025 Nov 12 06:45:00 PM,24.0
27,CHOCÓ,27099,BOJAYÁ,27099005,NAPIPI(BOJAYÁ - CHOCÓ),2025,11,12.881,4.556,60.0,domingo,2025 Nov 16 04:00:00 PM,24.0
27,CHOCÓ,27099,BOJAYÁ,27099012,POGUE(BOJAYÁ - CHOCÓ),2025,11,3.941,1.909,60.0,miércoles,2025 Nov 12 04:15:00 PM,24.0
27,CHOCÓ,27099,BOJAYÁ,27099030,PIEDRA CANDELA(BOJAYÁ - CHOCÓ),2025,11,5.827,2.872,60.0,martes,2025 Nov 18 07:15:00 PM,24.0
27,CHOCÓ,27250,EL LITORAL DEL SAN JUAN,27250000,SANTA GENOVEVA DE DOCORDO(EL LITORAL DEL SAN JUAN - CHOCÓ),2025,11,69.762,32.153,60.0,lunes,2025 Nov 24 10:30:00 AM,24.0
27,CHOCÓ,27250,EL LITORAL DEL SAN JUAN,27250023,PAPAYO(EL LITORAL DEL SAN JUAN - CHOCÓ),2025,11,1.661,369.0,60.0,sábado,2025 Nov 29 06:30:00 PM,24.0
27,CHOCÓ,27361,ISTMINA,27361021,PANAMACITO(ISTMINA - CHOCÓ),2025,11,1.519,547.0,60.0,viernes,2025 Nov 21 02:45:00 PM,24.0
27,CHOCÓ,27372,JURADO,27372901,SANTA TERESITA(JURADO - CHOCÓ),2025,11,2.111,131.0,60.0,domingo,2025 Nov 09 06:45:00 PM,24.0
27,CHOCÓ,27372,JURADO,27372902,BUENAVISTA(JURADO - CHOCÓ),2025,11,2.107,377.0,60.0,lunes,2025 Nov 10 10:45:00 AM,24.0
27,CHOCÓ,27372,JURADO,27372905,DICHARDI(JURADO - CHOCÓ),2025,11,1.356,890.0,60.0,lunes,2025 Nov 17 11:30:00 AM,24.0
27,CHOCÓ,27372,JURADO,27372907,EYASAKE(JURADO - CHOCÓ),2025,11,4.184,1.593,60.0,sábado,2025 Nov 08 07:30:00 PM,24.0
27,CHOCÓ,27425,MEDIO ATRATO,27425000,BETE(MEDIO ATRATO - CHOCÓ),2025,11,16.243,7.943,64.0,martes,2025 Nov 04 07:00:00 PM,24.0
27,CHOCÓ,27425,MEDIO ATRATO,27425008,SAN ROQUE(MEDIO ATRATO - CHOCÓ),2025,11,2.625,1.351,60.0,lunes,2025 Nov 03 07:00:00 PM,24.0
27,CHOCÓ,27491,NOVITA,27491004,JUNTAS DE TAMANA(NOVITA - CHOCÓ),2025,11,1.693,486.0,60.0,lunes,2025 Nov 03 07:45:00 PM,24.0
27,CHOCÓ,27495,NUQUÍ,27495000,NUQUÍ(NUQUÍ - CHOCÓ),2025,11,293.149,87.268,60.0,viernes,2025 Nov 07 07:30:00 PM,24.0
27,CHOCÓ,27495,NUQUÍ,27495001,ARUSI(NUQUÍ - CHOCÓ),2025,11,30.675,5.927,60.0,viernes,2025 Nov 07 06:45:00 PM,24.0
27,CHOCÓ,27495,NUQUÍ,27495003,JURUBIRA(NUQUÍ - CHOCÓ),2025,11,23.4,8.272,60.0,viernes,2025 Nov 21 07:45:00 PM,24.0
27,CHOCÓ,27495,NUQUÍ,27495008,JOVI(NUQUÍ - CHOCÓ),2025,11,7.774,2.972,60.0,jueves,2025 Nov 06 02:00:00 PM,24.0
27,CHOCÓ,27495,NUQUÍ,27495011,COMUNIDAD DE PUERTO JAGUA(NUQUÍ - CHOCÓ),2025,11,1.273,465.0,60.0,domingo,2025 Nov 23 06:30:00 PM,24.0
27,CHOCÓ,27495,NUQUÍ,27495012,COMUNIDAD INDIG. PUERTO INDIO(NUQUÍ - CHOCÓ),2025,11,2.855,1.742,60.0,martes,2025 Nov 18 06:30:00 PM,24.0
27,CHOCÓ,27495,NUQUÍ,27495910,COMUNIDAD INDIG. DE RIO NUQUÍ(NUQUÍ - CHOCÓ),2025,11,782.0,194.0,60.0,viernes,2025 Nov 28 09:00:00 PM,24.0
27,CHOCÓ,27495,NUQUÍ,27495912,COMUNIDAD INDÍGENA DE PANGUI - EL YUCAL(NUQUÍ - CHOCÓ),2025,11,7.71,2.071,60.0,martes,2025 Nov 11 12:15:00 PM,24.0
27,CHOCÓ,27615,RIOSUCIO,27615011,SAN JOSE TAMBORAL(RIOSUCIO - CHOCÓ),2025,11,11.0,3.0,60.0,lunes,2025 Nov 17 08:00:00 PM,24.0
27,CHOCÓ,27800,UNGUÍA,27800000,UNGUÍA(UNGUÍA - CHOCÓ),2025,11,480.483,142.322,60.0,viernes,2025 Nov 21 06:45:00 PM,24.0
27,CHOCÓ,27800,UNGUÍA,27800001,BALBOA(UNGUÍA - CHOCÓ),2025,11,32.184,10.188,60.0,domingo,2025 Nov 09 06:45:00 PM,24.0
27,CHOCÓ,27800,UNGUÍA,27800005,TITUMATE(UNGUÍA - CHOCÓ),2025,11,18.39,4.291,60.0,sábado,2025 Nov 01 06:45:00 PM,24.0
44,LA GUAJIRA,44847,URIBIA,44847012,NAZARETH(URIBIA - LA GUAJIRA),2025,11,33.934,7.288,60.0,domingo,2025 Nov 09 06:00:00 PM,24.0
47,MAGDALENA,47189,CIÉNAGA,47189018,PALMOR(CIÉNAGA - MAGDALENA),2025,11,84.128,31.409,60.0,domingo,2025 Nov 16 06:45:00 PM,24.0
50,META,50325,MAPIRIPAN,50325000,MAPIRIPAN(MAPIRIPAN - META),2025,11,214.91,63.666,60.0,martes,2025 Nov 18 06:15:00 PM,24.0
52,NARIÑO,52250,EL CHARCO,52250005,LAS MERCEDES(EL CHARCO - NARIÑO),2025,11,125.0,541.0,60.0,sábado,2025 Nov 15 06:15:00 PM,24.0
52,NARIÑO,52250,EL CHARCO,52250007,SAN JOSE DEL TAPAJE(EL CHARCO - NARIÑO),2025,11,0.0,0.0,60.0,Sin Registro,Sin Registro,0.0
52,NARIÑO,52250,EL CHARCO,52250016,ALTERON - URIBE URIBE(EL CHARCO - NARIÑO),2025,11,10.0,7.0,60.0,sábado,2025 Nov 29 01:45:00 PM,24.0
52,NARIÑO,52390,LA TOLA,52390003,LA VIGIA DE LA MAR(LA TOLA - NARIÑO),2025,11,6.524,3.239,60.0,jueves,2025 Nov 27 07:00:00 PM,24.0
52,NARIÑO,52390,LA TOLA,52390005,AGUACATAL(LA TOLA - NARIÑO),2025,11,3.065,1.081,14.0,sábado,2025 Nov 22 06:45:00 PM,24.0
52,NARIÑO,52390,LA TOLA,52390009,MULATOS(LA TOLA - NARIÑO),2025,11,4.603,2.197,60.0,sábado,2025 Nov 01 09:00:00 PM,24.0
52,NARIÑO,52390,LA TOLA,52390013,AMARALES(LA TOLA - NARIÑO),2025,11,1.257,453.0,60.0,miércoles,2025 Nov 05 07:00:00 PM,24.0
52,NARIÑO,52473,MOSQUERA,52473010,EL BAJITO DE ECHANDIA(MOSQUERA - NARIÑO),2025,11,3.081,1.061,60.0,sábado,2025 Nov 22 02:30:00 PM,24.0
52,NARIÑO,52621,ROBERTO PAYAN,52621912,TAMAJE(ROBERTO PAYAN - NARIÑO),2025,11,5.186,2.636,60.0,domingo,2025 Nov 16 07:30:00 PM,24.0
52,NARIÑO,52696,SANTA BÁRBARA,52696014,LA ENSENADA(SANTA BÁRBARA - NARIÑO),2025,11,3.048,2.585,60.0,jueves,2025 Nov 06 06:30:00 PM,24.0
52,NARIÑO,52835,SAN ANDRÉS DE TUMACO,52835016,PITAL DE LA COSTA(SAN ANDRÉS DE TUMACO - NARIÑO),2025,11,40.247,22.441,60.0,miércoles,2025 Nov 12 12:30:00 PM,24.0
52,NARIÑO,52835,SAN ANDRÉS DE TUMACO,52835055,BOCAS DE CURAY(SAN ANDRÉS DE TUMACO - NARIÑO),2025,11,8.402,2.785,60.0,jueves,2025 Nov 27 07:45:00 PM,24.0
52,NARIÑO,52835,SAN ANDRÉS DE TUMACO,52835217,SAN JUAN DE LA COSTA(SAN ANDRÉS DE TUMACO - NARIÑO),2025,11,2.987,987.0,60.0,miércoles,2025 Nov 26 06:45:00 PM,24.0
76,VALLE DEL CAUCA,76109,BUENAVENTURA,76109011,PASTICO(BUENAVENTURA - VALLE DEL CAUCA),2025,11,3.844,1.447,60.0,jueves,2025 Nov 20 07:00:00 PM,24.0
76,VALLE DEL CAUCA,76109,BUENAVENTURA,76109018,CONCEPCION(BUENAVENTURA - VALLE DEL CAUCA),2025,11,7.251,2.297,60.0,domingo,2025 Nov 02 08:45:00 PM,24.0
76,VALLE DEL CAUCA,76109,BUENAVENTURA,76109028,PUERTO MERIZALDE(BUENAVENTURA - VALLE DEL CAUCA),2025,11,107.49,35.9,60.0,lunes,2025 Nov 10 07:00:00 PM,24.0
76,VALLE DEL CAUCA,76109,BUENAVENTURA,76109032,SAN FRANCISCO NAYA(BUENAVENTURA - VALLE DEL CAUCA),2025,11,8.078,2.577,60.0,sábado,2025 Nov 15 12:15:00 PM,24.0
76,VALLE DEL CAUCA,76109,BUENAVENTURA,76109034,SAN ISIDRO - CALIMA(BUENAVENTURA - VALLE DEL CAUCA),2025,11,6.05,1.191,60.0,martes,2025 Nov 04 07:45:00 PM,24.0
76,VALLE DEL CAUCA,76109,BUENAVENTURA,76109038,SILVA(BUENAVENTURA - VALLE DEL CAUCA),2025,11,5.67,1.924,60.0,sábado,2025 Nov 15 08:45:00 AM,24.0
76,VALLE DEL CAUCA,76109,BUENAVENTURA,76109040,VENERAL(BUENAVENTURA - VALLE DEL CAUCA),2025,11,6.405,982.0,60.0,viernes,2025 Nov 14 11:15:00 AM,24.0
76,VALLE DEL CAUCA,76109,BUENAVENTURA,76109069,PAPAYAL 1(BUENAVENTURA - VALLE DEL CAUCA),2025,11,4.353,944.0,60.0,miércoles,2025 Nov 19 07:30:00 PM,24.0
76,VALLE DEL CAUCA,76109,BUENAVENTURA,76109081,PUNTA BONITA(BUENAVENTURA - VALLE DEL CAUCA),2025,11,5.63,1.731,60.0,viernes,2025 Nov 14 07:30:00 PM,24.0
76,VALLE DEL CAUCA,76109,BUENAVENTURA,76109105,PITAL(BUENAVENTURA - VALLE DEL CAUCA),2025,11,3.036,801.0,60.0,domingo,2025 Nov 02 07:15:00 PM,24.0
76,VALLE DEL CAUCA,76109,BUENAVENTURA,76109817,SANTA MARIA 1 NAYA(BUENAVENTURA - VALLE DEL CAUCA),2025,11,2.07,450.0,60.0,lunes,2025 Nov 03 07:00:00 PM,24.0
76,VALLE DEL CAUCA,76109,BUENAVENTURA,76109863,SAN ANTONIO (BUENAVENTURA - VALLE DEL CAUCA),2025,11,3.438,937.0,60.0,lunes,2025 Nov 17 01:30:00 PM,24.0
76,VALLE DEL CAUCA,76109,BUENAVENTURA,76109904,SAN ANTONIO (RIO CAJAMBRE)(BUENAVENTURA - VALLE DEL CAUCA),2025,11,5.16,1.657,60.0,miércoles,2025 Nov 19 12:00:00 PM,24.0
76,VALLE DEL CAUCA,76109,BUENAVENTURA,76109907,SAN PABLO( CAJAMBRE)(BUENAVENTURA - VALLE DEL CAUCA),2025,11,2.87,0.0,60.0,viernes,2025 Nov 28 03:00:00 PM,24.0
76,VALLE DEL CAUCA,76109,BUENAVENTURA,76109913,MAYORQUIN(BUENAVENTURA - VALLE DEL CAUCA),2025,11,3.939,1.161,60.0,lunes,2025 Nov 10 08:00:00 PM,24.0
76,VALLE DEL CAUCA,76109,BUENAVENTURA,76109930,GALVEZ(BUENAVENTURA - VALLE DEL CAUCA),2025,11,3.436,564.0,60.0,sábado,2025 Nov 01 06:00:00 PM,24.0
76,VALLE DEL CAUCA,76109,BUENAVENTURA,76109957,HUMANES MAR(BUENAVENTURA - VALLE DEL CAUCA),2025,11,8.064,1.807,60.0,sábado,2025 Nov 08 08:30:00 AM,24.0
86,PUTUMAYO,86573,PUERTO LEGUIZAMO,86573000,PUERTO LEGUIZAMO(PUERTO LEGUIZAMO - PUTUMAYO),2025,11,802.031,231.355,60.0,miércoles,2025 Nov 26 09:00:00 PM,24.0
86,PUTUMAYO,86573,PUERTO LEGUIZAMO,86573009,PIÑUÑA NEGRO(PUERTO LEGUIZAMO - PUTUMAYO),2025,11,4.657,2.187,60.0,sábado,2025 Nov 01 09:45:00 PM,24.0
88,ARCHIPIÉLAGO DE SAN ANDRÉS y PROVIDENCIA,88001,SAN ANDRÉS,88001000,SAN ANDRÉS(SAN ANDRÉS - ARCHIPIÉLAGO DE SAN ANDRÉS y PROVIDENCIA ),2025,11,10.326,8.475,60.0,viernes,2025 Nov 21 03:45:00 PM,24.0
88,ARCHIPIÉLAGO DE SAN ANDRÉS y PROVIDENCIA,88564,PROVIDENCIA,88564000,PROVIDENCIA(PROVIDENCIA - ARCHIPIÉLAGO DE SAN ANDRÉS y PROVIDENCIA ),2025,11,10.326,233.748,60.0,jueves,2025 Nov 20 02:15:00 PM,24.0
91,AMAZONAS,91001,LETICIA,91001000,LETICIA(LETICIA - AMAZONAS),2025,11,10.326,955.585,60.0,martes,2025 Nov 18 03:30:00 PM,24.0
91,AMAZONAS,91540,PUERTO NARIÑO,91540000,PUERTO NARIÑO(PUERTO NARIÑO - AMAZONAS),2025,11,136.58,41.674,60.0,jueves,2025 Nov 20 02:15:00 PM,24.0
91,AMAZONAS,91798,TARAPACA (ANM),91798000,TARAPACA(TARAPACA (ANM) - AMAZONAS),2025,11,28.243,11.158,60.0,viernes,2025 Nov 14 02:00:00 PM,24.0
94,GUAINÍA,94001,INÍRIDA,94001000,INÍRIDA(INÍRIDA - GUAINÍA),2025,11,10.326,611.611,60.0,jueves,2025 Nov 27 02:45:00 PM,24.0
94,GUAINÍA,94001,INÍRIDA,94001905,CHORRO BOCON(INÍRIDA - GUAINÍA),2025,11,6.451,856.0,60.0,sábado,2025 Nov 15 07:00:00 PM,24.0
27,CHOCÓ,27425,MEDIO ATRATO,27425008,SAN ROQUE,2025,12,3.062,1.566,246.0,domingo,2025 Dec 06 07:30:00 PM,677.0
94,GUAINÍA,94001,INÍRIDA,94001916,VENADO(INÍRIDA - GUAINÍA),2025,11,3.236,717.0,60.0,viernes,2025 Nov 07 09:30:00 PM,24.0
94,GUAINÍA,94001,INÍRIDA,94001966,LAGUNA COLORADA ALTA(INÍRIDA - GUAINÍA),2025,11,9.24,452.0,60.0,martes,2025 Nov 11 07:30:00 PM,24.0
94,GUAINÍA,94343,BARRANCO MINAS,94343900,CARPINTERO(BARRANCO MINAS - GUAINÍA),2025,11,2.852,1.493,60.0,domingo,2025 Nov 23 06:00:00 PM,24.0
94,GUAINÍA,94343,BARRANCO MINAS,94343901,CHATARE(BARRANCO MINAS - GUAINÍA),2025,11,0.0,0.0,60.0,miércoles,2025 Nov 19 06:00:00 AM,0.0
95,GUAVIARE,95001,SAN JOSÉ DEL GUAVIARE,95001012,CACHICAMO(SAN JOSÉ DEL GUAVIARE - GUAVIARE),2025,11,11.804,5.106,60.0,sábado,2025 Nov 08 07:45:00 PM,24.0
95,GUAVIARE,95200,MIRAFLORES,95200000,MIRAFLORES(MIRAFLORES - GUAVIARE),2025,11,134.302,18.771,60.0,sábado,2025 Nov 22 06:15:00 PM,24.0
97,VAUPÉS,97001,MITÚ,97001000,MITÚ(MITÚ - VAUPÉS),2025,11,10.326,333.111,60.0,martes,2025 Nov 18 11:45:00 AM,24.0
97,VAUPÉS,97161,CARURÚ,97161000,CARURÚ(CARURÚ - VAUPÉS),2025,11,40.64,7.582,60.0,viernes,2025 Nov 07 06:45:00 PM,24.0
97,VAUPÉS,97666,TARAIRA,97666000,TARAIRA(TARAIRA - VAUPÉS),2025,11,49.902,12.875,60.0,martes,2025 Nov 04 12:30:00 PM,24.0
99,VICHADA,99001,PUERTO CARREÑO,99001000,PUERTO CARREÑO(PUERTO CARREÑO - VICHADA),2025,11,10.326,720.573,5.522,miércoles,2025 Nov 19 01:30:00 PM,24.0
99,VICHADA,99001,PUERTO CARREÑO,99001002,CASUARITO(PUERTO CARREÑO - VICHADA),2025,11,14.567,7.108,60.0,viernes,2025 Nov 21 04:30:00 PM,24.0
99,VICHADA,99773,CUMARIBO,99773000,CUMARIBO(CUMARIBO - VICHADA),2025,11,400.807,131.759,60.0,viernes,2025 Nov 21 01:30:00 PM,24.0
5,ANTIOQUIA,5873,VIGÍA DEL FUERTE,5873001,SAN ANTONIO DE PADUA,2025,12,4.392,0.0,3.968,lunes,2025 Dec 28 07:15:00 PM,545.0
5,ANTIOQUIA,5873,VIGÍA DEL FUERTE,5873001,SAN ANTONIO DE PADUA,2026,1,5.582,0.0,45.504,sábado,2026 Jan 09 07:15:00 PM,640.0
5,ANTIOQUIA,5873,VIGÍA DEL FUERTE,5873005,SAN MIGUEL,2025,12,1.016,525.0,186.624,miércoles,2025 Dec 30 08:15:00 PM,234.0
5,ANTIOQUIA,5873,VIGÍA DEL FUERTE,5873005,SAN MIGUEL,2026,1,2.045,929.0,184.448,viernes,2026 Jan 30 06:45:00 PM,485.0
88,ARCHIPIÉLAGO DE SAN ANDRÉS y PROVIDENCIA,88564,PROVIDENCIA,88564000,PROVIDENCIA,2025,12,10.326,240.074,60.0,viernes,2025 Dec 05 02:15:00 PM,2.4
88,ARCHIPIÉLAGO DE SAN ANDRÉS y PROVIDENCIA,88564,PROVIDENCIA,88564000,PROVIDENCIA,2026,1,10.326,234.829,60.0,jueves,2026 Jan 15 03:15:00 PM,2.4
88,ARCHIPIÉLAGO DE SAN ANDRÉS y PROVIDENCIA,88001,SAN ANDRÉS,88001000,SAN ANDRÉS,2025,12,10.326,8.475,60.0,viernes,2025 Dec 12 03:45:00 PM,2.4
88,ARCHIPIÉLAGO DE SAN ANDRÉS y PROVIDENCIA,88001,SAN ANDRÉS,88001000,SAN ANDRÉS,2026,1,10.326,8.475,60.0,martes,2026 Jan 20 04:00:00 PM,2.4
13,BOLÍVAR,13001,CARTAGENA DE INDIAS,13001037,ISLA MUCURA,2025,12,6.558,2.357,20.416,domingo,2025 Dec 13 10:15:00 PM,1.213
13,BOLÍVAR,13001,CARTAGENA DE INDIAS,13001037,ISLA MUCURA,2026,1,6.58,2.246,20.352,lunes,2026 Jan 04 11:30:00 PM,1.217
18,CAQUETÁ,18150,CARTAGENA DEL CHAIRA,18150001,REMOLINO DEL CAGUAN,2025,12,13.878,4.989,99.184,domingo,2025 Dec 06 07:15:00 PM,569.0
18,CAQUETÁ,18150,CARTAGENA DEL CHAIRA,18150001,REMOLINO DEL CAGUAN,2026,1,14.522,5.296,60.0,domingo,2026 Jan 24 07:00:00 PM,594.0
18,CAQUETÁ,18150,CARTAGENA DEL CHAIRA,18150002,SANTA FE DEL CAGUAN,2025,12,3.674,1.381,382.0,martes,2025 Dec 23 06:45:00 PM,433.0
18,CAQUETÁ,18150,CARTAGENA DEL CHAIRA,18150002,SANTA FE DEL CAGUAN,2026,1,2.707,1.02,372.0,sábado,2026 Jan 10 06:45:00 PM,315.0
18,CAQUETÁ,18753,SAN VICENTE DEL CAGUÁN,18753002,GUACAMAYAS,2025,12,10.738,3.685,33.216,jueves,2025 Dec 31 08:45:00 PM,1.777
18,CAQUETÁ,18753,SAN VICENTE DEL CAGUÁN,18753002,GUACAMAYAS,2026,1,10.433,2.795,30.432,viernes,2026 Jan 01 07:45:00 PM,1.744
18,CAQUETÁ,18753,SAN VICENTE DEL CAGUÁN,18753012,SANTA ROSA,2025,12,838.0,318.0,14.246,miércoles,2025 Dec 30 07:15:00 PM,248.0
18,CAQUETÁ,18753,SAN VICENTE DEL CAGUÁN,18753033,VILLA LOBOS,2025,12,2.887,930.0,507.148,domingo,2025 Dec 06 07:00:00 PM,297.0
18,CAQUETÁ,18753,SAN VICENTE DEL CAGUÁN,18753033,VILLA LOBOS,2026,1,724.0,240.0,53.782,domingo,2026 Jan 17 07:00:00 PM,57.0
19,CAUCA,19318,GUAPI,19318008,LIMONES,2025,12,8.65,4.314,527.112,jueves,2025 Dec 31 07:15:00 PM,776.0
19,CAUCA,19318,GUAPI,19318008,LIMONES,2026,1,7.791,3.73,473.904,domingo,2026 Jan 10 07:15:00 PM,667.0
19,CAUCA,19318,GUAPI,19318013,SAN ANTONIO DE GUAJUI,2025,12,9.557,4.918,641.276,jueves,2025 Dec 24 07:30:00 PM,606.0
19,CAUCA,19318,GUAPI,19318013,SAN ANTONIO DE GUAJUI,2026,1,7.679,3.836,67.342,jueves,2026 Jan 21 07:45:00 PM,471.0
19,CAUCA,19418,LÓPEZ DE MICAY,19418009,NOANAMITO,2025,12,8.552,4.843,44.0,martes,2025 Dec 02 06:45:00 PM,844.0
19,CAUCA,19418,LÓPEZ DE MICAY,19418009,NOANAMITO,2026,1,7.75,4.33,52.0,sábado,2026 Jan 02 07:15:00 PM,769.0
19,CAUCA,19809,TIMBIQUÍ,19809014,CHACON,2025,12,2.481,316.0,19.808,jueves,2025 Dec 24 07:30:00 PM,522.0
19,CAUCA,19809,TIMBIQUÍ,19809014,CHACON,2026,1,0.0,0.0,60.0,Sin Registro,Sin Registro,0.0
19,CAUCA,19809,TIMBIQUÍ,19809010,COMUNIDAD DE CHETE,2025,12,5.07,2.259,32.352,martes,2025 Dec 15 07:15:00 PM,627.0
19,CAUCA,19809,TIMBIQUÍ,19809010,COMUNIDAD DE CHETE,2026,1,4.862,2.512,33.632,domingo,2026 Jan 17 07:15:00 PM,587.0
19,CAUCA,19809,TIMBIQUÍ,19809003,COTEJE,2025,12,6.527,4.445,3.328,sábado,2025 Dec 19 08:00:00 PM,813.0
19,CAUCA,19809,TIMBIQUÍ,19809003,COTEJE,2026,1,6.018,4.013,296.0,martes,2026 Jan 19 07:30:00 PM,786.0
19,CAUCA,19809,TIMBIQUÍ,19809007,SAN JOSE,2025,12,8.113,4.521,43.896,jueves,2025 Dec 31 07:45:00 PM,811.0
19,CAUCA,19809,TIMBIQUÍ,19809007,SAN JOSE,2026,1,8.074,4.112,44.328,lunes,2026 Jan 04 07:00:00 PM,776.0
27,CHOCÓ,27006,ACANDÍ,27006000,ACANDÍ,2025,12,605.166,161.504,60.0,jueves,2025 Dec 31 07:00:00 PM,2.048
27,CHOCÓ,27006,ACANDÍ,27006000,ACANDÍ,2026,1,558.694,151.487,60.0,martes,2026 Jan 19 07:15:00 PM,2.037
27,CHOCÓ,27025,ALTO BAUDO,27025000,CIUDAD BAUDO - PIE DE PATO,2025,12,54.426,17.392,121.0,sábado,2025 Dec 06 12:00:00 PM,2.388
27,CHOCÓ,27025,ALTO BAUDO,27025000,CIUDAD BAUDO - PIE DE PATO,2026,1,53.771,16.773,122.672,martes,2026 Jan 20 12:15:00 PM,2.348
27,CHOCÓ,27025,ALTO BAUDO,27025033,MIACORA,2025,12,149.0,6.0,33.632,lunes,2025 Dec 28 07:00:00 PM,146.0
27,CHOCÓ,27025,ALTO BAUDO,27025035,PUERTO ALEGRE,2025,12,1.237,442.0,59.196,miércoles,2025 Dec 31 12:00:00 PM,935.0
27,CHOCÓ,27025,ALTO BAUDO,27025035,PUERTO ALEGRE,2026,1,1.346,452.0,57.212,sábado,2026 Jan 09 07:30:00 PM,952.0
27,CHOCÓ,27025,ALTO BAUDO,27025937,VILLA CECILIA,2025,12,540.0,212.0,33.804,sábado,2025 Dec 06 09:30:00 AM,1.067
27,CHOCÓ,27025,ALTO BAUDO,27025937,VILLA CECILIA,2026,1,497.0,170.0,34.664,jueves,2026 Jan 08 12:30:00 PM,1.044
27,CHOCÓ,27075,BAHÍA SOLANO,27075001,CUPICA,2025,12,64.834,20.724,60.0,jueves,2025 Dec 31 07:30:00 PM,2.173
27,CHOCÓ,27075,BAHÍA SOLANO,27075001,CUPICA,2026,1,75.297,19.333,60.0,viernes,2026 Jan 29 08:15:00 PM,2.39
27,CHOCÓ,27077,BAJO BAUDÓ,27077002,BELEN DE DOCAMPADO,2025,12,9.639,2.877,419.068,lunes,2025 Dec 22 06:15:00 PM,1.049
27,CHOCÓ,27077,BAJO BAUDÓ,27077002,BELEN DE DOCAMPADO,2026,1,8.259,1.781,377.732,viernes,2026 Jan 02 12:45:00 PM,959.0
27,CHOCÓ,27077,BAJO BAUDÓ,27077905,BUENAVISTA,2025,12,3.205,1.244,20.512,miércoles,2025 Dec 31 06:00:00 PM,692.0
27,CHOCÓ,27077,BAJO BAUDÓ,27077905,BUENAVISTA,2026,1,3.957,1.47,21.344,miércoles,2026 Jan 28 06:00:00 PM,825.0
27,CHOCÓ,27077,BAJO BAUDÓ,27077029,FIRME DE USARGA,2025,12,797.0,437.0,852.0,lunes,2025 Dec 15 06:45:00 PM,486.0
27,CHOCÓ,27077,BAJO BAUDÓ,27077029,FIRME DE USARGA,2026,1,1.158,452.0,70.288,domingo,2026 Jan 24 07:30:00 PM,753.0
27,CHOCÓ,27077,BAJO BAUDÓ,27077026,GUINEAL,2025,12,3.989,3.217,35.116,miércoles,2025 Dec 03 11:45:00 AM,823.0
27,CHOCÓ,27077,BAJO BAUDÓ,27077026,GUINEAL,2026,1,3.524,1.669,23.552,lunes,2026 Jan 19 06:30:00 PM,706.0
27,CHOCÓ,27077,BAJO BAUDÓ,27077011,PILIZA - BELLAVISTA - VILLA LUZ,2025,12,3.734,925.0,32.0,viernes,2025 Dec 26 06:45:00 PM,658.0
27,CHOCÓ,27077,BAJO BAUDÓ,27077011,PILIZA - BELLAVISTA - VILLA LUZ,2026,1,3.628,1.033,384.0,jueves,2026 Jan 08 06:45:00 PM,531.0
27,CHOCÓ,27077,BAJO BAUDÓ,27077000,PIZARRO,2025,12,242.586,83.096,451.968,jueves,2025 Dec 31 07:15:00 PM,2.343
27,CHOCÓ,27077,BAJO BAUDÓ,27077000,PIZARRO,2026,1,214.175,72.095,49.896,miércoles,2026 Jan 07 01:30:00 PM,1.937
27,CHOCÓ,27077,BAJO BAUDÓ,27077911,PLAYA NUEVA,2025,12,282.0,0.0,2.342,lunes,2025 Dec 29 01:45:00 PM,30.0
27,CHOCÓ,27077,BAJO BAUDÓ,27077911,PLAYA NUEVA,2026,1,401.0,0.0,3.164,lunes,2026 Jan 19 01:45:00 PM,339.0
27,CHOCÓ,27077,BAJO BAUDÓ,27077924,PUERTO SAMARIA,2025,12,0.0,0.0,60.0,Sin Registro,Sin Registro,0.0
27,CHOCÓ,27077,BAJO BAUDÓ,27077924,PUERTO SAMARIA,2026,1,0.0,0.0,60.0,Sin Registro,Sin Registro,0.0
27,CHOCÓ,27077,BAJO BAUDÓ,27077916,TERRON,2025,12,1.0,0.0,2.716,miércoles,2025 Dec 24 11:00:00 AM,0.0
27,CHOCÓ,27077,BAJO BAUDÓ,27077916,TERRON,2026,1,9.0,0.0,41.368,domingo,2026 Jan 03 09:15:00 PM,3.0
27,CHOCÓ,27077,BAJO BAUDÓ,27077019,VIRUDO,2025,12,7.252,3.035,350.712,martes,2025 Dec 30 06:45:00 PM,965.0
27,CHOCÓ,27077,BAJO BAUDÓ,27077019,VIRUDO,2026,1,5.941,2.357,381.816,lunes,2026 Jan 04 08:00:00 PM,714.0
27,CHOCÓ,27099,BOJAYÁ,27099000,BELLAVISTA,2025,12,66.003,21.92,31.303,sábado,2025 Dec 19 07:00:00 PM,989.0
27,CHOCÓ,27099,BOJAYÁ,27099000,BELLAVISTA,2026,1,87.096,32.192,318.142,jueves,2026 Jan 28 08:30:00 PM,1.181
27,CHOCÓ,27099,BOJAYÁ,27099002,LA LOMA DE BOJAYA,2025,12,14.129,6.943,64.504,lunes,2025 Dec 01 06:45:00 PM,941.0
27,CHOCÓ,27099,BOJAYÁ,27099002,LA LOMA DE BOJAYA,2026,1,10.409,4.68,70.904,viernes,2026 Jan 08 07:00:00 PM,696.0
27,CHOCÓ,27099,BOJAYÁ,27099005,NAPIPI,2025,12,13.208,5.439,576.0,martes,2025 Dec 30 04:00:00 PM,950.0
27,CHOCÓ,27099,BOJAYÁ,27099005,NAPIPI,2026,1,13.857,6.062,544.0,jueves,2026 Jan 01 02:15:00 AM,960.0
27,CHOCÓ,27099,BOJAYÁ,27099030,PIEDRA CANDELA,2025,12,7.615,3.857,556.244,martes,2025 Dec 29 08:45:00 PM,881.0
27,CHOCÓ,27099,BOJAYÁ,27099030,PIEDRA CANDELA,2026,1,6.598,3.195,3.746,sábado,2026 Jan 30 07:15:00 PM,736.0
27,CHOCÓ,27099,BOJAYÁ,27099012,POGUE,2025,12,4.738,2.396,216.808,jueves,2025 Dec 31 07:30:00 PM,941.0
27,CHOCÓ,27099,BOJAYÁ,27099012,POGUE,2026,1,4.753,2.288,230.432,jueves,2026 Jan 29 01:45:00 PM,927.0
27,CHOCÓ,27250,EL LITORAL DEL SAN JUAN,27250023,PAPAYO,2025,12,3.822,804.0,193.404,miércoles,2025 Dec 31 06:45:00 PM,827.0
27,CHOCÓ,27250,EL LITORAL DEL SAN JUAN,27250023,PAPAYO,2026,1,2.981,653.0,255.388,martes,2026 Jan 27 06:45:00 PM,512.0
27,CHOCÓ,27250,EL LITORAL DEL SAN JUAN,27250000,SANTA GENOVEVA DE DOCORDO,2025,12,78.925,35.873,246.972,jueves,2025 Dec 17 07:30:00 PM,1.331
27,CHOCÓ,27250,EL LITORAL DEL SAN JUAN,27250000,SANTA GENOVEVA DE DOCORDO,2026,1,62.056,27.117,297.792,miércoles,2026 Jan 21 06:45:00 PM,971.0
27,CHOCÓ,27361,ISTMINA,27361021,PANAMACITO,2025,12,1.637,629.0,98.824,viernes,2025 Dec 05 05:15:00 PM,783.0
27,CHOCÓ,27361,ISTMINA,27361021,PANAMACITO,2026,1,1.665,607.0,104.988,miércoles,2026 Jan 28 04:00:00 PM,778.0
27,CHOCÓ,27372,JURADO,27372902,BUENAVISTA,2025,12,2.175,515.0,138.048,lunes,2025 Dec 01 12:15:00 PM,1.381
27,CHOCÓ,27372,JURADO,27372902,BUENAVISTA,2026,1,2.234,568.0,132.384,lunes,2026 Jan 05 11:30:00 AM,1.481
27,CHOCÓ,27372,JURADO,27372905,DICHARDI,2025,12,1.426,814.0,67.196,viernes,2025 Dec 26 11:15:00 AM,1.202
27,CHOCÓ,27372,JURADO,27372905,DICHARDI,2026,1,1.079,543.0,63.624,domingo,2026 Jan 04 11:30:00 AM,985.0
27,CHOCÓ,27372,JURADO,27372907,EYASAKE,2025,12,4.039,1.616,20.188,miércoles,2025 Dec 31 11:15:00 AM,874.0
27,CHOCÓ,27372,JURADO,27372907,EYASAKE,2026,1,2.031,448.0,14.632,sábado,2026 Jan 16 07:15:00 PM,703.0
27,CHOCÓ,27425,MEDIO ATRATO,27425008,SAN ROQUE,2026,1,2.937,1.392,25.392,sábado,2026 Jan 02 07:30:00 PM,576.0
27,CHOCÓ,27491,NOVITA,27491004,JUNTAS DE TAMANA,2025,12,1.472,626.0,153.884,jueves,2025 Dec 31 07:45:00 PM,449.0
27,CHOCÓ,27491,NOVITA,27491004,JUNTAS DE TAMANA,2026,1,1.928,675.0,195.284,jueves,2026 Jan 07 07:15:00 PM,485.0
27,CHOCÓ,27495,NUQUÍ,27495001,ARUSI,2025,12,31.994,6.505,792.0,jueves,2025 Dec 31 08:15:00 PM,2.4
27,CHOCÓ,27495,NUQUÍ,27495001,ARUSI,2026,1,32.288,6.622,768.0,domingo,2026 Jan 17 07:30:00 PM,2.383
27,CHOCÓ,27495,NUQUÍ,27495011,COMUNIDAD DE PUERTO JAGUA,2025,12,1.317,519.0,6.264,miércoles,2025 Dec 30 08:45:00 PM,910.0
27,CHOCÓ,27495,NUQUÍ,27495011,COMUNIDAD DE PUERTO JAGUA,2026,1,1.611,647.0,5.976,miércoles,2026 Jan 13 07:00:00 PM,1.148
27,CHOCÓ,27495,NUQUÍ,27495910,COMUNIDAD INDIG. DE RIO NUQUÍ,2025,12,1.001,290.0,53.596,viernes,2025 Dec 25 07:45:00 PM,945.0
27,CHOCÓ,27495,NUQUÍ,27495910,COMUNIDAD INDIG. DE RIO NUQUÍ,2026,1,832.0,197.0,50.696,viernes,2026 Jan 01 07:30:00 PM,837.0
27,CHOCÓ,27495,NUQUÍ,27495012,COMUNIDAD INDIG. PUERTO INDIO,2025,12,2.95,1.586,78.632,lunes,2025 Dec 01 01:15:00 PM,1.591
27,CHOCÓ,27495,NUQUÍ,27495012,COMUNIDAD INDIG. PUERTO INDIO,2026,1,2.729,1.426,798.0,martes,2026 Jan 13 06:45:00 PM,1.611
27,CHOCÓ,27495,NUQUÍ,27495912,COMUNIDAD INDÍGENA DE PANGUI - EL YUCAL,2025,12,6.904,2.124,12.144,miércoles,2025 Dec 10 05:30:00 PM,2.093
27,CHOCÓ,27495,NUQUÍ,27495912,COMUNIDAD INDÍGENA DE PANGUI - EL YUCAL,2026,1,7.377,2.257,11.656,viernes,2026 Jan 23 01:30:00 PM,2.232
27,CHOCÓ,27495,NUQUÍ,27495902,COMUNIDAD INDÍGENA LA LOMA,2025,12,840.0,296.0,33.856,sábado,2025 Dec 06 06:30:00 PM,1.307
27,CHOCÓ,27495,NUQUÍ,27495902,COMUNIDAD INDÍGENA LA LOMA,2026,1,882.0,281.0,32.632,viernes,2026 Jan 29 07:15:00 PM,921.0
27,CHOCÓ,27495,NUQUÍ,27495002,COQUI,2025,12,6.347,1.422,17.358,miércoles,2025 Dec 30 07:00:00 PM,2.38
27,CHOCÓ,27495,NUQUÍ,27495002,COQUI,2026,1,6.218,1.458,15.048,viernes,2026 Jan 02 06:45:00 PM,2.28
27,CHOCÓ,27495,NUQUÍ,27495008,JOVI,2025,12,10.825,3.929,250.404,domingo,2025 Dec 28 06:30:00 PM,2.205
27,CHOCÓ,27495,NUQUÍ,27495008,JOVI,2026,1,10.446,3.623,265.976,miércoles,2026 Jan 14 06:45:00 PM,1.938
27,CHOCÓ,27495,NUQUÍ,27495003,JURUBIRA,2025,12,18.612,6.802,56.572,jueves,2025 Dec 31 07:45:00 PM,1.879
27,CHOCÓ,27495,NUQUÍ,27495003,JURUBIRA,2026,1,24.583,8.636,523.808,viernes,2026 Jan 15 07:00:00 PM,2.371
27,CHOCÓ,27495,NUQUÍ,27495000,NUQUÍ,2025,12,314.75,93.952,589.248,miércoles,2025 Dec 30 08:00:00 PM,2.392
27,CHOCÓ,27495,NUQUÍ,27495000,NUQUÍ,2026,1,317.111,91.238,55.264,sábado,2026 Jan 09 07:30:00 PM,2.39
27,CHOCÓ,27001,QUIBDÓ,27001029,TAGACHI,2025,12,9.857,4.861,44.256,miércoles,2025 Dec 30 08:00:00 PM,1.076
27,CHOCÓ,27001,QUIBDÓ,27001029,TAGACHI,2026,1,11.485,5.248,4.692,viernes,2026 Jan 29 08:00:00 PM,1.114
27,CHOCÓ,27800,UNGUÍA,27800001,BALBOA,2025,12,33.173,10.719,963.576,jueves,2025 Dec 31 07:45:00 PM,1.627
27,CHOCÓ,27800,UNGUÍA,27800001,BALBOA,2026,1,30.879,9.534,843.856,domingo,2026 Jan 03 08:15:00 PM,1.605
27,CHOCÓ,27800,UNGUÍA,27800005,TITUMATE,2025,12,19.426,4.3,66.528,jueves,2025 Dec 24 08:45:00 PM,1.315
27,CHOCÓ,27800,UNGUÍA,27800005,TITUMATE,2026,1,17.332,3.9,65.912,domingo,2026 Jan 03 08:00:00 PM,1.11
27,CHOCÓ,27800,UNGUÍA,27800000,UNGUÍA,2025,12,481.57,142.77,60.0,sábado,2025 Dec 13 06:45:00 PM,2.206
27,CHOCÓ,27800,UNGUÍA,27800000,UNGUÍA,2026,1,460.398,136.429,908.688,viernes,2026 Jan 08 07:45:00 PM,2.247
94,GUAINÍA,94343,BARRANCO MINAS,94343000,BARRANCO MINAS,2026,1,109.817,24.279,244.672,miércoles,2026 Jan 27 07:00:00 PM,2.379
94,GUAINÍA,94343,BARRANCO MINAS,94343900,CARPINTERO,2025,12,2.911,1.685,79.468,martes,2025 Dec 30 06:45:00 PM,2.364
94,GUAINÍA,94343,BARRANCO MINAS,94343900,CARPINTERO,2026,1,2.74,1.478,81.832,miércoles,2026 Jan 21 06:30:00 PM,2.281
94,GUAINÍA,94343,BARRANCO MINAS,94343901,CHATARE,2025,12,312.0,18.0,46.456,miércoles,2025 Dec 30 07:30:00 PM,290.0
94,GUAINÍA,94343,BARRANCO MINAS,94343901,CHATARE,2026,1,414.0,15.0,46.644,viernes,2026 Jan 01 07:45:00 PM,384.0
94,GUAINÍA,94001,INÍRIDA,94001905,CHORRO BOCON,2025,12,6.477,782.0,210.692,miércoles,2025 Dec 24 06:15:00 PM,1.738
94,GUAINÍA,94001,INÍRIDA,94001905,CHORRO BOCON,2026,1,6.23,738.0,210.636,lunes,2026 Jan 04 07:00:00 PM,1.601
94,GUAINÍA,94001,INÍRIDA,94001000,INÍRIDA,2025,12,10.326,644.466,60.0,martes,2025 Dec 23 02:45:00 PM,2.4
94,GUAINÍA,94001,INÍRIDA,94001000,INÍRIDA,2026,1,10.326,587.323,60.0,martes,2026 Jan 27 03:30:00 PM,2.382
94,GUAINÍA,94001,INÍRIDA,94001966,LAGUNA COLORADA ALTA,2025,12,9.716,311.0,31.502,martes,2025 Dec 23 06:30:00 PM,1.645
94,GUAINÍA,94001,INÍRIDA,94001966,LAGUNA COLORADA ALTA,2026,1,8.924,168.0,301.236,viernes,2026 Jan 02 06:30:00 PM,1.535
94,GUAINÍA,94001,INÍRIDA,94001916,VENADO,2025,12,4.039,774.0,100.608,jueves,2025 Dec 24 08:45:00 PM,2.377
94,GUAINÍA,94001,INÍRIDA,94001916,VENADO,2026,1,3.408,693.0,102.364,sábado,2026 Jan 24 06:45:00 PM,2.352
95,GUAVIARE,95200,MIRAFLORES,95200000,MIRAFLORES,2025,12,134.362,18.974,256.128,miércoles,2025 Dec 03 06:15:00 PM,2.4
95,GUAVIARE,95200,MIRAFLORES,95200000,MIRAFLORES,2026,1,125.05,15.804,251.712,miércoles,2026 Jan 21 06:30:00 PM,2.4
95,GUAVIARE,95001,SAN JOSÉ DEL GUAVIARE,95001012,CACHICAMO,2025,12,14.074,6.085,566.836,miércoles,2025 Dec 23 09:15:00 PM,1.186
95,GUAVIARE,95001,SAN JOSÉ DEL GUAVIARE,95001012,CACHICAMO,2026,1,12.643,5.642,506.772,sábado,2026 Jan 02 07:15:00 PM,1.119
44,LA GUAJIRA,44847,URIBIA,44847003,CABO DE LA VELA,2025,12,0.0,0.0,60.0,Sin Registro,Sin Registro,0.0
44,LA GUAJIRA,44847,URIBIA,44847003,CABO DE LA VELA,2026,1,1.006,0.0,399.864,domingo,2026 Jan 31 07:00:00 PM,105.0
47,MAGDALENA,47189,CIÉNAGA,47189018,PALMOR,2025,12,110.803,41.138,207.616,martes,2025 Dec 09 06:15:00 PM,2.337
47,MAGDALENA,47189,CIÉNAGA,47189018,PALMOR,2026,1,101.561,32.741,21.248,domingo,2026 Jan 17 07:00:00 PM,2.295
50,META,50325,MAPIRIPAN,50325000,MAPIRIPAN,2025,12,231.265,71.228,43.032,sábado,2025 Dec 13 06:15:00 PM,2.397
50,META,50325,MAPIRIPAN,50325000,MAPIRIPAN,2026,1,216.611,66.806,41.536,miércoles,2026 Jan 27 07:15:00 PM,2.393
52,NARIÑO,52250,EL CHARCO,52250005,LAS MERCEDES,2025,12,565.0,1.634,10.432,jueves,2025 Dec 31 08:15:00 PM,236.0
52,NARIÑO,52250,EL CHARCO,52250005,LAS MERCEDES,2026,1,1.276,4.046,11.136,jueves,2026 Jan 14 08:15:00 PM,482.0
52,NARIÑO,52250,EL CHARCO,52250007,SAN JOSE DEL TAPAJE,2025,12,3.518,740.0,56.0,domingo,2025 Dec 27 08:30:00 PM,327.0
52,NARIÑO,52250,EL CHARCO,52250007,SAN JOSE DEL TAPAJE,2026,1,7.456,1.712,56.0,sábado,2026 Jan 02 07:30:00 PM,669.0
52,NARIÑO,52390,LA TOLA,52390005,AGUACATAL,2025,12,3.209,1.17,14.016,miércoles,2025 Dec 24 06:45:00 PM,969.0
52,NARIÑO,52390,LA TOLA,52390005,AGUACATAL,2026,1,2.798,991.0,14.288,martes,2026 Jan 05 07:00:00 PM,870.0
52,NARIÑO,52390,LA TOLA,52390013,AMARALES,2025,12,3.458,1.463,44.416,viernes,2025 Dec 18 07:30:00 PM,362.0
52,NARIÑO,52390,LA TOLA,52390013,AMARALES,2026,1,9.447,3.902,45.344,miércoles,2026 Jan 13 08:00:00 PM,951.0
52,NARIÑO,52390,LA TOLA,52390003,LA VIGIA DE LA MAR,2025,12,6.699,3.142,304.0,miércoles,2025 Dec 31 06:45:00 PM,1.023
52,NARIÑO,52390,LA TOLA,52390003,LA VIGIA DE LA MAR,2026,1,6.551,2.887,2.904,domingo,2026 Jan 10 07:00:00 PM,1.03
52,NARIÑO,52390,LA TOLA,52390009,MULATOS,2025,12,5.488,2.234,29.088,lunes,2025 Dec 08 06:45:00 PM,818.0
52,NARIÑO,52390,LA TOLA,52390009,MULATOS,2026,1,5.566,2.132,30.368,viernes,2026 Jan 30 06:15:00 PM,827.0
52,NARIÑO,52621,ROBERTO PAYAN,52621912,TAMAJE,2025,12,5.24,2.334,29.688,lunes,2025 Dec 29 05:30:00 PM,752.0
52,NARIÑO,52621,ROBERTO PAYAN,52621912,TAMAJE,2026,1,6.095,2.471,29.904,jueves,2026 Jan 29 04:15:00 PM,820.0
52,NARIÑO,52835,SAN ANDRÉS DE TUMACO,52835055,BOCAS DE CURAY,2025,12,8.411,2.801,528.0,jueves,2025 Dec 24 07:00:00 PM,685.0
52,NARIÑO,52835,SAN ANDRÉS DE TUMACO,52835055,BOCAS DE CURAY,2026,1,8.831,2.971,528.0,jueves,2026 Jan 07 07:00:00 PM,706.0
52,NARIÑO,52835,SAN ANDRÉS DE TUMACO,52835016,PITAL DE LA COSTA,2025,12,42.585,22.996,8.863,jueves,2025 Dec 31 07:30:00 PM,2.331
52,NARIÑO,52835,SAN ANDRÉS DE TUMACO,52835016,PITAL DE LA COSTA,2026,1,40.915,21.212,9.324,jueves,2026 Jan 28 07:30:00 PM,1.963
52,NARIÑO,52835,SAN ANDRÉS DE TUMACO,52835217,SAN JUAN DE LA COSTA,2025,12,18.049,6.125,91.664,miércoles,2025 Dec 09 07:45:00 PM,874.0
52,NARIÑO,52835,SAN ANDRÉS DE TUMACO,52835217,SAN JUAN DE LA COSTA,2026,1,8.017,2.723,86.944,lunes,2026 Jan 05 06:30:00 PM,394.0
52,NARIÑO,52696,SANTA BÁRBARA,52696014,LA ENSENADA,2025,12,2.926,2.122,22.432,miércoles,2025 Dec 16 07:00:00 PM,562.0
52,NARIÑO,52696,SANTA BÁRBARA,52696014,LA ENSENADA,2026,1,2.791,1.79,24.448,martes,2026 Jan 26 07:00:00 PM,498.0
86,PUTUMAYO,86573,PUERTO LEGUIZAMO,86573009,PIÑUÑA NEGRO,2025,12,4.529,2.093,352.0,martes,2025 Dec 22 07:30:00 PM,593.0
86,PUTUMAYO,86573,PUERTO LEGUIZAMO,86573009,PIÑUÑA NEGRO,2026,1,4.324,1.979,352.0,lunes,2026 Jan 05 06:45:00 PM,548.0
86,PUTUMAYO,86573,PUERTO LEGUIZAMO,86573000,PUERTO LEGUIZAMO,2025,12,10.326,253.334,60.0,lunes,2025 Dec 01 03:15:00 PM,2.4
86,PUTUMAYO,86573,PUERTO LEGUIZAMO,86573000,PUERTO LEGUIZAMO,2026,1,938.468,253.994,60.0,viernes,2026 Jan 23 03:45:00 PM,2.4
76,VALLE DEL CAUCA,76109,BUENAVENTURA,76109018,CONCEPCION,2025,12,9.22,2.475,648.0,jueves,2025 Dec 10 07:00:00 PM,688.0
76,VALLE DEL CAUCA,76109,BUENAVENTURA,76109018,CONCEPCION,2026,1,3.915,988.0,589.216,domingo,2026 Jan 31 07:00:00 PM,301.0
76,VALLE DEL CAUCA,76109,BUENAVENTURA,76109930,GALVEZ,2025,12,3.351,601.0,124.148,lunes,2025 Dec 29 10:45:00 AM,1.151
76,VALLE DEL CAUCA,76109,BUENAVENTURA,76109930,GALVEZ,2026,1,2.043,299.0,12.154,sábado,2026 Jan 30 07:30:00 PM,685.0
76,VALLE DEL CAUCA,76109,BUENAVENTURA,76109957,HUMANES MAR,2025,12,8.309,1.855,274.836,domingo,2025 Dec 21 09:15:00 AM,1.19
76,VALLE DEL CAUCA,76109,BUENAVENTURA,76109957,HUMANES MAR,2026,1,7.298,1.582,302.588,martes,2026 Jan 12 07:00:00 PM,1.026
76,VALLE DEL CAUCA,76109,BUENAVENTURA,76109913,MAYORQUIN,2025,12,4.123,1.353,287.528,lunes,2025 Dec 01 01:15:00 PM,979.0
76,VALLE DEL CAUCA,76109,BUENAVENTURA,76109913,MAYORQUIN,2026,1,3.296,969.0,276.704,miércoles,2026 Jan 20 07:30:00 PM,780.0
76,VALLE DEL CAUCA,76109,BUENAVENTURA,76109069,PAPAYAL 1,2025,12,4.789,1.039,184.952,jueves,2025 Dec 10 07:15:00 PM,1.123
76,VALLE DEL CAUCA,76109,BUENAVENTURA,76109069,PAPAYAL 1,2026,1,3.177,605.0,182.548,lunes,2026 Jan 11 07:00:00 PM,777.0
76,VALLE DEL CAUCA,76109,BUENAVENTURA,76109011,PASTICO,2025,12,3.719,1.454,166.472,sábado,2025 Dec 05 07:15:00 PM,944.0
76,VALLE DEL CAUCA,76109,BUENAVENTURA,76109011,PASTICO,2026,1,2.916,1.116,164.436,martes,2026 Jan 27 12:15:00 PM,703.0
76,VALLE DEL CAUCA,76109,BUENAVENTURA,76109105,PITAL,2025,12,3.008,821.0,145.088,domingo,2025 Dec 14 06:00:00 PM,837.0
76,VALLE DEL CAUCA,76109,BUENAVENTURA,76109105,PITAL,2026,1,1.547,432.0,141.688,jueves,2026 Jan 08 06:45:00 PM,426.0
76,VALLE DEL CAUCA,76109,BUENAVENTURA,76109028,PUERTO MERIZALDE,2025,12,110.435,42.87,22.616,viernes,2025 Dec 26 01:30:00 PM,2.252
76,VALLE DEL CAUCA,76109,BUENAVENTURA,76109028,PUERTO MERIZALDE,2026,1,113.438,38.965,228.272,sábado,2026 Jan 23 08:15:00 PM,2.328
76,VALLE DEL CAUCA,76109,BUENAVENTURA,76109081,PUNTA BONITA,2025,12,5.182,1.867,209.708,viernes,2025 Dec 19 02:15:00 PM,972.0
76,VALLE DEL CAUCA,76109,BUENAVENTURA,76109030,PUNTA SOLDADO,2025,12,3.548,1.475,284.408,miércoles,2025 Dec 30 09:00:00 PM,607.0
76,VALLE DEL CAUCA,76109,BUENAVENTURA,76109030,PUNTA SOLDADO,2026,1,2.661,894.0,29.542,domingo,2026 Jan 24 08:00:00 PM,393.0
76,VALLE DEL CAUCA,76109,BUENAVENTURA,76109032,SAN FRANCISCO NAYA,2025,12,7.273,2.424,36.512,jueves,2025 Dec 31 09:45:00 PM,859.0
76,VALLE DEL CAUCA,76109,BUENAVENTURA,76109032,SAN FRANCISCO NAYA,2026,1,5.932,2.034,36.0,miércoles,2026 Jan 20 07:45:00 PM,631.0
76,VALLE DEL CAUCA,76109,BUENAVENTURA,76109034,SAN ISIDRO - CALIMA,2025,12,7.21,1.537,306.696,miércoles,2025 Dec 31 06:30:00 PM,935.0
76,VALLE DEL CAUCA,76109,BUENAVENTURA,76109034,SAN ISIDRO - CALIMA,2026,1,7.046,1.634,45.546,jueves,2026 Jan 22 10:45:00 AM,893.0
76,VALLE DEL CAUCA,76109,BUENAVENTURA,76109907,SAN PABLO( CAJAMBRE),2025,12,2.668,0.0,200.668,miércoles,2025 Dec 03 05:45:00 PM,656.0
76,VALLE DEL CAUCA,76109,BUENAVENTURA,76109907,SAN PABLO( CAJAMBRE),2026,1,1.003,0.0,195.652,jueves,2026 Jan 29 04:00:00 PM,292.0
76,VALLE DEL CAUCA,76109,BUENAVENTURA,76109817,SANTA MARIA 1 NAYA,2025,12,1.72,354.0,122.328,sábado,2025 Dec 26 07:30:00 PM,544.0
76,VALLE DEL CAUCA,76109,BUENAVENTURA,76109817,SANTA MARIA 1 NAYA,2026,1,1.643,282.0,232.704,viernes,2026 Jan 08 07:45:00 PM,505.0
76,VALLE DEL CAUCA,76109,BUENAVENTURA,76109038,SILVA,2025,12,5.49,1.416,204.776,lunes,2025 Dec 28 07:30:00 PM,1.067
76,VALLE DEL CAUCA,76109,BUENAVENTURA,76109038,SILVA,2026,1,4.561,1.069,211.672,sábado,2026 Jan 10 06:30:00 PM,881.0
76,VALLE DEL CAUCA,76109,BUENAVENTURA,76109040,VENERAL,2025,12,9.207,886.0,358.992,domingo,2025 Dec 13 07:45:00 PM,1.024
76,VALLE DEL CAUCA,76109,BUENAVENTURA,76109040,VENERAL,2026,1,4.599,485.0,361.876,jueves,2026 Jan 07 07:30:00 PM,527.0
97,VAUPÉS,97161,CARURÚ,97161000,CARURÚ,2025,12,42.001,8.083,10.956,martes,2025 Dec 23 06:45:00 PM,1.713
97,VAUPÉS,97161,CARURÚ,97161000,CARURÚ,2026,1,37.933,6.314,99.616,miércoles,2026 Jan 21 04:30:00 PM,1.694
97,VAUPÉS,97001,MITÚ,97001000,MITÚ,2025,12,10.326,350.404,60.0,miércoles,2025 Dec 03 12:30:00 PM,2.4
97,VAUPÉS,97001,MITÚ,97001000,MITÚ,2026,1,10.326,303.046,60.0,lunes,2026 Jan 26 11:30:00 AM,2.323
97,VAUPÉS,97666,TARAIRA,97666000,TARAIRA,2025,12,41.722,11.023,153.472,viernes,2025 Dec 05 11:45:00 AM,1.156
97,VAUPÉS,97666,TARAIRA,97666000,TARAIRA,2026,1,47.588,12.029,14.784,lunes,2026 Jan 05 12:00:00 PM,1.41
99,VICHADA,99773,CUMARIBO,99773000,CUMARIBO,2025,12,425.095,140.699,82.754,miércoles,2025 Dec 03 05:45:00 PM,2.383
99,VICHADA,99773,CUMARIBO,99773000,CUMARIBO,2026,1,399.154,134.223,771.076,miércoles,2026 Jan 28 03:30:00 PM,2.4
99,VICHADA,99001,PUERTO CARREÑO,99001002,CASUARITO,2025,12,17.392,8.779,768.0,viernes,2025 Dec 25 08:30:00 PM,960.0
99,VICHADA,99001,PUERTO CARREÑO,99001002,CASUARITO,2026,1,14.401,6.824,8.342,sábado,2026 Jan 16 08:45:00 PM,755.0
99,VICHADA,99001,PUERTO CARREÑO,99001000,PUERTO CARREÑO,2025,12,10.326,748.801,60.0,martes,2025 Dec 02 01:45:00 PM,2.4
99,VICHADA,99001,PUERTO CARREÑO,99001000,PUERTO CARREÑO,2026,1,10.326,753.682,60.0,martes,2026 Jan 06 03:15:00 PM,2.4
